canonical_smiles,molecule_chembl_id,pIC50,mean_pIC50,n_measurements
C#CC(C)(C)c1cc(N=C(C)C)cc(C(=O)Nc2ccc(C)c(C(=O)Nc3cccnc3)c2)c1,CHEMBL475818,7.119186407719209,7.119186407719209,1
C#CC(C)(C)c1cccc(C(=O)Nc2ccc(C)c(Nc3ccc4ncn(C)c(=O)c4c3)c2)c1,CHEMBL4203441,7.646214911951032,7.646214911951032,2
C#Cc1c(Nc2c(F)ccc(NS(=O)(=O)CCC)c2Cl)ccc2ncn(C)c(=O)c12,CHEMBL5896210,8.033858267260968,8.033858267260968,2
C#Cc1cccc(N2C(=O)c3ccccc3C2(O)c2ccc3c(c2)NC(=O)CO3)c1,CHEMBL3983221,7.0,7.0,1
C#Cc1cccc(NC(=O)N[C@@H]2[C@H]3Oc4ccc(Oc5ccnc6c5CCC(=O)N6)cc4[C@@H]23)c1,CHEMBL5851239,5.721246399047171,5.721246399047171,1
C#Cc1cccc(Nc2nccc3c(Nc4ncccc4-c4cc(NC)ncn4)c(C)ccc23)c1,CHEMBL571278,7.7447274948966935,7.7447274948966935,1
C#Cc1cccc(Nc2ncnc3cc(OCCOC)c(OCCOC)cc23)c1,CHEMBL553,7.221848749616356,7.221848749616356,2
C/C(=N/Nc1nc2c(c(=O)[nH]c(=O)n2C)n1Cc1ccccc1)c1ccc([N+](=O)[O-])cc1,CHEMBL462473,5.337242168318426,5.337242168318426,1
C/C(=N/Nc1nc2c(c(=O)[nH]c(=O)n2C)n1Cc1ccccc1)c1ccccc1,CHEMBL459514,4.9446216686249995,4.9446216686249995,1
C/C(=N\O)c1ccc(NC(=O)c2cc(-c3ccc(S(C)(=O)=O)cc3)nc3ccccc23)cc1,CHEMBL5569987,6.853871964321762,6.853871964321762,1
C/C(Cl)=C/Cn1c(N/N=C(/C)c2ccc([N+](=O)[O-])cc2)nc2c1c(=O)[nH]c(=O)n2C,CHEMBL459935,4.760450279159527,4.760450279159527,1
C/C(Cl)=C\CSc1nc2c(c(=O)[nH]c(=O)n2C)n1CC(O)CCc1ccccc1,CHEMBL461421,5.425968732272281,5.425968732272281,1
C/C(Cl)=C\CSc1nc2c(c(=O)n(Cc3ccccc3)c(=O)n2C)n1Cc1ccccc1,CHEMBL460136,4.962175249411658,4.962175249411658,1
C=C(C)c1cc(-c2cc(NC(=O)c3cccc(C(F)(F)F)c3)ccc2C)nc(N2CCOCC2)n1,CHEMBL3959581,9.301029995663981,9.126172865486915,5
C=C(C)c1cc(N2CCOCC2)nc(-c2cc(NC(=O)c3cccc(C(F)(F)F)c3)ccc2C)n1,CHEMBL3982146,8.795880017344075,8.984536786340435,3
C=C(C)c1ccc(F)c(NC(=O)c2ccc(C)c(-c3cnc(OCC)c(N4CCOCC4)c3)c2)c1,CHEMBL6053261,8.744727494896694,8.744727494896694,2
C=CC(=O)N1CCC(Oc2n[nH]c3ncc(-c4cn(-c5c(F)ccc(NS(=O)(=O)c6ccccc6)c5F)nn4)cc23)C1,CHEMBL5437385,6.607303046740334,6.607303046740334,1
C=CC(=O)N1CC[C@@H](NC(=O)c2sc3nccc4c3c2NC(=O)N4c2ccc(Oc3ccccc3)cc2C)C1,CHEMBL4851021,5.105683937315561,5.105683937315561,1
C=CC(=O)Nc1cc(NC(=O)Nc2ccc(Oc3ccnc(NC(=O)C4CC4)c3)c(F)c2)cc(C(F)(F)F)c1,CHEMBL3985563,7.619788758288394,7.619788758288394,1
C=CC(=O)Nc1ccc(-c2ccc(NC(=O)Nc3cccc(Cl)c3)cc2)cn1,CHEMBL4171543,7.494850021680094,7.494850021680094,1
C=CCN1CCN(c2cncc(-c3cn(-c4cc(C(=O)Nc5cc(C(C)(C)C)on5)ccc4C)nn3)c2)CC1,CHEMBL3953998,7.657577319177793,7.657577319177793,1
C=CCN1CCN(c2cncc(-c3cn(-c4cc(NC(=O)c5ccc(C(C)(C)C)o5)ccc4C)nn3)c2)CC1,CHEMBL3951752,8.301029995663981,8.301029995663981,1
C=CCN1CCN(c2cncc(-c3cn(-c4cc(NC(=O)c5ccc(C(C)(C)C)s5)ccc4C)nn3)c2)CC1,CHEMBL3924548,7.886056647693163,7.886056647693163,1
C=CCn1c(N/N=C\c2cccc([N+](=O)[O-])c2)nc2c1c(=O)[nH]c(=O)n2C,CHEMBL516644,4.426200417784259,4.426200417784259,1
C=CCn1c(SCC(=O)Nc2ccc(C(=O)/C=C/c3ccc(Cl)cc3)cc2)nnc1-c1cc(-c2ccccc2)nc2ccccc12,CHEMBL5572677,5.42021640338319,5.42021640338319,1
CC#Cc1cccc(N2C(=O)c3ccccc3C2(O)c2ccc3[nH]c(NC(=O)OC)nc3c2)c1F,CHEMBL3892934,7.0,7.0,1
CC(=O)CN1C2CCC1CC(c1ccnc3c(-c4cccc5[nH]ncc45)c(-c4ccncc4)nn13)C2,CHEMBL571971,7.11975822410452,7.11975822410452,1
CC(=O)N(C)c1ccc(Nc2ncc3cc(-c4ccncc4)ccc3n2)cc1,CHEMBL2335888,7.242077643386601,7.232234970411782,4
CC(=O)N1C2CCC1CC(c1ccnc3c(-c4ccc(Cl)c(O)c4)c(-c4ccncc4)nn13)C2,CHEMBL578391,9.522878745280337,9.522878745280337,1
CC(=O)N1C2CCC1CC(c1ccnc3c(-c4cccc5[nH]ncc45)c(-c4ccncc4)nn13)C2,CHEMBL570458,8.040958607678906,8.040958607678906,1
CC(=O)N1CCN(c2ccc(Nc3nccc(-c4sc(C(C)C)nc4-c4cccc(NS(=O)(=O)c5c(F)cccc5F)c4)n3)cn2)CC1,CHEMBL1808260,8.886056647693163,8.886056647693163,1
CC(=O)N1CCN(c2ccc(Nc3nccc(-c4sc(C(C)C)nc4-c4cccc(NS(=O)(=O)c5cc(F)ccc5F)c4)n3)cn2)CC1,CHEMBL1808259,9.221848749616356,9.221848749616356,1
CC(=O)N1CCN(c2ccc(Nc3nccc(-c4sc(C(C)C)nc4-c4cccc(NS(=O)(=O)c5ccc(F)cc5)c4)n3)cn2)CC1,CHEMBL1808257,8.022276394711152,8.022276394711152,1
CC(=O)N1CCN(c2ccc(Nc3nccc(-c4sc(C(C)C)nc4-c4cccc(NS(=O)(=O)c5cccc(Cl)c5)c4)n3)cn2)CC1,CHEMBL1808258,7.468521082957745,7.468521082957745,1
CC(=O)N1CCN(c2ccc(Nc3nccc(-c4sc(C(C)C)nc4-c4cccc(NS(=O)(=O)c5cccc(F)c5)c4)n3)cn2)CC1,CHEMBL1808256,9.096910013008056,9.096910013008056,1
CC(=O)N1CCN(c2ccc(Nc3nccc(-c4sc(C(C)C)nc4-c4cccc(NS(=O)(=O)c5ccccc5)c4)n3)cn2)CC1,CHEMBL1807711,8.443697499232712,8.443697499232712,1
CC(=O)N1CCN(c2ccc(Nc3nccc(-c4sc(C(C)C)nc4-c4cccc(NS(=O)(=O)c5ccccc5F)c4)n3)cn2)CC1,CHEMBL1808255,9.221848749616356,9.221848749616356,1
CC(=O)N1CCN(c2ncc3ncnc(Nc4cc(NC(=O)c5cccc(C(C)(C)C#N)c5)ccc4C)c3n2)CC1,CHEMBL3641236,8.397940008672037,8.397940008672037,1
CC(=O)N1CCc2cc(S(=O)(=O)Nc3cc(Sc4ncn[nH]4)c(O)c4ccccc34)ccc21,CHEMBL2088021,6.711254100081387,6.711254100081387,2
CC(=O)N1C[C@@H]2C[C@H]1CN2c1ccc(-c2ccnc3c(-c4ccc(F)c(O)c4)c(-c4ccncc4)nn23)cc1,CHEMBL1076206,9.301029995663981,9.301029995663981,1
CC(=O)NC(C)c1ccc(Nc2ncc3cc(-c4ccncc4)ccc3n2)cc1,CHEMBL2335895,7.34391132178011,7.34391132178011,2
CC(=O)NC[C@@H]1CN(c2cc(-c3cc(NC(=O)c4ccnc(C(C)(C)C#N)c4)ccc3C)ccn2)CCO1,CHEMBL4113898,7.961777361631281,7.960827799086717,5
CC(=O)NS(=O)(=O)c1ccc2[nH]c3cnccc3c2c1,CHEMBL2047073,4.228339040651113,4.228339040651113,1
CC(=O)N[C@@H](C)c1ccc(Nc2ncc3cc(-c4ccncc4)ccc3n2)cc1,CHEMBL2335504,6.721246399047171,6.721246399047171,1
CC(=O)N[C@H](C)c1ccc(Nc2ncc3cc(-c4ccncc4)c(C)cc3n2)cc1,CHEMBL2335911,5.5875129697428605,5.7504744923868785,4
CC(=O)N[C@H](C)c1ccc(Nc2ncc3cc(-c4ccncc4)c(Cl)cc3n2)cc1,CHEMBL2335909,5.6401645176601125,5.821715033690247,4
CC(=O)N[C@H](C)c1ccc(Nc2ncc3cc(-c4ccncc4)cc(C)c3n2)cc1,CHEMBL2335912,7.0915149811213505,7.218776564657705,4
CC(=O)N[C@H](C)c1ccc(Nc2ncc3cc(-c4ccncc4)cc(Cl)c3n2)cc1,CHEMBL2335910,6.72907769667922,6.97132094778949,4
CC(=O)N[C@H](C)c1ccc(Nc2ncc3cc(-c4ccncc4)ccc3n2)cc1,CHEMBL2335896,7.594883741002458,7.537761005874445,4
CC(=O)Nc1cc(-c2sc(C3CCN(C4CC4)CC3)nc2-c2cccc(NS(=O)(=O)c3cc(F)ccc3F)c2F)ccn1,CHEMBL5283675,8.375278519278709,8.375278519278709,2
CC(=O)Nc1cc(CNc2ccccc2C(=O)Nc2ccc3c(c2)OC(F)(F)O3)ccn1,CHEMBL248256,8.301029995663981,8.301029995663981,1
CC(=O)Nc1cc(NC(=O)Nc2ccc(Oc3ccnc(NC(=O)C4CC4)c3)c(F)c2)cc(C(F)(F)F)c1,CHEMBL3966058,7.886056647693163,7.886056647693163,1
CC(=O)Nc1cc(Nc2cccc(NC(=O)c3cccc(C4CC4)c3)c2)ccn1,CHEMBL3799934,6.610924374808178,6.610924374808178,2
CC(=O)Nc1cc(Nc2ncccc2-c2ncnc3[nH]cnc23)ccc1Cl,CHEMBL3354843,5.191789027075778,5.191789027075778,1
CC(=O)Nc1cc(Oc2ccc(NC(=O)Nc3cccc(C(F)(F)F)c3)cc2)ncn1,CHEMBL4845883,7.494850021680094,7.494850021680094,1
CC(=O)Nc1cc(Oc2ccc3c(c2)C[C@@H](C(=O)Nc2cc(CN)cc(C(F)(F)F)c2)CC3)ccn1,CHEMBL1688867,8.154901959985743,8.154901959985743,1
CC(=O)Nc1cc(Oc2ccc3c(c2)nc(Nc2cc(C(F)(F)F)ccc2F)n3C)ccn1,CHEMBL3335381,9.0,9.0,1
CC(=O)Nc1cc(Oc2ccc3c(c2)nc(Nc2ccc(C(C)(C)C)cc2)n3C)ccn1,CHEMBL3335376,8.045757490560675,8.045757490560675,1
CC(=O)Nc1cc(Oc2ccc3c(c2)nc(Nc2ccc(C(C)C)cc2)n3C)ccn1,CHEMBL3335378,8.397940008672037,8.397940008672037,1
CC(=O)Nc1cc(Oc2ccc3c(c2)nc(Nc2ccc(C(F)(F)F)cc2)n3C)ccn1,CHEMBL3335380,8.397940008672037,8.397940008672037,1
CC(=O)Nc1cc(Oc2ccc3c(c2)nc(Nc2ccc(OC(F)(F)F)cc2)n3C)ccn1,CHEMBL3335379,9.0,9.0,1
CC(=O)Nc1cc(Oc2ccc3c(c2)nc(Nc2cccc(C(C)(C)C)c2)n3C)ccn1,CHEMBL3335371,8.522878745280337,8.134101604691496,3
CC(=O)Nc1cc(Oc2ccc3c(c2)nc(Nc2cccc(C(F)(F)F)c2)n3C)ccn1,CHEMBL3335375,8.522878745280337,8.522878745280337,1
CC(=O)Nc1cc(Oc2ccc3c(c2)nc(Nc2cccc(OC(F)(F)F)c2)n3C)ccn1,CHEMBL3335374,9.397940008672037,9.397940008672037,1
CC(=O)Nc1ccc(-c2ccc3ncnc(Nc4cccc5[nH]ncc45)c3c2)cc1,CHEMBL3661248,6.417115133460447,6.417115133460447,2
CC(=O)Nc1ccc(NC(=O)c2cc(NC(=O)c3cccc(C(C)(C)C#N)c3)ccc2C)cn1,CHEMBL482576,7.795880017344075,7.795880017344075,1
CC(=O)Nc1ccc(Nc2ncc3cc(-c4ccncc4)ccc3n2)cc1,CHEMBL2335889,7.171957130681528,6.978944866833567,4
CC(=O)Nc1ccc(Oc2cncc(Nc3cccc(-c4cnco4)c3)n2)c2ccccc12,CHEMBL443770,6.508638306165727,6.508638306165727,1
CC(=O)Nc1ccc(S(=O)(=O)Nc2cc(Sc3ncn[nH]3)c(O)c3ccccc23)cc1,CHEMBL2088028,6.853871964321762,6.853871964321762,1
CC(=O)Nc1cccc(-c2cncc(NCCOc3ccccc3)n2)c1,CHEMBL200964,4.187086643357144,4.187086643357144,1
CC(=O)Nc1cccc(-c2cncc(NCCc3ccccc3)n2)c1,CHEMBL372149,4.346787486224656,4.346787486224656,1
CC(=O)Nc1cccc(-c2cncc(NCc3cc(C)[nH]n3)n2)c1,CHEMBL382262,4.853871964321762,4.853871964321762,1
CC(=O)Nc1cccc(-c2cncc(NCc3cc(C)on3)n2)c1,CHEMBL201625,5.376750709602099,5.376750709602099,1
CC(=O)Nc1cccc(-c2cncc(NCc3ccc(F)c(Cl)c3)n2)c1,CHEMBL274738,4.00436480540245,4.00436480540245,1
CC(=O)Nc1cccc(-c2cncc(NCc3ccc4c(c3)OCCO4)n2)c1,CHEMBL370112,4.468521082957745,4.468521082957745,1
CC(=O)Nc1cccc(-c2cncc(NCc3ccc4c(c3)OCO4)n2)c1,CHEMBL201576,5.42021640338319,5.42021640338319,1
CC(=O)Nc1cccc(-c2cncc(NCc3cccc(F)c3)n2)c1,CHEMBL440761,5.096910013008056,5.096910013008056,1
CC(=O)Nc1cccc(-c2cncc(NCc3ccccc3)n2)c1,CHEMBL199800,4.7447274948966935,4.7447274948966935,1
CC(=O)Nc1cccc(-c2cncc(NCc3ccoc3)n2)c1,CHEMBL199588,4.481486060122113,4.481486060122113,1
CC(=O)Nc1cccc(-c2cncc(Nc3cc(Cl)nc(Cl)c3)n2)c1,CHEMBL199948,6.022276394711152,6.022276394711152,1
CC(=O)Nc1cccc(-c2cncc(Nc3ccc(N4CCOCC4)cc3)n2)c1,CHEMBL383374,5.0,5.0,1
CC(=O)Nc1cccc(-c2cncc(Nc3ccc(OC(F)(F)F)cc3)n2)c1,CHEMBL378600,4.075720713938118,4.075720713938118,1
CC(=O)Nc1cccc(-c2cncc(Nc3ccc(S(=O)(=O)N4CCOCC4)cc3)n2)c1,CHEMBL200080,5.055517327849831,5.055517327849831,1
CC(=O)Nc1cccc(-c2cncc(Nc3ccc4c(c3)C(=O)OC4)n2)c1,CHEMBL199811,6.130768280269024,6.130768280269024,1
CC(=O)Nc1cccc(-c2cncc(Nc3ccc4c(c3)OC(F)(F)C(F)(F)O4)n2)c1,CHEMBL373242,4.4089353929735005,4.4089353929735005,1
CC(=O)Nc1cccc(-c2cncc(Nc3ccc4c(c3)OC(F)(F)O4)n2)c1,CHEMBL200075,4.431798275933005,4.431798275933005,1
CC(=O)Nc1cccc(-c2cncc(Nc3ccc4c(c3)OCCCO4)n2)c1,CHEMBL199281,5.346787486224656,5.346787486224656,1
CC(=O)Nc1cccc(-c2cncc(Nc3ccc4c(c3)OCCO4)n2)c1,CHEMBL199833,5.267606240177031,5.267606240177031,1
CC(=O)Nc1cccc(-c2cncc(Nc3ccc4c(c3)OCO4)n2)c1,CHEMBL371958,5.0,5.0,1
CC(=O)Nc1cccc(-c2cncc(Nc3cccc(-c4cnco4)c3)n2)c1,CHEMBL198244,6.102372908709558,6.102372908709558,1
CC(=O)Nc1cccc(-c2cncc(Nc3cccc(Cl)c3)n2)c1,CHEMBL201322,5.055517327849831,5.055517327849831,1
CC(=O)Nc1cccc(-c2cncc(Nc3cccc(O)c3)n2)c1,CHEMBL199394,4.853871964321762,4.853871964321762,1
CC(=O)Nc1cccc(-c2cncc(Nc3cccc(OCCN)c3)n2)c1,CHEMBL199355,5.42021640338319,5.42021640338319,1
CC(=O)Nc1cccc(-c2cncc(Nc3ccccc3)n2)c1,CHEMBL425576,5.102372908709558,5.102372908709558,1
CC(=O)Nc1cccc(-c2cncc(Nc3nc(C(C)(C)C)cs3)n2)c1,CHEMBL381275,4.698970004336019,4.698970004336019,1
CC(=O)Nc1cccc(-c2nc(NC3CC3)nc3sc(C(N)=O)c(N)c23)c1,CHEMBL1934642,5.5576447890445095,5.5576447890445095,2
CC(=O)Nc1cccc2c(Oc3cncc(Nc4ccc5c(c4)C(=O)OC5)n3)cccc12,CHEMBL501719,5.6020599913279625,5.6020599913279625,1
CC(=O)Nc1cccc2c(Oc3cncc(Nc4cccc(-c5cnco5)c4)n3)cccc12,CHEMBL501718,6.187086643357144,6.187086643357144,1
CC(=O)Nc1cn2cc(-c3cc(NC(=O)c4cc(C(F)(F)F)ccn4)ccc3C)ccc2n1,CHEMBL4204192,9.045757490560675,9.045757490560675,1
CC(=O)Nc1cn2cc(-c3cc(NC(=O)c4cc(N5CCN(C)C[C@@H]5C)cc(C(F)(F)F)c4)ccc3C)ccc2n1,CHEMBL4208527,8.522878745280337,8.522878745280337,1
CC(=O)Nc1cn2cc(-c3cc(NC(=O)c4ccc(CN5CCN(C)CC5)c(C(F)(F)F)c4)ccc3C)ccc2n1,CHEMBL4205266,8.301029995663981,8.301029995663981,1
CC(=O)Nc1cn2cc(-c3cc(NC(=O)c4cccc(C(C)(C)C)c4)ccc3C)ccc2n1,CHEMBL4217462,9.522878745280337,9.522878745280337,1
CC(=O)Nc1cn2cc(-c3cc(NC(=O)c4cccc(C(F)(F)F)c4)ccc3C)ccc2n1,CHEMBL4216073,9.698970004336019,9.698970004336019,1
CC(=O)Nc1cn2cc(-c3cc(NC(=O)c4cccc(C(F)(F)F)n4)ccc3C)ccc2n1,CHEMBL4209163,8.221848749616356,8.221848749616356,1
CC(=O)Nc1cn2cc(-c3cc(NC(=O)c4cccc(Cl)c4)ccc3C)ccc2n1,CHEMBL4216386,9.522878745280337,9.522878745280337,1
CC(=O)Nc1cn2cc(-c3cc(NC(=O)c4ccccc4)ccc3C)ccc2n1,CHEMBL4211935,7.214670164989233,7.214670164989233,1
CC(=O)Nc1cncc(C2=NN(C(=O)c3ccc(-c4ccccn4)s3)C(c3ccccc3O)C2)c1,CHEMBL1778673,7.861769097913378,7.861769097913378,2
CC(=O)Nc1nc2ccc(N(C)c3ccc(F)c(NC(=O)c4cccc(OC(C)(C)C#N)c4)c3)nc2s1,CHEMBL2204530,7.580575454631372,7.580575454631372,2
CC(=O)Nc1nc2ccc(N(C)c3ccc(F)c(NC(=O)c4cccc(OC(C)(C)C#N)c4Cl)c3)nc2s1,CHEMBL2204531,7.502182402701225,7.502182402701225,2
CC(=O)Nc1nc2cnc(Nc3cc(NC(=O)c4cccc(C5(C#N)CC5)c4Cl)ccc3C)nc2s1,CHEMBL2204529,6.9808886808156405,6.9808886808156405,2
CC(=O)Nc1nc2cnc(Nc3cc(NC(=O)c4cccc(CC(C)(C)C#N)c4)ccc3C)nc2s1,CHEMBL2204527,6.911954370472159,6.911954370472159,2
CC(=O)Nc1nc2cnc(Nc3cc(NC(=O)c4cccc(CCC#N)c4)ccc3C)nc2s1,CHEMBL2204526,7.292429823902063,7.292429823902063,1
CC(=O)Nc1nc2cnc(Nc3cc(NC(=O)c4cccc(OC(C)(C)C#N)c4)ccc3C)nc2s1,CHEMBL2204528,7.096097233864688,7.096097233864688,2
CC(=O)Nc1nccc(-c2sc(CCCN)nc2-c2cccc(NS(=O)(=O)c3cc(F)ccc3F)c2F)n1,CHEMBL5197265,8.119186407719209,8.119186407719209,1
CC(=O)c1ccc(Nc2ccnc(SCC(=O)c3ccc(-c4ccccc4)cc3)n2)cc1,CHEMBL4590013,5.978810700930062,5.978810700930062,1
CC(=O)c1ccc(Nc2ccnc(SCC(=O)c3ccc(Cl)cc3)n2)cc1,CHEMBL4465126,6.1938200260161125,6.1938200260161125,1
CC(=O)c1ccc(Nc2nccc3c(NC(=O)c4csc5c(N)ncnc45)c(C)ccc23)cc1,CHEMBL3944137,8.110924374808178,8.110924374808178,2
CC(C#N)CNc1nccc(-c2nc(C3CC3)[nH]c2-c2cccc(NS(C)(=O)=O)c2Cl)n1,CHEMBL3651641,7.958607314841775,7.958607314841775,1
CC(C)(C#N)Oc1cccc(C(=O)Nc2cc(Nc3ccc4nc(NC(=O)C5CC5)sc4n3)ccc2F)c1Cl,CHEMBL2204533,7.44219474416285,7.44219474416285,2
CC(C)(C#N)c1cc(C(=O)Nc2c[nH]c(=O)c(-c3ccnc(N4CCOCC4)c3)c2)ccn1,CHEMBL3980256,4.730603817305009,4.730571157537165,7
CC(C)(C#N)c1cccc(C(=O)N[C@@H]2[C@H]3Oc4ccc(Oc5ccnc6c5CCC(=O)N6)cc4[C@@H]23)c1,CHEMBL5862522,8.387216143280265,8.387216143280265,1
CC(C)(C#N)c1cccc(C(=O)Nc2ccc(F)c(C(=O)Nc3cnc4[nH]ccc4c3)c2F)c1,CHEMBL2153511,7.262019205403788,7.262019205403788,2
CC(C)(C#N)c1cccc(C(=O)Nc2ccc(F)c(C(=O)Nc3cnc4[nH]nc(C5CC5)c4c3)c2F)c1,CHEMBL2153512,7.403437700822769,7.403437700822769,2
CC(C)(C#N)c1cccc(C(=O)Nc2ccc(F)c(C(=O)Nc3cnc4[nH]ncc4c3)c2F)c1,CHEMBL2151064,7.411231750035069,7.411231750035069,2
CC(C)(C#N)c1cccc(C(=O)Nc2ccc(F)c(C(=O)c3c[nH]c4ncc(Cl)cc34)c2F)c1,CHEMBL5440746,7.285285367809106,7.285285367809106,2
CC(C)(C#N)c1cccc(C(=O)Nc2cccc(Nc3ccnc(NC(=O)C4CC4)c3)c2)c1,CHEMBL3798081,6.871304725331348,6.871304725331348,2
CC(C)(C#N)c1cccc(C(=O)Nc2cccc(Nc3ncnc4c(N)ncnc34)c2)c1,CHEMBL3643301,7.522878745280337,7.522878745280337,1
CC(C)(C#N)c1cccc(C(=O)Nc2cccc(Oc3ccc4nc(NC(=O)C5CC5)sc4c3C#N)c2)c1,CHEMBL3125891,7.677288865325454,7.677288865325454,2
CC(C)(C#N)c1cccc(C(=O)Nc2cccc(Oc3ccc4nc(NC(=O)C5CC5)sc4c3C(=O)O)c2)c1,CHEMBL3124950,6.537602002101044,6.537602002101044,1
CC(C)(C#N)c1cccc(C(=O)Nc2cccc(Oc3ccc4nc(NC(=O)C5CC5)sc4c3CO)c2)c1,CHEMBL3125881,7.19466991845506,7.19466991845506,2
CC(C)(C#N)c1cccc(C(=O)Nc2cccc(Oc3ccc4nc(NC(=O)C5CC5)sc4c3[N+](=O)[O-])c2)c1,CHEMBL3125892,7.569830996714503,7.569830996714503,2
CC(C)(C#N)c1cccc(NC(=O)c2ccc(F)c(Nc3ncnc4cnc(N5CCOCC5)nc34)c2)c1,CHEMBL3697923,8.397940008672037,8.397940008672037,1
CC(C)(C#N)c1cccc(NC(=O)c2ccc(F)c(Nc3ncnc4cnc(NC5CCOC5)nc34)c2)c1,CHEMBL3697926,9.0,9.0,1
CC(C)(C)C(=O)Nc1cc(Nc2cccc(NC(=O)c3cccc(C4CC4)c3)c2)ccn1,CHEMBL3799637,5.987162775294828,5.987162775294828,1
CC(C)(C)CNC(=O)N[C@@H]1[C@H]2Oc3ccc(Oc4ccnc5c4CCC(=O)N5)cc3[C@@H]12,CHEMBL6037937,5.522878745280337,5.522878745280337,1
CC(C)(C)CS(=O)(=O)Nc1ccc(F)c(Nc2ncccc2-c2ncnc3[nH]cnc23)c1F,CHEMBL3799342,8.221848749616356,7.907846065275585,3
CC(C)(C)NC(=O)NCCNc1nccc(-c2[nH]c(C3CC3)nc2-c2ccccc2Cl)n1,CHEMBL257986,7.080921907623926,7.080921907623926,1
CC(C)(C)NC(=O)N[C@@H]1[C@H]2Oc3ccc(Oc4ccnc5c4CCC(=O)N5)cc3[C@@H]12,CHEMBL5837316,5.346787486224656,5.346787486224656,1
CC(C)(C)NC(=O)Nc1cccc(-c2csc3c(-c4cccnc4)cnc(N)c23)c1,CHEMBL2315072,5.100179497572904,5.100179497572904,1
CC(C)(C)NC(c1ccc(Cl)cc1)c1ccc(-c2cn[nH]c2)cc1,CHEMBL3112595,6.055517327849831,6.055517327849831,1
CC(C)(C)OC(=O)N1CCC(COC(=O)Nc2nc3cc(C4(O)c5ccccc5C(=O)N4Cc4ccccc4)ccc3[nH]2)CC1,CHEMBL3938488,7.0,7.0,1
CC(C)(C)OC(=O)N1CCCN(CCNc2nccc(-c3c(-c4cccc(O)c4)nc4sccn34)n2)S1(=O)=O,CHEMBL5077895,7.984741224814091,7.984741224814091,2
CC(C)(C)OC(=O)Nc1cc(Oc2ccc3nc(NC(=O)C4CC4)sc3n2)ccc1F,CHEMBL2063750,5.698970004336019,5.698970004336019,1
CC(C)(C)OC(=O)[C@H]1CCCN1C(=O)N1C2CCC1CC(c1ccnc3c(-c4cccc5[nH]ncc45)c(-c4ccncc4)nn13)C2,CHEMBL571747,7.404503778174426,7.404503778174426,1
CC(C)(C)c1c[nH]c(C2COc3ccc(Oc4ccnc5c4CCC(=O)N5)cc3C2)n1,CHEMBL5850308,7.2839966563652006,7.2839966563652006,1
CC(C)(C)c1cc(C(=O)Nc2cccc(Oc3cccc4[nH]c(=O)[nH]c34)c2)n(-c2ccccc2)n1,CHEMBL597389,5.712764435011603,5.712764435011603,2
CC(C)(C)c1cc(NC(=O)Nc2ccc(Nc3ncnc4c3OCCCN4)cc2)no1,CHEMBL4793380,6.019088062223156,6.019088062223156,1
CC(C)(C)c1cc(NC(=O)Nc2ccc(Oc3ccnc4[nH]c(=O)[nH]c34)c3ccccc23)n(-c2ccc(F)cc2)n1,CHEMBL1090290,6.6561463601875905,6.6561463601875905,2
CC(C)(C)c1cc(NC(=O)Nc2ccc(Oc3ccnc4[nH]c(=O)[nH]c34)c3ccccc23)n(-c2ccccc2)n1,CHEMBL1093756,6.874180889775894,6.874180889775894,2
CC(C)(C)c1cc(NC(=O)Nc2ccc(Oc3ccnc4[nH]c(=O)[nH]c34)cc2)n(-c2ccc(Cl)cc2)n1,CHEMBL1092464,6.654901959985743,6.654901959985743,2
CC(C)(C)c1cc(NC(=O)Nc2ccc(Oc3ccnc4[nH]c(=O)[nH]c34)cc2)n(-c2ccc(F)cc2)n1,CHEMBL1089003,6.646368246480847,6.646368246480847,2
CC(C)(C)c1cc(NC(=O)Nc2ccc(Oc3ccnc4[nH]c(=O)[nH]c34)cc2)n(-c2ccc(F)cc2F)n1,CHEMBL1089705,6.453709849654344,6.453709849654344,2
CC(C)(C)c1cc(NC(=O)Nc2ccc(Oc3ccnc4[nH]c(=O)[nH]c34)cc2)n(-c2ccccc2)n1,CHEMBL1092522,6.617240228451024,6.617240228451024,2
CC(C)(C)c1cc(NC(=O)Nc2ccc(Oc3ccnc4[nH]c(=O)[nH]c34)cc2)n(-c2ccccn2)n1,CHEMBL1089704,5.9358003656410965,5.9358003656410965,2
CC(C)(C)c1cc(NC(=O)Nc2ccc(Oc3ccnc4[nH]c(=O)[nH]c34)cc2)n(C(C)(C)C)n1,CHEMBL1089349,5.202969549364791,5.202969549364791,2
CC(C)(C)c1cc(NC(=O)Nc2ccc(Oc3ccnc4[nH]c(=O)[nH]c34)cc2)n(Cc2ccccc2)n1,CHEMBL1090716,5.852788933443508,5.852788933443508,2
CC(C)(C)c1cc(NC(=O)Nc2ccc(Oc3ccnc4[nH]c(=O)[nH]c34)cc2F)n(-c2ccccc2)n1,CHEMBL1090449,6.997302484056647,6.997302484056647,2
CC(C)(C)c1cc(NC(=O)Nc2ccc(Oc3ccnc4[nH]c(=O)c(=O)[nH]c34)cc2F)n(-c2ccccc2)n1,CHEMBL1213885,6.642541876003207,6.642541876003207,2
CC(C)(C)c1cc(NC(=O)Nc2ccc(Oc3ccnc4[nH]c(=O)c(N)nc34)c3ccccc23)n(-c2ccccc2)n1,CHEMBL1214133,7.612741517135725,7.612741517135725,2
CC(C)(C)c1cc(NC(=O)Nc2ccc(Oc3ccnc4[nH]c(=O)cnc34)c3ccccc23)n(-c2ccccc2)n1,CHEMBL1214131,7.605209643917787,7.605209643917787,2
CC(C)(C)c1cc(NC(=O)Nc2ccc(Oc3ccnc4[nH]c(=O)cnc34)cc2F)n(-c2cccc(C(F)(F)F)c2)n1,CHEMBL6040058,7.303651523370167,7.303651523370167,2
CC(C)(C)c1cc(NC(=O)Nc2ccc(Oc3ccnc4[nH]c(=O)cnc34)cc2F)n(-c2cccc(F)c2)n1,CHEMBL5831360,7.47616790269922,7.47616790269922,2
CC(C)(C)c1cc(NC(=O)Nc2ccc(Oc3ccnc4[nH]c(=O)cnc34)cc2F)n(-c2ccccc2)n1,CHEMBL4216588,7.3979400086720375,7.524227503252014,4
CC(C)(C)c1cc(NC(=O)Nc2ccc(Oc3ccnc4[nH]c(=O)cnc34)cc2F)n(-c2ccnc(O)c2)n1,CHEMBL5907255,6.377861439599078,6.377861439599078,2
CC(C)(C)c1cc(NC(=O)Nc2ccc(Oc3ccnc4nc(N)c(=O)[nH]c34)c3ccccc23)n(-c2ccccc2)n1,CHEMBL1214382,6.918121238009022,6.918121238009022,2
CC(C)(C)c1cc(NC(=O)Nc2ccc(Oc3ccnc4nc(N5CCOCC5)cnc34)cc2F)n(-c2ccccc2)n1,CHEMBL1213758,5.605562442112292,5.605562442112292,2
CC(C)(C)c1cc(NC(=O)Nc2ccc(Oc3ccnc4ncc(=O)[nH]c34)c3ccccc23)n(-c2ccccc2)n1,CHEMBL1214380,6.94857741787729,6.94857741787729,2
CC(C)(C)c1cc(NC(=O)Nc2ccc(Oc3ccnc4ncc(=O)[nH]c34)cc2F)n(-c2ccccc2)n1,CHEMBL1214197,6.1069793948787225,6.1069793948787225,2
CC(C)(C)c1cc(NC(=O)Nc2ccc(Sc3ccnc4[nH]c(=O)[nH]c34)cc2)n(-c2ccccc2)n1,CHEMBL1090705,6.911231750035069,6.911231750035069,2
CC(C)(C)c1cc(NC(=O)Nc2cccc(Cl)c2Cl)n(-c2cccc(CC(N)=O)c2)n1,CHEMBL1271376,7.769551078621726,7.769551078621726,1
CC(C)(C)c1cc(NC(=O)Nc2cccc(Oc3cccc4[nH]c(=O)[nH]c34)c2)n(-c2ccc(F)cc2)n1,CHEMBL597593,6.308919408602063,6.308919408602063,2
CC(C)(C)c1cc(NC(=O)Nc2cccc(Oc3cccc4[nH]c(=O)[nH]c34)c2)n(-c2ccccc2)n1,CHEMBL597592,5.876148359032914,6.143276234771595,3
CC(C)(C)c1cc(NC(=O)Nc2cccc(Oc3ccnc4[nH]c(=O)cnc34)c2)n(-c2ccccc2)n1,CHEMBL1214505,6.894706987547422,6.894706987547422,2
CC(C)(C)c1cc(NC(=O)Nc2cccc(Oc3ccnc4ncc(=O)[nH]c34)c2)n(-c2ccccc2)n1,CHEMBL1214506,5.981685552318919,5.981685552318919,2
CC(C)(C)c1cc(NC(=O)c2ccc(C(F)(F)F)c(Nc3ncnc4cnc(N5CCCCC5)nc34)c2)no1,CHEMBL3694124,5.649364391741045,5.649364391741045,1
CC(C)(C)c1cc(NC(=O)c2ccc(C(F)(F)F)c(Nc3ncnc4cnc(N5CCCCCC5)nc34)c2)no1,CHEMBL3694120,5.738261452647462,5.738261452647462,1
CC(C)(C)c1cc(NC(=O)c2ccc(C(F)(F)F)c(Nc3ncnc4cnc(N5CCOCC5)nc34)c2)no1,CHEMBL3694126,7.886056647693163,7.886056647693163,1
CC(C)(C)c1cc(NC(=O)c2ccc(C(F)(F)F)c(Nc3ncnc4cnc(NCCCN5CCOCC5)nc34)c2)no1,CHEMBL3694125,6.262807357295262,6.262807357295262,1
CC(C)(C)c1cc(NC(=O)c2ccc(C(F)(F)F)c(Nc3ncnc4cnc(NCCN5CCOCC5)nc34)c2)no1,CHEMBL3694129,5.943476275920899,5.943476275920899,1
CC(C)(C)c1cc(NC(=O)c2ccc(Cl)c(Nc3ncnc4cnc(N5CCCC5)nc34)c2)no1,CHEMBL3694139,7.958607314841775,7.958607314841775,1
CC(C)(C)c1cc(NC(=O)c2ccc(Cl)c(Nc3ncnc4cnc(N5CCCCC5)nc34)c2)no1,CHEMBL3694136,8.397940008672037,8.397940008672037,1
CC(C)(C)c1cc(NC(=O)c2ccc(Cl)c(Nc3ncnc4cnc(N5CCCCCC5)nc34)c2)no1,CHEMBL3694131,8.096910013008056,8.096910013008056,1
CC(C)(C)c1cc(NC(=O)c2ccc(Cl)c(Nc3ncnc4cnc(N5CCOCC5)nc34)c2)no1,CHEMBL3694138,9.0,9.0,1
CC(C)(C)c1cc(NC(=O)c2ccc(Cl)c(Nc3ncnc4cnc(NCCCN5CCOCC5)nc34)c2)no1,CHEMBL3694137,9.0,9.0,1
CC(C)(C)c1cc(NC(=O)c2ccc(Cl)c(Nc3ncnc4cnc(NCCN5CCOCC5)nc34)c2)no1,CHEMBL3694141,8.698970004336019,8.698970004336019,1
CC(C)(C)c1cc(NC(=O)c2ccc(F)c(Nc3ncnc4cnc(N5CCCC5)nc34)c2)no1,CHEMBL3694153,8.301029995663981,8.301029995663981,1
CC(C)(C)c1cc(NC(=O)c2ccc(F)c(Nc3ncnc4cnc(N5CCCCC5)nc34)c2)no1,CHEMBL3694151,8.301029995663981,8.301029995663981,1
CC(C)(C)c1cc(NC(=O)c2ccc(F)c(Nc3ncnc4cnc(N5CCCCCC5)nc34)c2)no1,CHEMBL3694148,8.154901959985743,8.154901959985743,1
CC(C)(C)c1cc(NC(=O)c2ccc(F)c(Nc3ncnc4cnc(N5CCN(CC6CC6)CC5)nc34)c2)no1,CHEMBL3697937,8.397940008672037,8.397940008672037,1
CC(C)(C)c1cc(NC(=O)c2ccc(F)c(Nc3ncnc4cnc(N5CCOCC5)nc34)c2)[nH]n1,CHEMBL3697931,9.0,9.0,1
CC(C)(C)c1cc(NC(=O)c2ccc(F)c(Nc3ncnc4cnc(N5CCOCC5)nc34)c2)no1,CHEMBL3694152,8.397940008672037,8.397940008672037,1
CC(C)(C)c1cc(NC(=O)c2ccc(F)c(Nc3ncnc4cnc(NC5CCOC5)nc34)c2)[nH]n1,CHEMBL3697932,8.522878745280337,8.522878745280337,1
CC(C)(C)c1cc(NC(=O)c2ccc(F)c(Nc3ncnc4cnc(NC5CCOC5)nc34)c2)no1,CHEMBL3639967,8.522878745280337,8.522878745280337,1
CC(C)(C)c1cc(NC(=O)c2ccc(F)c(Nc3ncnc4cnc(NCCN5CCOCC5)nc34)c2)no1,CHEMBL3694155,9.0,9.0,2
CC(C)(C)c1cc(NC(=O)c2cccc(Oc3cccc4[nH]c(=O)[nH]c34)c2)n(-c2ccccc2)n1,CHEMBL598626,5.962573502059376,6.124565668715292,3
CC(C)(C)c1cc(NC(=O)c2cccc(Oc3ccnc4[nH]c(=O)cnc34)c2)n(-c2ccccc2)n1,CHEMBL1213693,5.6807553715226815,5.6807553715226815,2
CC(C)(C)c1ccc(NC(=O)N[C@@H]2[C@H]3Oc4ccc(Oc5ccnc6c5CCC(=O)N6)cc4[C@@H]23)cc1,CHEMBL5944588,4.795880017344075,4.795880017344075,1
CC(C)(C)c1ccc2nc(C3C4Oc5ccc(Oc6ccnc7c6CCC(=O)N7)cc5C43)[nH]c2c1,CHEMBL3915194,7.481486060122112,7.481486060122112,3
CC(C)(C)c1cccc(C(=O)Nc2cccc(Nc3ccnc(NC(=O)C4CC4)c3)c2)c1,CHEMBL3797670,7.159379381312206,7.159379381312206,2
CC(C)(C)c1cccc(C(=O)Nc2cccc(Oc3cccc4[nH]c(=O)[nH]c34)c2)c1,CHEMBL599659,6.612741517135725,6.612741517135725,2
CC(C)(C)c1cccc(C(=O)Nc2cccc(Oc3ccnc4[nH]c(=O)cnc34)c2)c1,CHEMBL1214617,7.112741517135725,7.112741517135725,2
CC(C)(C)c1cccc(C(=O)Nc2cccc(Oc3ccnc4ncc(=O)[nH]c34)c2)c1,CHEMBL1214618,6.4622265193037345,6.4622265193037345,2
CC(C)(C)c1cccc(NC(=O)Nc2ccc(Oc3ccnc4[nH]c(=O)[nH]c34)c3ccccc23)c1,CHEMBL496073,5.908407799850892,5.908407799850892,2
CC(C)(C)c1cccc(NC(=O)Nc2cccc(Oc3cccc4[nH]c(=O)[nH]c34)c2)c1,CHEMBL599672,5.848564081966154,5.848564081966154,2
CC(C)(C)c1cccc(Nc2nc3cc(Oc4ccnc(C(N)=O)c4)ccc3s2)c1,CHEMBL1778410,8.698970004336019,8.698970004336019,1
CC(C)(C)c1csc(NC(=O)Nc2ccc(Oc3ccnc4[nH]c(=O)[nH]c34)cc2)n1,CHEMBL1089690,5.107905397309519,5.107905397309519,1
CC(C)(C)c1nc(-c2cc(Cl)cc(NS(=O)(=O)c3cc(F)ccc3F)c2F)c(-c2ccnc(N)n2)s1,CHEMBL5202550,8.443697499232712,8.443697499232712,1
CC(C)(C)c1nc(-c2ccc(Cl)c(O)c2)c(-c2ccncc2)[nH]1,CHEMBL200172,7.920818753952375,7.920818753952375,1
CC(C)(C)c1nc(-c2ccc(F)c(NS(=O)(=O)c3c(F)cccc3F)c2)c(-c2ccnc(NCCS(C)(=O)=O)n2)s1,CHEMBL2337917,7.922331981267469,7.922331981267469,2
CC(C)(C)c1nc(-c2ccc(F)cc2)c(-c2ccncc2)[nH]1,CHEMBL371694,6.045757490560675,6.045757490560675,1
CC(C)(C)c1nc(-c2cccc(NS(=O)(=O)c3c(F)cccc3F)c2F)c(-c2ccnc(N)n2)s1,CHEMBL2028663,9.0,8.77516827612978,26
CC(C)(C)c1nc(-c2cccc(NS(=O)(=O)c3c(F)cccc3F)c2F)c(-c2ccnc(NCCCCCCC(=O)NO)n2)s1,CHEMBL5618301,8.767003889607846,8.643982595962576,3
CC(C)(C)c1nc(-c2cccc(NS(=O)(=O)c3cc(F)ccc3F)c2)c(-c2ccnc(N)n2)s1,CHEMBL2337910,8.098462725229332,8.112184355863116,4
CC(C)(C)c1nc(-c2ccnc(N)n2)c(-c2cc(Cl)cc(NS(=O)(=O)c3c(F)cccc3F)c2F)[nH]1,CHEMBL3651661,9.886056647693163,9.886056647693163,1
CC(C)(C)c1nc(-c2ccnc(N)n2)c(-c2cc(Cl)cc(NS(C)(=O)=O)c2F)[nH]1,CHEMBL3651660,8.522878745280337,8.522878745280337,1
CC(C)(C)c1nc(-c2ccnc(N)n2)c(-c2cc(F)cc(NS(=O)(=O)c3c(F)cccc3F)c2Cl)[nH]1,CHEMBL3651672,9.585026652029182,9.585026652029182,1
CC(C)(C)c1nc(-c2ccnc(N)n2)c(-c2cc(F)cc(NS(C)(=O)=O)c2Cl)[nH]1,CHEMBL3651666,8.301029995663981,8.301029995663981,1
CC(C)(C)c1nc(-c2ccnc(N)n2)c(-c2cccc(NS(=O)(=O)c3c(F)cccc3F)c2Cl)[nH]1,CHEMBL3651667,9.657577319177793,9.657577319177793,1
CC(C)(C)c1nc(-c2ccnc(N)n2)c(-c2cccc(NS(C)(=O)=O)c2Cl)[nH]1,CHEMBL3651668,7.259637310505756,7.259637310505756,1
CC(C)(C)c1nc2c(s1)c1nc(N)ncc1c1ccc(NS(=O)(=O)c3c(F)cccc3F)c(F)c12,CHEMBL3968190,6.552841968657781,6.552841968657781,1
CC(C)(CN)c1nc(-c2ccc(Cl)c(O)c2)c(-c2ccncc2)[nH]1,CHEMBL200889,8.221848749616356,8.221848749616356,1
CC(C)(CN1CCCCC1)C(=O)Nc1nc2ccc(C3(O)c4ccccc4C(=O)N3Cc3ccccc3)cc2[nH]1,CHEMBL3976013,6.0,6.0,1
CC(C)(CNC(=O)Nc1ccc(Cl)cc1)c1nc(-c2ccc(Cl)c(O)c2)c(-c2ccncc2)[nH]1,CHEMBL200863,7.886056647693163,7.886056647693163,1
CC(C)(CNS(C)(=O)=O)c1nc(-c2ccc(Cl)c(O)c2)c(-c2ccncc2)[nH]1,CHEMBL381447,7.853871964321762,7.853871964321762,1
CC(C)(CO)COC(=O)Nc1nc2cc(C3(O)c4ccccc4C(=O)N3Cc3ccccc3)ccc2[nH]1,CHEMBL3905869,7.0,7.0,1
CC(C)(CO)Nc1nc(-c2cc(O)cc(Cl)c2)c2c(N)c(C(N)=O)sc2n1,CHEMBL1934647,7.755020760287582,7.755020760287582,2
CC(C)(CO)Nc1nc(-c2ccc(Cl)c(Cl)c2)c2c(N)c(C(N)=O)sc2n1,CHEMBL1934504,5.983352471713493,5.983352471713493,2
CC(C)(CO)Nc1nc(-c2cccc(NC(=O)Nc3ccc(C(F)(F)F)cc3)c2)c2c(N)c(C(N)=O)sc2n1,CHEMBL1934649,6.833175621742649,6.833175621742649,2
CC(C)(CO)Nc1nc(-c2cccc(O)c2F)c2c(N)c(C(N)=O)sc2n1,CHEMBL1934648,7.3899459559799725,7.3899459559799725,2
CC(C)(COCc1ccccc1)COC(=O)Nc1nc2cc(C3(O)c4ccccc4C(=O)N3Cc3ccccc3)ccc2[nH]1,CHEMBL3952219,7.0,7.0,1
CC(C)(N)c1cc(C(=O)NC2CCc3ccc(Oc4ccnc5c4CCC(=O)N5)cc3C2)cc(C(F)(F)F)c1,CHEMBL4212142,6.804100347590767,6.804100347590767,1
CC(C)(N)c1cc(C(=O)N[C@@H]2CCc3ccc(Oc4ccnc5c4CCC(=O)N5)cc3C2)cc(C(F)(F)F)c1,CHEMBL1688861,8.67778070526608,8.577437373378087,3
CC(C)(N)c1cc(C(=O)N[C@@H]2[C@H]3Oc4ccc(Oc5ccnc6c5CCC(=O)N6)cc4[C@@H]23)cc(C(F)(F)F)c1,CHEMBL5896727,9.148741651280925,9.148741651280925,1
CC(C)(N)c1cc(NC(=O)N[C@@H]2[C@H]3Oc4ccc(Oc5ccnc6c5CCC(=O)N6)cc4[C@@H]23)cc(C(F)(F)F)c1,CHEMBL5748184,5.130768280269024,5.130768280269024,1
CC(C)(N)c1cc(NC(=O)[C@H]2CCc3ccc(Oc4ccnc5c4CCC(=O)N5)cc3C2)cc(C(F)(F)F)c1,CHEMBL1614728,8.537602002101044,8.537602002101044,1
CC(C)(O)CNc1cc(Oc2ccc(NC(=O)Nc3cccc(C(F)(F)F)c3)cc2)ncn1,CHEMBL4854957,5.795880017344075,5.795880017344075,1
CC(C)C(=O)Nc1cc(Nc2cccc(NC(=O)c3cccc(C4CC4)c3)c2)ccn1,CHEMBL3800288,6.376750709602099,6.376750709602099,1
CC(C)C(=O)Nc1ccc(-c2nc(-c3cccc(O)c3)c(-c3ccnc(Br)c3)[nH]2)cc1,CHEMBL5590473,5.735182176990463,5.735182176990463,1
CC(C)C(=O)Nc1nc2ccc(C3(O)c4ccccc4C(=O)N3Cc3ccccc3)cc2[nH]1,CHEMBL3959101,7.0,7.0,1
CC(C)CC1(C)OC(c2ccnc(N)n2)=C(c2cc(Cl)cc(NS(=O)(=O)c3c(F)cccc3F)c2F)C1=O,CHEMBL3974172,7.568636235841012,7.568636235841012,1
CC(C)CC1(C)OC(c2ccnc(N)n2)=C(c2cccc(NS(=O)(=O)c3c(F)cccc3F)c2F)C1=O,CHEMBL3935781,7.036212172654444,7.036212172654444,1
CC(C)CC1(C)OC(c2ccnc(NCC3CCCO3)n2)=C(c2cccc(NS(=O)(=O)c3c(F)cccc3F)c2F)C1=O,CHEMBL3890710,6.1249387366083,6.1249387366083,1
CC(C)CC1(C)OC(c2ccnc(NCCC#N)n2)=C(c2cc(Cl)cc(NS(=O)(=O)c3c(F)cccc3F)c2F)C1=O,CHEMBL3893674,7.537602002101044,7.537602002101044,1
CC(C)CC1(C)OC(c2ccnc(NCCC#N)n2)=C(c2cccc(NS(=O)(=O)c3c(F)cccc3F)c2F)C1=O,CHEMBL3899076,8.017728766960431,8.017728766960431,1
CC(C)CC1(C)OC(c2ccnc(NC[C@H]3CCCN3)n2)=C(c2cccc(NS(=O)(=O)c3c(F)cccc3F)c2F)C1=O,CHEMBL4110419,5.698970004336019,5.698970004336019,1
CC(C)CC1(C)OC(c2ccnc(NCc3nccs3)n2)=C(c2cccc(NS(=O)(=O)c3c(F)cccc3F)c2F)C1=O,CHEMBL3899681,6.585026652029182,6.585026652029182,1
CC(C)CN1CCN(c2nc(N)c3ncnc(Nc4ccc(F)c(C(=O)Nc5cc(C(C)(C)C)n[nH]5)c4)c3n2)CC1,CHEMBL3694040,5.656985502849232,5.656985502849232,1
CC(C)CNc1cc(Oc2ccc(NC(=O)Nc3cccc(C(F)(F)F)c3)cc2)ncn1,CHEMBL4865829,5.899629454882437,5.899629454882437,1
CC(C)CNc1nccc(-c2nc(C3CC3)[nH]c2-c2cc(F)cc(NS(C)(=O)=O)c2Cl)n1,CHEMBL3651648,8.301029995663981,8.301029995663981,1
CC(C)COC(=O)Nc1nc2cc(C3(O)c4ccccc4C(=O)N3Cc3ccccc3)ccc2[nH]1,CHEMBL3891743,7.0,7.0,1
CC(C)CS(=O)(=O)Nc1ccc(F)c(C(=O)Nc2cnc3[nH]ccc3c2)c1F,CHEMBL1822102,6.853871964321762,6.853871964321762,1
CC(C)CS(=O)(=O)Nc1ccc(F)c(C(=O)Nc2cnc3[nH]nc(C4CC4)c3c2)c1Cl,CHEMBL1939072,8.221848749616356,8.221848749616356,2
CC(C)CS(=O)(=O)Nc1ccc(F)c(Nc2ncccc2-c2ncnc3[nH]cnc23)c1F,CHEMBL3799488,7.795880017344075,7.929093281860719,3
CC(C)N1C2CCC1CC(c1ccnc3c(-c4cccc5[nH]ncc45)c(-c4ccncc4)nn13)C2,CHEMBL570648,7.173925197299173,7.173925197299173,1
CC(C)N1CCC(C(=O)Nc2cc(Oc3ccc4c(c3)nc(Nc3cc(C(F)(F)F)ccc3F)n4C)ccn2)CC1,CHEMBL3335385,8.698970004336019,8.698970004336019,1
CC(C)N1CCC(C(=O)Nc2cc(Oc3ccc4c(c3)nc(Nc3cccc(C(C)(C)C)c3)n4C)ccn2)CC1,CHEMBL3335384,7.698970004336019,7.698970004336019,1
CC(C)N1CCN(CC(=O)Nc2cc(Oc3ccc4c(c3)nc(Nc3cc(C(F)(F)F)ccc3F)n4C)ccn2)CC1,CHEMBL3335386,8.221848749616356,8.221848749616356,1
CC(C)N1CCN(c2ncc3ncnc(Nc4cc(C(=O)Nc5cc(C(C)(C)C)on5)ccc4F)c3n2)CC1,CHEMBL3697936,8.522878745280337,8.522878745280337,1
CC(C)NC(=O)c1oc2cnccc2c1Nc1ccc(Cl)c(O)c1,CHEMBL1667913,8.397940008672037,8.397940008672037,1
CC(C)NC(=O)c1oc2cnccc2c1Nc1ccc(Cl)c2[nH]ncc12,CHEMBL1667919,8.568636235841012,8.568636235841012,1
CC(C)NC(=O)c1oc2cnccc2c1Nc1ccc2c(O)cccc2c1,CHEMBL1667908,8.853871964321762,8.853871964321762,1
CC(C)NC(=O)c1oc2cnccc2c1Nc1ccc2c(c1)CN/C2=N\O,CHEMBL1667896,8.2839966563652,8.2839966563652,1
CC(C)NC(=O)c1oc2cnccc2c1Nc1ccc2c(c1)Cc1c[nH]nc1-2,CHEMBL1667900,7.42021640338319,7.42021640338319,1
CC(C)NCc1cc(NC(=O)C2CCc3ccc(Oc4ccnc(NC(=O)C5CC5)c4)cc3C2)cc(C(F)(F)F)c1,CHEMBL1688872,8.301029995663981,8.301029995663981,1
CC(C)NCc1cc(NC(=O)[C@H]2CCc3ccc(Oc4ccnc5c4CCC(=O)N5)cc3C2)cc(C(F)(F)F)c1,CHEMBL1688873,8.481486060122112,8.481486060122112,1
CC(C)NS(=O)(=O)Nc1cccc(Cn2c(=O)oc3cc(OC(=O)N(C)C)ccc3c2=O)c1F,CHEMBL3815096,6.6777807052660805,6.6777807052660805,1
CC(C)Nc1cc(NC(=O)Nc2ccc(Oc3ccnc(NC(=O)C4CC4)c3)c(F)c2)cc(C(F)(F)F)c1,CHEMBL3920464,7.464705879957229,7.464705879957229,1
CC(C)Nc1cc(Oc2ccc(NC(=O)Nc3cccc(C(F)(F)F)c3)cc2)ncn1,CHEMBL4873406,6.096910013008056,6.096910013008056,1
CC(C)Nc1nccc(-c2nc(C3CC3)[nH]c2-c2cc(F)cc(NS(C)(=O)=O)c2Cl)n1,CHEMBL3651650,7.6020599913279625,7.6020599913279625,1
CC(C)Oc1cc(F)ccc1Nc1ncnc2ccc(-c3ccc(C(=O)N4CCNCC4)cc3)nc12,CHEMBL4869634,5.654234306885511,5.654234306885511,1
CC(C)S(=O)(=O)Nc1ccc(F)c(Nc2ncccc2-c2ncnc3[nH]cnc23)c1F,CHEMBL3798327,7.558169282423191,7.537666648406569,4
CC(C)c1cc(-c2cccc(NC(=O)Nc3ccc(Cl)c(C(F)(F)F)c3)c2)[nH]n1,CHEMBL4453394,5.889410289700751,5.889410289700751,1
CC(C)c1cc(-c2cccc(NC(=O)Nc3ccc(Cl)c(Cl)c3)c2)[nH]n1,CHEMBL4466525,5.493494967595128,5.493494967595128,1
CC(C)c1cc(-c2cccc(NC(=O)Nc3cccc(C(F)(F)F)c3)c2)[nH]n1,CHEMBL4447362,5.274088367704952,5.274088367704952,1
CC(C)c1cc(-c2cccc(NC(=O)c3cc(N4CCN(C)CC4)cc(C(F)(F)F)c3)c2)[nH]n1,CHEMBL4568629,6.154901959985743,6.154901959985743,1
CC(C)c1cc(-c2cccc(NC(=O)c3cc(N4CCOCC4)cc(C(F)(F)F)c3)c2)[nH]n1,CHEMBL4443142,6.026872146400301,6.026872146400301,1
CC(C)c1cc(C(=O)Nc2ccc(Cl)c(-c3cc(N4CCOCC4)c(=O)n(C)c3)c2)ccn1,CHEMBL5751351,9.0,9.0,2
CC(C)c1cc(C(=O)Nc2cccc(Oc3cccc4[nH]c(=O)[nH]c34)c2)n(-c2ccccc2)n1,CHEMBL597589,5.961880090112487,5.961880090112487,2
CC(C)c1cc(C(=O)Nc2cnc(Cl)c(-c3cc(N4CCOCC4)c(=O)n(C)c3)c2)ccn1,CHEMBL5856956,8.431798275933005,8.431798275933005,2
CC(C)c1cc(NC(=O)Nc2ccc(Oc3ccnc4[nH]c(=O)[nH]c34)cc2)n(-c2ccccc2)n1,CHEMBL1092523,6.541142241720253,6.541142241720253,2
CC(C)c1ccc(C(=O)Nc2ccc(CN3CCN(C)CC3)c(C(F)(F)F)c2)cc1NC(=O)c1cnc2[nH]ccc2c1,CHEMBL3234757,6.537602002101044,6.537602002101044,1
CC(C)c1cccc(C(=O)Nc2cccc(Nc3ccnc(NC(=O)C4CC4)c3)c2)c1,CHEMBL3800043,7.357897466149103,7.357897466149103,2
CC(C)c1cccc(N2C(=O)c3ccccc3C2(O)c2ccc3c(c2)NC(=O)CO3)c1,CHEMBL3935590,7.0,7.0,1
CC(C)c1cccc(NC(=O)c2ccc(Cl)c(Nc3ncccc3-c3ncnc4[nH]cnc34)c2)c1,CHEMBL3354390,8.09312646527793,8.09312646527793,1
CC(C)c1cccc(Nc2nc3cc(Oc4ccnc(C(=O)NCCN5CCOCC5)c4)ccc3o2)c1,CHEMBL1778402,6.698970004336019,6.698970004336019,1
CC(C)c1cccc(Nc2nc3cc(Oc4ccnc(C(N)=O)c4)ccc3o2)c1,CHEMBL1778401,8.397940008672037,8.397940008672037,1
CC(C)c1nc(-c2cc(F)cc(NS(=O)(=O)c3c(F)cccc3F)c2)c(-c2ccnc(Nc3ccc(N4CCOCC4)nc3)n2)s1,CHEMBL1808263,9.045757490560675,9.045757490560675,1
CC(C)c1nc(-c2ccc(F)c(NS(=O)(=O)c3c(F)cccc3F)c2)c(-c2ccnc(NCCS(C)(=O)=O)n2)s1,CHEMBL2331621,7.886056647693163,7.7386568140661485,4
CC(C)c1nc(-c2ccc(F)c(NS(=O)(=O)c3c(F)cccc3F)c2)c(-c2ccnc(Nc3ccc(N4CCOCC4)nc3)n2)s1,CHEMBL1808264,8.42021640338319,8.420140231412319,3
CC(C)c1nc(-c2ccc(F)c(NS(=O)(=O)c3cccc(F)c3)c2)c(-c2ccnc(N)n2)s1,CHEMBL2337911,5.931722152918249,5.931722152918249,2
CC(C)c1nc(-c2cccc(NC(=O)c3c(F)cccc3F)c2)c(-c2ccnc(Nc3ccc4c(c3)CN(C)CC4)n2)s1,CHEMBL1807709,8.397940008672037,8.397940008672037,1
CC(C)c1nc(-c2cccc(NS(=O)(=O)c3c(F)cccc3F)c2)c(-c2ccnc(N)n2)s1,CHEMBL2337909,7.3979400086720375,7.325948309267374,4
CC(C)c1nc(-c2cccc(NS(=O)(=O)c3c(F)cccc3F)c2)c(-c2ccnc(NCCS(C)(=O)=O)n2)s1,CHEMBL2337915,9.0,8.84948500216801,4
CC(C)c1nc(-c2cccc(NS(=O)(=O)c3c(F)cccc3F)c2)c(-c2ccnc(Nc3ccc(N4CCOCC4)nc3)n2)s1,CHEMBL1808261,8.920818753952375,8.920818753952375,1
CC(C)c1nc(-c2cccc(NS(=O)(=O)c3c(F)cccc3F)c2F)c(-c2ccnc(NCCS(C)(=O)=O)n2)s1,CHEMBL2337916,8.83889035263304,8.83889035263304,2
CC(C)c1nc(-c2cccc(NS(=O)(=O)c3c(F)cccc3F)c2F)c(-c2ccnc(Nc3ccc(N4CCOCC4)nc3)n2)s1,CHEMBL1808262,8.42021640338319,8.453172854343192,3
CC(C)c1nc(-c2cccc(NS(=O)(=O)c3cccc(F)c3)c2)c(-c2ccnc(NC3CC3)n2)s1,CHEMBL2337912,7.523845995168937,7.523845995168937,2
CC(C)c1nc(-c2cccc(NS(=O)(=O)c3cccc(F)c3)c2)c(-c2ccnc(NCC(N)=O)n2)s1,CHEMBL2337913,7.958607314841775,7.865607681891095,4
CC(C)c1nc(-c2cccc(NS(=O)(=O)c3cccc(F)c3)c2)c(-c2ccnc(NCCCN(C)C)n2)s1,CHEMBL2337914,7.551450489942221,7.448105022105442,4
CC(C)c1nc(-c2cccc(NS(=O)(=O)c3ccccc3)c2)c(-c2ccnc(Nc3ccc4c(c3)CN(C)CC4)n2)s1,CHEMBL1807710,7.920818753952375,7.920818753952375,1
CC(C)n1cc(-c2ccnc(N)n2)c(-c2cc(Cl)cc(NS(C)(=O)=O)c2F)n1,CHEMBL3903732,8.366531544420413,8.165634771894135,6
CC(C)n1cc(-c2ccnc(NCCC#N)n2)c(-c2cc(Cl)cc(NS(C)(=O)=O)c2F)n1,CHEMBL3894746,8.698970004336019,8.698970004336019,1
CC(C)n1cc(-c2ccnc(NCCN(C)C)n2)c(-c2cc(Cl)cc(NS(C)(=O)=O)c2F)n1,CHEMBL3904742,7.045757490560675,6.914737460551521,6
CC(C)n1nc(C#Cc2cccc(NC(=O)c3cccc(C(F)(F)F)c3)c2)c2c(N)ncnc21,CHEMBL3736320,8.397940008672037,8.036712759580604,3
CC(C)n1nc(C#Cc2cccc3c(Nc4ccc(Cl)cc4)nccc23)c2c(N)ncnc21,CHEMBL4470801,7.537602002101044,7.537602002101044,1
CC(C)n1nc(C#Cc2cccc3c(Nc4cccc(C(F)(F)F)c4)nccc23)c2c(N)ncnc21,CHEMBL4539503,6.853871964321762,6.853871964321762,1
CC(C)n1nc(C#Cc2cccc3cc(-c4ccc(CN5CCN(C)CC5)cc4)ncc23)c2c(N)ncnc21,CHEMBL4237900,7.292429823902063,7.292429823902063,1
CC(C)n1nc(C#Cc2cccc3cc(-c4ccc(Cl)c(C(F)(F)F)c4)ncc23)c2c(N)ncnc21,CHEMBL4250674,7.060480747381382,7.060480747381382,1
CC(C)n1nc(C#Cc2cccc3cc(-c4ccc(Cl)cc4)ncc23)c2c(N)ncnc21,CHEMBL4243230,7.337242168318426,7.337242168318426,1
CC(C)n1nc(C#Cc2cccc3cc(-c4cccc(C(F)(F)F)c4)ncc23)c2c(N)ncnc21,CHEMBL4247506,7.520479303839453,7.520479303839453,2
CC(F)(F)c1cc(C(=O)Nc2c[nH]c(=O)c(-c3ccnc(N4CCOCC4)c3)c2)ccn1,CHEMBL3975403,4.6020599913279625,4.6020599913279625,4
CC(F)(F)c1cc(F)cc(NC(=O)Nc2ccc(Oc3ccnc(NC(=O)C4CC4)c3)cc2F)c1,CHEMBL3984219,8.050609993355087,8.050609993355087,1
CC(F)(F)c1cc(NC(=O)Nc2ccc(Oc3cc(NC(=O)C4CC4)ncn3)c(F)c2)ccc1Cl,CHEMBL3930387,6.815308569182401,6.815308569182401,1
CC(F)(F)c1cc(NC(=O)Nc2ccc(Oc3cc(NC(=O)C4CC4)ncn3)cc2F)ccc1Cl,CHEMBL3977258,7.619788758288394,7.619788758288394,1
CC(F)(F)c1cc(NC(=O)Nc2ccc(Oc3ccnc(NC(=O)C4CC4)c3)c(F)c2)ccc1Cl,CHEMBL3930516,7.494850021680094,7.494850021680094,1
CC(F)(F)c1cc(NC(=O)Nc2ccc(Oc3ccnc(NC(=O)C4CC4)c3)c(F)c2)ccc1F,CHEMBL3898941,7.251811972993799,7.251811972993799,1
CC(F)(F)c1cc(NC(=O)Nc2ccc(Oc3ccnc(NC(=O)C4CC4)c3)cc2)ccc1Cl,CHEMBL3961228,7.42021640338319,7.42021640338319,1
CC(F)(F)c1cc(NC(=O)Nc2ccc(Oc3ccnc(NC(=O)C4CC4)c3)cc2F)ccc1Cl,CHEMBL3909831,8.080921907623926,8.080921907623926,1
CC(F)(F)c1cc(NC(=O)Nc2ccc(Oc3ccnc(NC(=O)C4CC4)c3)cc2F)ccc1F,CHEMBL3954891,8.148741651280925,8.148741651280925,1
CC(F)(F)c1ccc(F)c(NC(=O)Nc2ccc(Oc3cc(NC(=O)C4CC4)ncn3)cc2F)c1,CHEMBL3908195,7.494850021680094,7.494850021680094,1
CC(F)(F)c1ccc(F)c(NC(=O)Nc2ccc(Oc3ccnc(NC(=O)C4CC4)c3)c(F)c2)c1,CHEMBL3893548,8.318758762624412,8.318758762624412,1
CC(F)(F)c1ccc(F)c(NC(=O)Nc2ccc(Oc3ccnc(NC(=O)C4CC4)c3)cc2)c1,CHEMBL3892248,7.795880017344075,7.795880017344075,1
CC(F)(F)c1ccc(F)c(NC(=O)Nc2ccc(Oc3ccnc(NC(=O)C4CC4)c3)cc2F)c1,CHEMBL3913137,8.10790539730952,8.10790539730952,1
CC(F)(F)c1cccc(NC(=O)Nc2ccc(Oc3ccnc(NC(=O)C4CC4)c3)cc2F)c1,CHEMBL3980939,8.050609993355087,8.050609993355087,1
CC(F)(F)c1ccnc(NC(=O)Nc2ccc(Oc3ccnc(NC(=O)C4CC4)c3)cc2)c1,CHEMBL3944994,7.823908740944319,7.823908740944319,1
CC(F)(F)c1ccnc(NC(=O)Nc2ccc(Oc3ccnc(NC(=O)C4CC4)c3)cc2F)c1,CHEMBL3910894,8.0,8.0,1
CC(F)(F)c1cncc(NC(=O)Nc2ccc(Oc3ccnc(NC(=O)C4CC4)c3)c(F)c2)c1,CHEMBL3939532,7.187086643357144,7.187086643357144,1
CC(F)(F)c1cncc(NC(=O)Nc2ccc(Oc3ccnc(NC(=O)C4CC4)c3)cc2)c1,CHEMBL3941664,7.6020599913279625,7.6020599913279625,1
CC(O)CNS(=O)(=O)c1ccc2[nH]c3c(C(N)=O)nccc3c2c1,CHEMBL2047059,4.657774770639209,4.657774770639209,1
CC1(C(=O)Nc2cc(Oc3ccc(NC(=O)Nc4ccc(Cl)c(C(F)(F)F)c4)cc3F)ccn2)CC1,CHEMBL3926946,7.6777807052660805,7.6777807052660805,1
CC1(C)C(=O)N([C@H]2CCc3c(O)cccc32)c2nc(Nc3ccccc3)ncc21,CHEMBL3884319,5.691435586438761,5.691435586438761,1
CC1(C)CN(CCNc2nccc(-c3c(-c4cccc(O)c4)nc4sccn34)n2)S(=O)(=O)N1,CHEMBL5088891,8.091773288708415,8.091773288708415,2
CC1(C)OC(c2ccnc(N)n2)=C(c2cc(Cl)cc(NS(=O)(=O)c3c(F)cccc3F)c2F)C1=O,CHEMBL3959779,8.259637310505756,8.259637310505756,1
CC1(C)OC(c2ccnc(N)n2)=C(c2cc(Cl)cc(NS(=O)(=O)c3cc(F)ccc3F)c2F)C1=O,CHEMBL3983123,9.221848749616356,9.221848749616356,1
CC1(C)OC(c2ccnc(N)n2)=C(c2cc(Cl)cc(NS(=O)(=O)c3ccc(F)cc3F)c2F)C1=O,CHEMBL3951054,8.0,8.0,1
CC1(C)OC(c2ccnc(N)n2)=C(c2cc(Cl)cc(NS(=O)(=O)c3cccc(F)c3)c2F)C1=O,CHEMBL3975151,8.920818753952375,8.920818753952375,1
CC1(C)OC(c2ccnc(N)n2)=C(c2cc(Cl)cc(NS(=O)(=O)c3ccccc3F)c2F)C1=O,CHEMBL3945780,8.602059991327963,8.602059991327963,1
CC1(C)OC(c2ccnc(NCCC#N)n2)=C(c2cc(Cl)cc(NS(=O)(=O)c3c(F)cccc3F)c2F)C1=O,CHEMBL3950482,8.602059991327963,8.602059991327963,1
CC1(C)OC(c2ccnc(NCCC#N)n2)=C(c2cc(Cl)cc(NS(=O)(=O)c3cc(F)ccc3F)c2F)C1=O,CHEMBL3941770,7.886056647693163,7.886056647693163,1
CC1(C)OC(c2ccnc(NCCC#N)n2)=C(c2cccc(NS(=O)(=O)c3c(F)cccc3F)c2F)C1=O,CHEMBL3890133,7.886056647693163,7.886056647693163,1
CC1(C)OC(c2ccnc(NCCO)n2)=C(c2cc(Cl)cc(NS(=O)(=O)c3cc(F)ccc3F)c2F)C1=O,CHEMBL3936301,7.958607314841775,7.958607314841775,1
CC1(C)OC(c2ccnc(S)n2)=C(c2cccc(NS(=O)(=O)c3c(F)cccc3F)c2F)C1=O,CHEMBL3976359,6.795880017344075,6.795880017344075,1
CC1(c2nc(-c3ccnc(NCCC#N)n3)c(-c3cc(Cl)cc(NS(C)(=O)=O)c3F)[nH]2)CC1,CHEMBL3651658,9.958607314841775,9.958607314841775,1
CC1(c2nc(-c3ccnc(NCCC#N)n3)c(-c3cc(F)cc(NS(C)(=O)=O)c3Cl)[nH]2)CC1,CHEMBL3651655,9.638272163982407,9.638272163982407,1
CC1(c2nc(-c3ccnc(NCCC#N)n3)c(-c3cccc(NS(C)(=O)=O)c3Cl)[nH]2)CC1,CHEMBL3651659,9.0,9.0,1
CC1=C(C#N)c2nc(N)c(C#N)c(C)c2/C1=C/c1ccc(O)cc1,CHEMBL1082551,4.698970004336019,4.698970004336019,1
CC1=Nc2ccc(NC(=O)c3ccc(C)c(Nc4ncnc5cnc(N6CCC(CN7CCCC7)CC6)nc45)c3)cc2C1(C)C,CHEMBL3641205,8.221848749616356,8.221848749616356,1
CC1CN(Cc2ccc(C(=O)N[C@@H]3[C@H]4Oc5ccc(Oc6ccnc7c6CCC(=O)N7)cc5[C@@H]34)cc2C(F)(F)F)CC(C)N1C(=O)OC(C)(C)C,CHEMBL5779745,8.09151498112135,8.09151498112135,1
CC1CN(c2cc(NC(=O)Nc3ccc(Oc4ccnc(NC(=O)C5CC5)c4)c(F)c3)cc(C(F)(F)F)c2)C(=O)O1,CHEMBL3909183,7.425968732272281,7.425968732272281,1
CC1CN(c2cc(NC(=O)Nc3ccc(Oc4ccnc(NC(=O)C5CC5)c4)c(F)c3)cc(C(F)(F)F)c2)CC(C)O1,CHEMBL3903645,7.133122185662501,7.133122185662501,1
CC1CN(c2cc(NC(=O)Nc3ccc(Oc4ccnc(NC(=O)C5CC5)c4)c(F)c3)cc(C(F)(F)F)c2)CCO1,CHEMBL3949794,7.647817481888637,7.647817481888637,1
CC1COCCN1c1nc(-c2c[nH]c3ccccc23)nc2c1CN(S(=O)(=O)C(C)C)C2,CHEMBL5194372,5.024982002367118,5.024982002367118,1
CC1Nc2nc(NC(=O)c3ccc[n+](C)c3)[nH]c(=O)c2N(C(=O)c2ccc[n+](C)c2)C1C,CHEMBL516963,4.531357331608489,4.531357331608489,1
CCC(=O)Nc1cc(Nc2cccc(NC(=O)c3cccc(C4CC4)c3)c2)ccn1,CHEMBL3797339,6.903089986991944,6.903089986991944,1
CCC(=O)Oc1ccc2c(=O)n(Cc3cccc(NS(=O)(=O)NC)c3F)c(=O)oc2c1,CHEMBL3813945,6.638272163982407,6.638272163982407,1
CCC(C)(C)c1cccc(C(=O)Nc2cccc(Oc3cccc4[nH]c(=O)[nH]c34)c2)c1,CHEMBL599660,6.453289157418882,6.453289157418882,2
CCC(C)S(=O)(=O)Nc1cc(Cl)cc(-c2[nH]c(C(C)(C)C)nc2-c2ccnc(NC[C@H](C)NC(=O)OC)n2)c1,CHEMBL3651612,9.301029995663981,9.301029995663981,1
CCC(C)S(=O)(=O)Nc1ccc(C)c(Nc2ncnc3cnc(N4CCN(C)CC4)nc23)c1,CHEMBL3643282,5.0,5.0,1
CCC(C)S(=O)(=O)Nc1ccc(F)c(Nc2ccc3ncn(C)c(=O)c3c2C)c1Cl,CHEMBL5592701,7.010105436281227,7.019597867099035,4
CCC(C)S(=O)(=O)Nc1ccc(F)c(Nc2ncccc2-c2ncnc3[nH]cnc23)c1F,CHEMBL3800227,7.568636235841012,7.714584866403315,3
CCC(F)(F)c1cc(C(=O)Nc2ccc(C)c(-c3cc(N4CCOCC4)c(=O)n(C)c3)c2)ccn1,CHEMBL5818526,8.698970004336019,8.698970004336019,2
CCC(F)(F)c1cc(C(=O)Nc2ccc(C)c(-c3cc(N4CCOCC4)c(=O)n(C)n3)c2)ccn1,CHEMBL5795411,8.886056647693163,8.886056647693163,2
CCC(F)(F)c1cc(C(=O)Nc2ccc(C)c(-c3cc(N4CCOCC4)c(OC)nn3)c2)ccn1,CHEMBL5796548,8.67778070526608,8.67778070526608,2
CCC(F)(F)c1cc(C(=O)Nc2ccc(C)c(-c3cc(N4CCOCC4)c(OCCO)nn3)c2)ccn1,CHEMBL6043039,8.823908740944319,8.823908740944319,2
CCC(F)(F)c1cc(C(=O)Nc2ccc(C)c(-c3cc(N4CCOCC4)c(S(C)(=O)=O)nn3)c2)ccn1,CHEMBL5833083,8.671620396561263,8.671620396561263,2
CCC(F)(F)c1cc(C(=O)Nc2ccc(C)c(-c3cc(N4CCOCC4)n(C)c(=O)c3)c2)ccn1,CHEMBL6032960,9.096910013008056,9.096910013008056,2
CCC(F)(F)c1cc(C(=O)Nc2cnc(C)c(-c3cc(C4COCCO4)nc(N4CCOCC4)c3)c2)ccn1,CHEMBL5765188,8.341035157335565,8.341035157335565,2
CCC(F)(F)c1cc(C(=O)Nc2cnc(C)c(-c3cc(N4CCOCC4)c(=O)n(C)n3)c2)ccn1,CHEMBL5878946,8.09151498112135,8.09151498112135,2
CCC(F)(F)c1cc(C(=O)Nc2cnc(C)c(-c3cc(N4CCOCC4)c(OC)nn3)c2)ccn1,CHEMBL6060575,8.327902142064282,8.327902142064282,2
CCC(F)(F)c1cc(C(=O)Nc2cnc(C)c(-c3cc(N4CCOCC4)c(OCC(F)F)nn3)c2)ccn1,CHEMBL6002849,8.709965388637482,8.709965388637482,2
CCC(F)(F)c1cc(C(=O)Nc2cnc(C)c(-c3cc(N4CCOCC4)c(S(C)(=O)=O)nn3)c2)ccn1,CHEMBL5955851,7.917229461638813,7.917229461638813,2
CCC(F)(F)c1cc(C(=O)Nc2cnc(C)c(-c3cc(N4CCOCC4)n4nccc4n3)c2)ccn1,CHEMBL5906473,8.698970004336019,8.698970004336019,2
CCC(F)(F)c1cc(C(=O)Nc2cnc(C)c(-c3cc(NCCO)nc(N4CCOCC4)c3)c2)ccn1,CHEMBL5985541,7.962591779677412,7.962591779677412,2
CCC(F)(F)c1cc(C(=O)Nc2cnc(C)c(-c3cnc(OC(F)F)c(N4CCOCC4)c3)c2)ccn1,CHEMBL5944479,8.52432881167557,8.52432881167557,2
CCC(F)(F)c1cc(C(=O)Nc2cnc(C)c(-c3cnc(OC)c(C4(C#N)COC4)c3)c2)ccn1,CHEMBL5974973,5.143210711246684,5.143210711246684,1
CCC(F)(F)c1cc(C(=O)Nc2cnc(C)c(-c3cncc(N4CCOCC4)n3)c2)ccn1,CHEMBL5935385,8.356547323513812,8.356547323513812,2
CCCC(=O)Oc1ccc2c(=O)n(Cc3cccc(NS(=O)(=O)NC)c3F)c(=O)oc2c1,CHEMBL3815032,5.920818753952375,5.920818753952375,1
CCCC(=O)c1sc2cnccc2c1Nc1ccc2c(c1)CC/C2=N/O,CHEMBL1668915,6.853871964321762,6.853871964321762,1
CCCC(C)S(=O)(=O)Nc1ccc(F)c(Nc2ncccc2-c2ncnc3[nH]cnc23)c1F,CHEMBL3799288,6.950781977329818,7.193855373306558,3
CCCC1CCCCN1C(=O)c1cc(Oc2ccc3c(c2)nc(Nc2ccc(Br)cc2)n3C)ccn1,CHEMBL486341,8.154901959985743,8.154901959985743,1
CCCCCC(=O)N[C@@H]1[C@H]2Oc3ccc(Oc4ccnc5c4CCC(=O)N5)cc3[C@@H]12,CHEMBL6059204,9.221848749616356,9.221848749616356,1
CCCCCCC(=O)N[C@@H]1[C@H]2Oc3ccc(Oc4ccnc5c4CCC(=O)N5)cc3[C@@H]12,CHEMBL6000502,9.113509274827518,9.113509274827518,1
CCCCCCCC(=O)N[C@@H]1[C@H]2Oc3ccc(Oc4ccnc5c4CCC(=O)N5)cc3[C@@H]12,CHEMBL5900414,8.698970004336019,8.698970004336019,1
CCCCCCCCCC(=O)N[C@@H]1[C@H]2Oc3ccc(Oc4ccnc5c4CCC(=O)N5)cc3[C@@H]12,CHEMBL6006366,7.619788758288394,7.619788758288394,1
CCCCCCCCCCNC(=O)N[C@@H]1[C@H]2Oc3ccc(Oc4ccnc5c4CCC(=O)N5)cc3[C@@H]12,CHEMBL5907949,3.889410289700751,3.889410289700751,1
CCCCCCCCCCS(=O)(=O)Nc1cc(Sc2ncn[nH]2)c(O)c2ccccc12,CHEMBL2088023,5.736830361305078,5.736830361305078,2
CCCCCCCCNC(=O)N[C@@H]1[C@H]2Oc3ccc(Oc4ccnc5c4CCC(=O)N5)cc3[C@@H]12,CHEMBL5987081,4.920818753952375,4.920818753952375,1
CCCCCCCCS(=O)(=O)Nc1cc(Sc2ncn[nH]2)c(O)c2ccccc12,CHEMBL2088024,5.961279707764338,5.961279707764338,2
CCCCCCNC(=O)N[C@@H]1[C@H]2Oc3ccc(Oc4ccnc5c4CCC(=O)N5)cc3[C@@H]12,CHEMBL5777995,6.142667503568731,6.142667503568731,1
CCCCN1C(=O)c2ccccc2C1(O)c1ccc2c(c1)NC(=O)CO2,CHEMBL3900407,6.0,6.0,1
CCCCN1CCN(Oc2cc3nccc(Oc4ccc(NS(=O)(=O)c5cc(F)ccc5F)cc4F)c3cc2OC)CC1,CHEMBL5289047,7.020479303839453,7.020479303839453,2
CCCCN1CCN(c2cncc(-c3cn(-c4cc(C(=O)Nc5cc(C(C)(C)C)on5)ccc4C)nn3)c2)CC1,CHEMBL3946198,7.823908740944319,7.823908740944319,1
CCCCS(=O)(=O)Nc1ccc(F)c(-c2cc3cnc4[nH]nc(C5CC5)c4c3cc2OC)c1Cl,CHEMBL3753363,7.769551078621726,7.769551078621726,1
CCCCS(=O)(=O)Nc1ccc(F)c(C(=O)Nc2cnc3[nH]ccc3c2)c1F,CHEMBL1822100,7.3979400086720375,7.3979400086720375,1
CCCCc1ccc(Nc2nc3cc(Oc4ccnc(C(=O)NC)c4)ccc3o2)cc1,CHEMBL1778396,7.958607314841775,7.958607314841775,1
CCCCc1ccc(Nc2nc3cc(Oc4ccnc(C(=O)NC)c4)ccc3s2)cc1,CHEMBL1778407,7.187086643357144,7.187086643357144,1
CCCN(C(=O)c1cccc(C(F)(F)F)c1)c1cnc(C)c(-c2cnc(OC3CCOCC3)c(N3CCOCC3)c2)c1,CHEMBL5879072,5.619788758288394,5.619788758288394,2
CCCN1CCC(Cc2ccc3ncnc(Nc4cc(C(=O)Nc5cc(C(C)(C)C)cc(NS(C)(=O)=O)c5OC)ccc4C)c3n2)CC1,CHEMBL3659955,6.234331445240986,6.234331445240986,1
CCCN1CCN(c2cncc(-c3cn(-c4cc(C(=O)Nc5cc(C(C)(C)C)on5)ccc4C)nn3)c2)CC1,CHEMBL3974879,8.096910013008056,8.096910013008056,1
CCCN1CCN(c2cncc(-c3cn(-c4cc(NC(=O)c5cc(C)n(C(C)(C)C)n5)ccc4C)nn3)c2)CC1,CHEMBL3917377,7.958607314841775,7.958607314841775,1
CCCN1CCN(c2cncc(-c3cn(-c4cc(NC(=O)c5ccc(C(C)(C)C)s5)ccc4C)nn3)c2)CC1,CHEMBL3970814,8.045757490560675,8.045757490560675,1
CCCNS(=O)(=O)c1ccc2[nH]c3c(C(N)=O)nccc3c2c1,CHEMBL2047056,4.54500278269054,4.54500278269054,1
CCCNc1cc(C2(C(=O)Nc3cc(C(=O)Nc4ccc(Cl)c(C(F)(F)F)c4)ccc3C)CC2)ncn1,CHEMBL4068793,7.336299074610352,7.336299074610352,1
CCCNc1cc(Oc2ccc(NC(=O)Nc3cccc(C(F)(F)F)c3)cc2)ncn1,CHEMBL4877505,6.200659450546418,6.200659450546418,1
CCCNc1nccc(-c2nc(C3CC3)[nH]c2-c2cc(F)cc(NS(=O)(=O)CCC)c2Cl)n1,CHEMBL3651644,9.4089353929735,9.4089353929735,1
CCCNc1nccc(-c2nc(C3CC3)[nH]c2-c2cc(F)cc(NS(C)(=O)=O)c2Cl)n1,CHEMBL3651646,8.301029995663981,8.301029995663981,1
CCCS(=O)(=O)Nc1c(F)ccc(-c2[nH]c(C(C)(C)C)nc2-c2ccnc(NC[C@H](C)NC(=O)OC)n2)c1F,CHEMBL3651703,9.920818753952375,9.920818753952375,1
CCCS(=O)(=O)Nc1c(F)ccc(-c2nn(C(C)C)cc2-c2ccnc(NC[C@H](C)NC(=O)OC)n2)c1F,CHEMBL3901648,8.568636235841012,8.454872971149705,6
CCCS(=O)(=O)Nc1cc(C)cc(Nc2ccc3ncn(C)c(=O)c3c2C)c1F,CHEMBL5765185,6.8297382846050425,6.8297382846050425,2
CCCS(=O)(=O)Nc1cc(C)cc(Oc2ccc3ncn(C)c(=O)c3c2C)c1F,CHEMBL6055470,7.126098402135539,7.126098402135539,2
CCCS(=O)(=O)Nc1cc(Cl)cc(-c2[nH]c(C(C)(C)C)nc2-c2ccnc(N)n2)c1F,CHEMBL3651664,10.096910013008056,10.096910013008056,1
CCCS(=O)(=O)Nc1cc(Cl)cc(-c2[nH]c(C(C)(C)C)nc2-c2ccnc(NC[C@H](C)NC(=O)OC)n2)c1,CHEMBL3651609,10.0,10.0,1
CCCS(=O)(=O)Nc1cc(Cl)cc(-c2[nH]c(C(C)(C)C)nc2-c2ccnc(NC[C@H](C)NC(=O)OC)n2)c1F,CHEMBL3651700,9.275724130399212,9.275724130399212,1
CCCS(=O)(=O)Nc1cc(Cl)cc(-c2[nH]c(C3CC3)nc2-c2ccnc(NC[C@H](C)NC(=O)OC)n2)c1F,CHEMBL3651627,9.050609993355087,9.050609993355087,1
CCCS(=O)(=O)Nc1cc(Cl)cc(-c2nn(C(C)C)cc2-c2ccnc(NC[C@H](C)NC(=O)OC)n2)c1,CHEMBL3932572,9.698970004336019,9.582475003613348,6
CCCS(=O)(=O)Nc1cc(Cl)cc(-c2nn(C(C)C)cc2-c2ccnc(NC[C@H](C)NC(=O)OC)n2)c1F,CHEMBL3944081,8.698970004336019,8.698970004336019,1
CCCS(=O)(=O)Nc1cc(Cl)cc(C2=C(c3ccnc(N)n3)OC(C)(CC(C)C)C2=O)c1F,CHEMBL3965632,7.154901959985743,7.154901959985743,1
CCCS(=O)(=O)Nc1cc(Cl)cc(Nc2ccc3ncn(C)c(=O)c3c2C)c1Cl,CHEMBL5926596,8.522878745280337,8.522878745280337,2
CCCS(=O)(=O)Nc1cc(Cl)cc(Nc2ccc3ncn(C)c(=O)c3c2C)c1F,CHEMBL5792289,8.337242168318426,8.337242168318426,2
CCCS(=O)(=O)Nc1cc(Cl)cc(Oc2ccc3ncn(C)c(=O)c3c2C)c1F,CHEMBL6046073,8.593459819566045,8.593459819566045,2
CCCS(=O)(=O)Nc1cc(F)c(C(=O)c2c[nH]c3ncc(-c4ccc(Cl)cc4)cc23)c(F)c1,CHEMBL3415553,7.2543191530828635,7.2543191530828635,2
CCCS(=O)(=O)Nc1cc(F)c(C(=O)c2c[nH]c3ncc(Cl)cc23)c(F)c1,CHEMBL3415554,7.340968332518619,7.340968332518619,2
CCCS(=O)(=O)Nc1cc(F)c(F)c(C(=O)Nc2cnc3[nH]ccc3c2)c1F,CHEMBL1822085,7.721246399047171,7.721246399047171,1
CCCS(=O)(=O)Nc1cc(F)c(F)c(C(=O)Nc2cnc3[nH]nc(OC)c3c2)c1F,CHEMBL1822074,8.638272163982407,8.638272163982407,1
CCCS(=O)(=O)Nc1cc(F)c(F)c(Nc2ccc3ncn(C)c(=O)c3c2C)c1Cl,CHEMBL5583891,8.886056647693163,8.906974277398804,6
CCCS(=O)(=O)Nc1cc(F)c(F)c(Nc2ccc3ncn(C)c(=O)c3c2C)c1F,CHEMBL5899793,8.204119982655925,8.204119982655925,2
CCCS(=O)(=O)Nc1cc(F)c(F)c(Oc2ccc3ncn(C)c(=O)c3c2C)c1Cl,CHEMBL5875580,8.809668301829708,8.809668301829708,2
CCCS(=O)(=O)Nc1cc(F)c(F)c(Oc2ccc3ncn(C)c(=O)c3c2C)c1F,CHEMBL5797896,8.113509274827518,8.113509274827518,2
CCCS(=O)(=O)Nc1cc(F)cc(-c2[nH]c(C(C)(C)C)nc2-c2ccnc(NC[C@H](C)NC(=O)OC)n2)c1Cl,CHEMBL3651638,9.0,9.0,1
CCCS(=O)(=O)Nc1cc(F)cc(-c2[nH]c(C3CC3)nc2-c2ccnc(N)n2)c1Cl,CHEMBL3651675,9.698970004336019,9.698970004336019,1
CCCS(=O)(=O)Nc1cc(F)cc(-c2[nH]c(C3CC3)nc2-c2ccnc(NC(C)C)n2)c1Cl,CHEMBL3651651,8.301029995663981,8.301029995663981,1
CCCS(=O)(=O)Nc1cc(F)cc(-c2[nH]c(C3CC3)nc2-c2ccnc(NC)n2)c1Cl,CHEMBL3651680,9.958607314841775,9.958607314841775,1
CCCS(=O)(=O)Nc1cc(F)cc(-c2[nH]c(C3CC3)nc2-c2ccnc(NCC)n2)c1Cl,CHEMBL3651649,9.0,9.0,1
CCCS(=O)(=O)Nc1cc(F)cc(-c2[nH]c(C3CC3)nc2-c2ccncn2)c1Cl,CHEMBL3651692,8.397940008672037,8.397940008672037,1
CCCS(=O)(=O)Nc1cc(F)cc(C(=O)Nc2cnc3[nH]ccc3c2)c1F,CHEMBL1822084,7.119186407719209,7.119186407719209,1
CCCS(=O)(=O)Nc1cc(F)cc(C(=O)Nc2cnc3[nH]nc(OC)c3c2)c1F,CHEMBL1822073,8.1249387366083,8.1249387366083,1
CCCS(=O)(=O)Nc1cc(F)cc(Nc2ccc3ncn(C)c(=O)c3c2C)c1Cl,CHEMBL5780307,8.010995384301463,8.010995384301463,2
CCCS(=O)(=O)Nc1cc(F)cc(Nc2ccc3ncn(C)c(=O)c3c2C)c1F,CHEMBL5818063,7.79317412396815,7.79317412396815,2
CCCS(=O)(=O)Nc1cc(F)cc(Oc2ccc3ncn(C)c(=O)c3c2C)c1Cl,CHEMBL5845875,8.449771646944907,8.449771646944907,2
CCCS(=O)(=O)Nc1cc(F)cc(Oc2ccc3ncn(C)c(=O)c3c2C)c1F,CHEMBL5788875,8.292429823902063,8.292429823902063,2
CCCS(=O)(=O)Nc1ccc(C)c(-c2ccc3nc(N)ncc3c2)c1,CHEMBL2023339,6.892790030352131,6.891865588628124,3
CCCS(=O)(=O)Nc1ccc(C)c(C(=O)Nc2cnc3[nH]ccc3c2)c1F,CHEMBL1822086,6.769551078621726,6.769551078621726,1
CCCS(=O)(=O)Nc1ccc(C)c(Nc2ccc3ncn(C)c(=O)c3c2)c1,CHEMBL3236465,6.070070439915412,6.070070439915412,1
CCCS(=O)(=O)Nc1ccc(C)c(Nc2ncnc3cnc(N4CCN(C)CC4)nc23)c1,CHEMBL3643291,5.698970004336019,5.698970004336019,1
CCCS(=O)(=O)Nc1ccc(Cl)c(-c2cc3cnc4[nH]ncc4c3cc2OC)c1Cl,CHEMBL3751892,7.698970004336019,7.698970004336019,1
CCCS(=O)(=O)Nc1ccc(Cl)c(C(=O)Nc2cnc3[nH]cc(OC)c3c2)c1F,CHEMBL4288883,8.769806696356895,8.769806696356895,2
CCCS(=O)(=O)Nc1ccc(Cl)c(C(=O)Nc2cnc3[nH]ccc3c2)c1,CHEMBL1822082,7.055517327849831,7.055517327849831,1
CCCS(=O)(=O)Nc1ccc(Cl)c(C(=O)Nc2cnc3[nH]ccc3c2)c1Cl,CHEMBL1822080,8.080921907623926,8.080921907623926,1
CCCS(=O)(=O)Nc1ccc(Cl)c(C(=O)Nc2cnc3[nH]ccc3c2)c1F,CHEMBL1822079,8.199970640755865,8.056727056641336,3
CCCS(=O)(=O)Nc1ccc(Cl)c(C(=O)Nc2cnc3[nH]nc(OC)c3c2)c1,CHEMBL1822071,7.214670164989233,7.214670164989233,1
CCCS(=O)(=O)Nc1ccc(Cl)c(C(=O)Nc2cnc3[nH]nc(OC)c3c2)c1Cl,CHEMBL1822069,8.853871964321762,8.853871964321762,1
CCCS(=O)(=O)Nc1ccc(Cl)c(C(=O)Nc2cnc3[nH]nc(OC)c3c2)c1F,CHEMBL1822068,8.234260541478871,8.054397000470935,6
CCCS(=O)(=O)Nc1ccc(Cl)c(C(=O)Nc2cnc3[nH]ncc3c2)c1F,CHEMBL1945165,7.251811972993799,7.234761132178005,3
CCCS(=O)(=O)Nc1ccc(Cl)c(N(C)c2ccc3ncn(C)c(=O)c3c2)c1F,CHEMBL3233047,7.31120118694554,7.4737152792156305,4
CCCS(=O)(=O)Nc1ccc(Cl)c(NC(=O)c2cccc3c(N)ncnc23)c1F,CHEMBL2046458,9.229147988357855,8.927651142524354,4
CCCS(=O)(=O)Nc1ccc(Cl)c(NC(=O)c2csc3c(N)ncnc23)c1F,CHEMBL2047877,9.045757490560675,8.7156843684113,4
CCCS(=O)(=O)Nc1ccc(Cl)c(Nc2ccc3ncn(C)c(=O)c3c2)c1C#N,CHEMBL3236463,8.747425010840047,8.747425010840047,2
CCCS(=O)(=O)Nc1ccc(Cl)c(Nc2ccc3ncn(C)c(=O)c3c2)c1F,CHEMBL3236462,7.077612349316466,7.230938777050563,4
CCCS(=O)(=O)Nc1ccc(Cl)c(Nc2ccc3ncn(C)c(=O)c3c2C)c1Cl,CHEMBL5801663,7.856985199745905,7.856985199745905,2
CCCS(=O)(=O)Nc1ccc(Cl)c(Nc2ccc3ncn(C)c(=O)c3c2C)c1F,CHEMBL5789810,7.357535479757878,7.357535479757878,2
CCCS(=O)(=O)Nc1ccc(Cl)c(Oc2ccc3ncn(C)c(=O)c3c2)c1C#N,CHEMBL3236470,8.761439372640169,8.761439372640169,2
CCCS(=O)(=O)Nc1ccc(F)c(-c2[nH]c(C3CC3)nc2-c2ccnc(NC[C@H](C)NC(=O)OC)n2)c1Cl,CHEMBL3651636,9.346787486224656,9.346787486224656,1
CCCS(=O)(=O)Nc1ccc(F)c(-c2cc3cnc(N)cc3cc2OC)c1F,CHEMBL3752762,9.096910013008056,9.096910013008056,1
CCCS(=O)(=O)Nc1ccc(F)c(-c2cc3cnc(N)nc3n(C)c2=O)c1F,CHEMBL2023340,8.0,7.7578792628615165,4
CCCS(=O)(=O)Nc1ccc(F)c(-c2cc3cnc(NC)nc3n(C)c2=O)c1F,CHEMBL2023341,8.045757490560675,7.87206964020567,4
CCCS(=O)(=O)Nc1ccc(F)c(-c2cc3cnc(NC4CCOCC4)nc3n(C)c2=O)c1F,CHEMBL2023499,7.821891432890133,7.651092186651032,4
CCCS(=O)(=O)Nc1ccc(F)c(-c2cc3cnc(NCC4CC4)nc3n(C)c2=O)c1F,CHEMBL2023342,8.521435901161594,8.283596695861135,4
CCCS(=O)(=O)Nc1ccc(F)c(-c2cc3cnc(NCCCO)nc3n(C)c2=O)c1F,CHEMBL2023498,8.152465023828446,7.961762037730725,4
CCCS(=O)(=O)Nc1ccc(F)c(-c2cc3cnc(NCCO)nc3n(C)c2=O)c1F,CHEMBL2023497,8.22090981113951,8.043076669515276,4
CCCS(=O)(=O)Nc1ccc(F)c(-c2cc3cnc(NC[C@H](C)NC(=O)OC)cc3cc2CC)c1F,CHEMBL3753260,9.221848749616356,9.221848749616356,1
CCCS(=O)(=O)Nc1ccc(F)c(-c2cc3cnc(NC[C@H](C)NC(=O)OC)cc3cc2OC)c1F,CHEMBL3752213,10.0,10.0,1
CCCS(=O)(=O)Nc1ccc(F)c(-c2cc3cnc(Nc4ccccc4)nc3n(C)c2=O)c1F,CHEMBL2023500,9.300509466670935,9.050769731167458,4
CCCS(=O)(=O)Nc1ccc(F)c(-c2cc3cnc(Nc4cccnc4)nc3n(C)c2=O)c1F,CHEMBL2023501,9.300509466670935,9.106231918571547,4
CCCS(=O)(=O)Nc1ccc(F)c(-c2cc3cnc(Nc4cnn(C)c4)nc3n(C)c2=O)c1F,CHEMBL2023502,9.397940008672037,9.298971959939994,4
CCCS(=O)(=O)Nc1ccc(F)c(-c2cc3cnc4[nH]nc(C5CC5)c4c3cc2OC)c1Cl,CHEMBL3753972,7.096910013008056,7.096910013008056,1
CCCS(=O)(=O)Nc1ccc(F)c(-c2cc3cnc4[nH]nc(C5CC5)c4c3cc2OC)c1F,CHEMBL3753129,6.657577319177793,6.657577319177793,1
CCCS(=O)(=O)Nc1ccc(F)c(-c2cc3cnc4[nH]ncc4c3cc2OC)c1Cl,CHEMBL3752457,7.958607314841775,7.958607314841775,1
CCCS(=O)(=O)Nc1ccc(F)c(-c2cc3cnc4[nH]ncc4c3cc2OC)c1F,CHEMBL3753663,7.154901959985743,7.154901959985743,1
CCCS(=O)(=O)Nc1ccc(F)c(-c2cc3cncc(Br)c3cn2)c1F,CHEMBL2023332,7.141344530963355,6.938545930695089,4
CCCS(=O)(=O)Nc1ccc(F)c(-c2cc3cnccc3c(=O)n2C)c1F,CHEMBL2023333,7.1487416512809245,6.949787844813017,4
CCCS(=O)(=O)Nc1ccc(F)c(-c2cc3cnccc3cn2)c1F,CHEMBL2023331,6.617982957425132,6.502254137416174,4
CCCS(=O)(=O)Nc1ccc(F)c(-c2cc3cnccc3n(CCc3ccccc3)c2=O)c1F,CHEMBL2023334,7.886056647693163,7.3991544294085205,4
CCCS(=O)(=O)Nc1ccc(F)c(-c2ccc3cc(N)ncc3c2)c1F,CHEMBL2023335,6.260427655549908,6.710334187269807,4
CCCS(=O)(=O)Nc1ccc(F)c(-c2ccc3cc(NC[C@H](C)NC(=O)OC)ncc3c2)c1F,CHEMBL3754618,9.096910013008056,9.096910013008056,1
CCCS(=O)(=O)Nc1ccc(F)c(-c2ccc3ccncc3c2)c1F,CHEMBL2023329,6.468521082957745,6.4690158309487815,3
CCCS(=O)(=O)Nc1ccc(F)c(-c2ccc3ccncc3n2)c1F,CHEMBL2023330,5.442974277613617,5.441982873580098,3
CCCS(=O)(=O)Nc1ccc(F)c(-c2ccc3nc(N)ncc3c2)c1F,CHEMBL2023336,6.851941753915143,6.680992774373892,4
CCCS(=O)(=O)Nc1ccc(F)c(-c2nn(C(C)C)cc2-c2ccnc(NC[C@H](C)NC(=O)OC)n2)c1F,CHEMBL3920123,9.154901959985743,8.978569968822795,6
CCCS(=O)(=O)Nc1ccc(F)c(-n2cc(-c3cncc(OC)c3)c3nc(N(C)C4CCN(C)CC4)cnc32)c1F,CHEMBL3702558,7.795880017344075,7.795880017344075,1
CCCS(=O)(=O)Nc1ccc(F)c(-n2cc(-c3cncc(OC)c3)c3nc(N(C)C4CCN(C)CC4)ncc32)c1F,CHEMBL3702560,8.154901959985743,8.154901959985743,1
CCCS(=O)(=O)Nc1ccc(F)c(-n2cc(-c3cncc(OC)c3)c3nc(N4CCN(C)CC4)ccc32)c1F,CHEMBL3702556,6.527243550682788,6.527243550682788,1
CCCS(=O)(=O)Nc1ccc(F)c(-n2cc(-c3cncc(OC)c3)c3nc(N4CCN(C)CC4)ncc32)c1F,CHEMBL3702559,5.792365632611038,5.792365632611038,1
CCCS(=O)(=O)Nc1ccc(F)c(-n2cc(-c3cncc(OC)c3)c3nc(N4CCN(CCOC)CC4)ccc32)c1F,CHEMBL3702557,6.903089986991944,6.903089986991944,1
CCCS(=O)(=O)Nc1ccc(F)c(-n2cc(-c3cncnc3)c3nc(N(C)C4CCN(C)CC4)ncc32)c1F,CHEMBL3702561,8.397940008672037,8.397940008672037,1
CCCS(=O)(=O)Nc1ccc(F)c(-n2cc(-c3cncnc3)c3nc(N(C)C4CCN(C5CC5)CC4)ncc32)c1F,CHEMBL3702563,7.537602002101044,7.537602002101044,1
CCCS(=O)(=O)Nc1ccc(F)c(-n2cc(-c3cncnc3)c3nc(N(C)C4CCN(CC)CC4)ccc32)c1F,CHEMBL4212692,9.34948500216801,9.298455006504028,4
CCCS(=O)(=O)Nc1ccc(F)c(-n2cc(-c3cncnc3)c3nc(N(C)C4CCN(CC)CC4)ncc32)c1F,CHEMBL3702562,7.795880017344075,7.795880017344075,1
CCCS(=O)(=O)Nc1ccc(F)c(-n2cc(-c3cncnc3)c3nc(N(C)C4CCN(CCOC)CC4)ncc32)c1F,CHEMBL3702564,7.376750709602099,7.376750709602099,1
CCCS(=O)(=O)Nc1ccc(F)c(-n2cc(-c3cncnc3)c3nc(N(C)C4CCNCC4)ncc32)c1F,CHEMBL3702565,7.3872161432802645,7.3872161432802645,1
CCCS(=O)(=O)Nc1ccc(F)c(C(=O)Nc2ccc(N)nc2)c1F,CHEMBL1945019,6.036921418492212,5.898508569597997,6
CCCS(=O)(=O)Nc1ccc(F)c(C(=O)Nc2cccnc2)c1F,CHEMBL1945018,5.291430295136337,5.291503450113622,4
CCCS(=O)(=O)Nc1ccc(F)c(C(=O)Nc2cnc(N)c(Br)c2)c1F,CHEMBL1945020,6.508638306165727,6.462688124986625,3
CCCS(=O)(=O)Nc1ccc(F)c(C(=O)Nc2cnc3[nH]c(-c4ccc(Br)cc4)nc3c2)c1F,CHEMBL2436804,7.936123742083513,7.936123742083513,2
CCCS(=O)(=O)Nc1ccc(F)c(C(=O)Nc2cnc3[nH]c(-c4ccc(C#N)cc4)nc3c2)c1F,CHEMBL2436793,7.595119167446438,7.595119167446438,2
CCCS(=O)(=O)Nc1ccc(F)c(C(=O)Nc2cnc3[nH]c(-c4ccc(C(F)(F)F)cc4)nc3c2)c1F,CHEMBL2436791,7.952240978838424,7.952240978838424,2
CCCS(=O)(=O)Nc1ccc(F)c(C(=O)Nc2cnc3[nH]c(-c4ccc(C)cc4)nc3c2)c1F,CHEMBL2436790,8.097930283832325,8.097930283832325,2
CCCS(=O)(=O)Nc1ccc(F)c(C(=O)Nc2cnc3[nH]c(-c4ccc(Cl)c(Cl)c4)nc3c2)c1F,CHEMBL2436803,7.957711861032834,7.957711861032834,2
CCCS(=O)(=O)Nc1ccc(F)c(C(=O)Nc2cnc3[nH]c(-c4ccc(Cl)cc4)cc3c2)c1F,CHEMBL2436809,8.159379381312206,8.159379381312206,2
CCCS(=O)(=O)Nc1ccc(F)c(C(=O)Nc2cnc3[nH]c(-c4ccc(Cl)cc4)nc3c2)c1F,CHEMBL2436808,7.73083883338428,7.73083883338428,2
CCCS(=O)(=O)Nc1ccc(F)c(C(=O)Nc2cnc3[nH]c(-c4ccc(F)c(F)c4)nc3c2)c1F,CHEMBL2436802,7.590359676513759,7.590359676513759,2
CCCS(=O)(=O)Nc1ccc(F)c(C(=O)Nc2cnc3[nH]c(-c4ccc(F)cc4)cc3c2)c1F,CHEMBL2436921,8.328788659588897,8.328788659588897,2
CCCS(=O)(=O)Nc1ccc(F)c(C(=O)Nc2cnc3[nH]c(-c4ccc(F)cc4)nc3c2)c1F,CHEMBL2436920,7.167265791848046,7.167265791848046,2
CCCS(=O)(=O)Nc1ccc(F)c(C(=O)Nc2cnc3[nH]c(-c4ccc(OC(F)(F)F)cc4)nc3c2)c1F,CHEMBL2436792,7.833780770042198,7.833780770042198,2
CCCS(=O)(=O)Nc1ccc(F)c(C(=O)Nc2cnc3[nH]c(-c4ccc(OC)cc4)nc3c2)c1F,CHEMBL2436789,7.910943373842684,7.910943373842684,2
CCCS(=O)(=O)Nc1ccc(F)c(C(=O)Nc2cnc3[nH]c(-c4ccc(S(C)(=O)=O)cc4)nc3c2)c1F,CHEMBL2436794,7.495870292504362,7.495870292504362,2
CCCS(=O)(=O)Nc1ccc(F)c(C(=O)Nc2cnc3[nH]c(-c4cccc(Br)c4)nc3c2)c1F,CHEMBL2436807,7.94182898040583,7.94182898040583,2
CCCS(=O)(=O)Nc1ccc(F)c(C(=O)Nc2cnc3[nH]c(-c4cccc(C(F)(F)F)c4)nc3c2)c1F,CHEMBL2436796,7.97346077825829,7.97346077825829,2
CCCS(=O)(=O)Nc1ccc(F)c(C(=O)Nc2cnc3[nH]c(-c4cccc(Cl)c4)nc3c2)c1F,CHEMBL2436806,8.06304920106777,8.06304920106777,2
CCCS(=O)(=O)Nc1ccc(F)c(C(=O)Nc2cnc3[nH]c(-c4cccc(F)c4)nc3c2)c1F,CHEMBL2436805,7.517211021044735,7.517211021044735,2
CCCS(=O)(=O)Nc1ccc(F)c(C(=O)Nc2cnc3[nH]c(-c4cccc(OC)c4)nc3c2)c1F,CHEMBL2436795,7.743924731538985,7.743924731538985,2
CCCS(=O)(=O)Nc1ccc(F)c(C(=O)Nc2cnc3[nH]c(-c4ccccc4)cc3c2)c1F,CHEMBL2436919,8.247425010840047,8.247425010840047,2
CCCS(=O)(=O)Nc1ccc(F)c(C(=O)Nc2cnc3[nH]c(-c4ccccc4)nc3c2)c1F,CHEMBL2436813,7.837653043069112,7.837653043069112,2
CCCS(=O)(=O)Nc1ccc(F)c(C(=O)Nc2cnc3[nH]c(-c4ccccc4Br)nc3c2)c1F,CHEMBL2436801,6.795913949251473,6.795913949251473,2
CCCS(=O)(=O)Nc1ccc(F)c(C(=O)Nc2cnc3[nH]c(-c4ccccc4Cl)nc3c2)c1F,CHEMBL2436800,6.911390520333642,6.911390520333642,2
CCCS(=O)(=O)Nc1ccc(F)c(C(=O)Nc2cnc3[nH]c(-c4ccccc4F)nc3c2)c1F,CHEMBL2436799,7.4370967709302365,7.4370967709302365,2
CCCS(=O)(=O)Nc1ccc(F)c(C(=O)Nc2cnc3[nH]c(-c4cccnc4)nc3c2)c1F,CHEMBL2436798,7.235863111416478,7.235863111416478,2
CCCS(=O)(=O)Nc1ccc(F)c(C(=O)Nc2cnc3[nH]c(-c4ccncc4)nc3c2)c1F,CHEMBL2436797,7.1070220466432135,7.1070220466432135,2
CCCS(=O)(=O)Nc1ccc(F)c(C(=O)Nc2cnc3[nH]c(C(C)(C)C)nc3c2)c1F,CHEMBL2436925,6.484013155454141,6.484013155454141,2
CCCS(=O)(=O)Nc1ccc(F)c(C(=O)Nc2cnc3[nH]c(C(C)C)nc3c2)c1F,CHEMBL2436924,6.49215250573674,6.49215250573674,2
CCCS(=O)(=O)Nc1ccc(F)c(C(=O)Nc2cnc3[nH]c(C)nc3c2)c1F,CHEMBL2436922,6.582471949139942,6.582471949139942,2
CCCS(=O)(=O)Nc1ccc(F)c(C(=O)Nc2cnc3[nH]c(C4CCC4)nc3c2)c1F,CHEMBL2436926,6.492966656715488,6.492966656715488,2
CCCS(=O)(=O)Nc1ccc(F)c(C(=O)Nc2cnc3[nH]c(C4CCCNC4)nc3c2)c1F,CHEMBL2436812,6.777283528852417,6.777283528852417,1
CCCS(=O)(=O)Nc1ccc(F)c(C(=O)Nc2cnc3[nH]c(C4CCNCC4)nc3c2)c1F,CHEMBL2436811,6.97061622231479,6.97061622231479,1
CCCS(=O)(=O)Nc1ccc(F)c(C(=O)Nc2cnc3[nH]c(CC)nc3c2)c1F,CHEMBL2436923,6.4908328638404,6.4908328638404,2
CCCS(=O)(=O)Nc1ccc(F)c(C(=O)Nc2cnc3[nH]cc(Br)c3c2)c1F,CHEMBL1822246,8.434264452686822,7.989292143884968,6
CCCS(=O)(=O)Nc1ccc(F)c(C(=O)Nc2cnc3[nH]cc(C(F)(F)F)c3c2)c1F,CHEMBL1822250,8.207608310501746,8.207608310501746,1
CCCS(=O)(=O)Nc1ccc(F)c(C(=O)Nc2cnc3[nH]cc(C)c3c2)c1F,CHEMBL1822248,7.92009553233328,7.878931434543243,3
CCCS(=O)(=O)Nc1ccc(F)c(C(=O)Nc2cnc3[nH]cc(CC)c3c2)c1F,CHEMBL1822249,7.721246399047171,7.721246399047171,1
CCCS(=O)(=O)Nc1ccc(F)c(C(=O)Nc2cnc3[nH]cc(I)c3c2)c1F,CHEMBL1822247,8.657577319177793,8.657577319177793,1
CCCS(=O)(=O)Nc1ccc(F)c(C(=O)Nc2cnc3[nH]cc(N(C)C)c3c2)c1F,CHEMBL4286375,8.08810122633822,8.08810122633822,2
CCCS(=O)(=O)Nc1ccc(F)c(C(=O)Nc2cnc3[nH]cc(OC)c3c2)c1F,CHEMBL4292292,8.319393034173498,8.319393034173498,2
CCCS(=O)(=O)Nc1ccc(F)c(C(=O)Nc2cnc3[nH]ccc3c2)c1,CHEMBL1822083,6.6777807052660805,6.6777807052660805,1
CCCS(=O)(=O)Nc1ccc(F)c(C(=O)Nc2cnc3[nH]ccc3c2)c1C,CHEMBL1822087,7.419987887470576,7.002565126049177,3
CCCS(=O)(=O)Nc1ccc(F)c(C(=O)Nc2cnc3[nH]ccc3c2)c1F,CHEMBL1822078,7.3984835564926446,7.2935179004979895,8
CCCS(=O)(=O)Nc1ccc(F)c(C(=O)Nc2cnc3[nH]cnc3c2)c1C,CHEMBL4292099,7.212333322299372,7.212333322299372,2
CCCS(=O)(=O)Nc1ccc(F)c(C(=O)Nc2cnc3[nH]cnc3c2)c1F,CHEMBL1945163,6.4184998628274545,6.417864662233134,4
CCCS(=O)(=O)Nc1ccc(F)c(C(=O)Nc2cnc3[nH]nc(Br)c3c2)c1F,CHEMBL1822241,7.877243666092925,7.684363498221767,4
CCCS(=O)(=O)Nc1ccc(F)c(C(=O)Nc2cnc3[nH]nc(C(C)C)c3c2)c1F,CHEMBL1939069,7.452240978838424,7.452240978838424,2
CCCS(=O)(=O)Nc1ccc(F)c(C(=O)Nc2cnc3[nH]nc(C(F)(F)F)c3c2)c1F,CHEMBL1822245,8.236572006437063,8.236572006437063,1
CCCS(=O)(=O)Nc1ccc(F)c(C(=O)Nc2cnc3[nH]nc(C)c3c2)c1F,CHEMBL1822243,7.493160151354404,7.247015241071277,4
CCCS(=O)(=O)Nc1ccc(F)c(C(=O)Nc2cnc3[nH]nc(C4CC4)c3c2)c1Cl,CHEMBL1939071,7.950851231752651,7.950851231752651,2
CCCS(=O)(=O)Nc1ccc(F)c(C(=O)Nc2cnc3[nH]nc(C4CC4)c3c2)c1F,CHEMBL1939070,8.10345419991171,8.10345419991171,2
CCCS(=O)(=O)Nc1ccc(F)c(C(=O)Nc2cnc3[nH]nc(CC)c3c2)c1F,CHEMBL1822244,8.036212172654444,8.036212172654444,1
CCCS(=O)(=O)Nc1ccc(F)c(C(=O)Nc2cnc3[nH]nc(I)c3c2)c1F,CHEMBL1822242,8.744727494896694,8.744727494896694,1
CCCS(=O)(=O)Nc1ccc(F)c(C(=O)Nc2cnc3[nH]nc(N(C)C)c3c2)c1F,CHEMBL1945164,7.3979400086720375,7.223737599881822,3
CCCS(=O)(=O)Nc1ccc(F)c(C(=O)Nc2cnc3[nH]nc(OC)c3c2)c1,CHEMBL1822072,6.823908740944319,6.823908740944319,1
CCCS(=O)(=O)Nc1ccc(F)c(C(=O)Nc2cnc3[nH]nc(OC)c3c2)c1C(F)(F)F,CHEMBL1822077,6.275724130399211,6.275724130399211,1
CCCS(=O)(=O)Nc1ccc(F)c(C(=O)Nc2cnc3[nH]nc(OC)c3c2)c1Cl,CHEMBL1939068,8.189411859112482,8.189411859112482,2
CCCS(=O)(=O)Nc1ccc(F)c(C(=O)Nc2cnc3[nH]nc(OC)c3c2)c1F,CHEMBL1822067,8.300509466670935,7.98902079580634,12
CCCS(=O)(=O)Nc1ccc(F)c(C(=O)Nc2cnc3[nH]nc(OC)c3c2)c1OC,CHEMBL1822075,6.958607314841775,6.958607314841775,1
CCCS(=O)(=O)Nc1ccc(F)c(C(=O)Nc2cnc3[nH]nc(OCC(F)(F)F)c3c2)c1F,CHEMBL1822252,8.275724130399212,8.275724130399212,1
CCCS(=O)(=O)Nc1ccc(F)c(C(=O)Nc2cnc3[nH]nc(OCC)c3c2)c1F,CHEMBL1822251,8.619788758288394,8.619788758288394,1
CCCS(=O)(=O)Nc1ccc(F)c(C(=O)Nc2cnc3[nH]nc(OCC4CCC4)c3c2)c1F,CHEMBL1822253,8.455931955649724,8.455931955649724,1
CCCS(=O)(=O)Nc1ccc(F)c(C(=O)Nc2cnc3[nH]nc(OCC4COC4)c3c2)c1F,CHEMBL1822254,8.3767507096021,8.3767507096021,1
CCCS(=O)(=O)Nc1ccc(F)c(C(=O)Nc2cnc3[nH]nc(O[C@@H]4CCOC4)c3c2)c1F,CHEMBL1822255,8.161150909262744,8.161150909262744,1
CCCS(=O)(=O)Nc1ccc(F)c(C(=O)Nc2cnc3[nH]ncc3c2)c1F,CHEMBL1822110,7.47616790269922,7.344262969594008,6
CCCS(=O)(=O)Nc1ccc(F)c(C(=O)Nc2cnc3cc(-c4ccc(Cl)cc4)nn3c2)c1F,CHEMBL2436810,7.565971819088479,7.565971819088479,2
CCCS(=O)(=O)Nc1ccc(F)c(C(=O)Nc2cnc3cc(-c4ccc(F)cc4)nn3c2)c1F,CHEMBL2030244,7.613106777509403,7.613106777509403,4
CCCS(=O)(=O)Nc1ccc(F)c(C(=O)Nc2cnc3cc(-c4cccc(F)c4)nn3c2)c1F,CHEMBL2030243,7.471547574331764,7.471547574331764,2
CCCS(=O)(=O)Nc1ccc(F)c(C(=O)Nc2cnc3cc(-c4ccccc4)nn3c2)c1F,CHEMBL2030242,8.037860356969059,8.045628490219567,4
CCCS(=O)(=O)Nc1ccc(F)c(C(=O)Nc2cnc3cc(-c4cccnc4)nn3c2)c1F,CHEMBL2030245,7.727346441767088,7.727346441767088,2
CCCS(=O)(=O)Nc1ccc(F)c(C(=O)Nc2cnc3cc(-c4cnn(C)c4)nn3c2)c1F,CHEMBL2030246,7.602407705158788,7.602407705158788,2
CCCS(=O)(=O)Nc1ccc(F)c(C(=O)Nc2cnc3cc(C(F)(F)F)nn3c2)c1F,CHEMBL2030233,6.663378926340978,6.663378926340978,2
CCCS(=O)(=O)Nc1ccc(F)c(C(=O)Nc2cnc3cc(C)nn3c2)c1F,CHEMBL2030229,6.74413851175901,6.74413851175901,2
CCCS(=O)(=O)Nc1ccc(F)c(C(=O)Nc2cnc3cc(C4CC4)nn3c2)c1F,CHEMBL2030231,6.715453563256667,6.715453563256667,2
CCCS(=O)(=O)Nc1ccc(F)c(C(=O)Nc2cnc3cc(C4CCCC4)nn3c2)c1F,CHEMBL2030232,6.620756008176993,6.620756008176993,2
CCCS(=O)(=O)Nc1ccc(F)c(C(=O)Nc2cnc3cc(CC)nn3c2)c1F,CHEMBL2030230,6.810437926964804,6.810437926964804,2
CCCS(=O)(=O)Nc1ccc(F)c(C(=O)Nc2cnc3cc(N4CCCC4)nn3c2)c1F,CHEMBL2030236,6.306582928189947,6.306582928189947,2
CCCS(=O)(=O)Nc1ccc(F)c(C(=O)Nc2cnc3cc(N4CCOCC4)nn3c2)c1F,CHEMBL2030237,6.6305700989639,6.6305700989639,2
CCCS(=O)(=O)Nc1ccc(F)c(C(=O)Nc2cnc3cc(NC(C)C)nn3c2)c1F,CHEMBL2030235,6.562324651710355,6.562324651710355,2
CCCS(=O)(=O)Nc1ccc(F)c(C(=O)Nc2cnc3cc(NC)nn3c2)c1F,CHEMBL2030234,6.6536734633945205,6.6536734633945205,2
CCCS(=O)(=O)Nc1ccc(F)c(C(=O)Nc2cnc3cc(OC(C)C)nn3c2)c1F,CHEMBL2030240,6.587283695292202,6.587283695292202,2
CCCS(=O)(=O)Nc1ccc(F)c(C(=O)Nc2cnc3cc(OC)nn3c2)c1F,CHEMBL2030238,7.267011315857088,7.267011315857088,2
CCCS(=O)(=O)Nc1ccc(F)c(C(=O)Nc2cnc3cc(OCC)nn3c2)c1F,CHEMBL2030239,6.884584023284086,6.884584023284086,2
CCCS(=O)(=O)Nc1ccc(F)c(C(=O)Nc2cnc3cc(OCCOC)nn3c2)c1F,CHEMBL2030241,7.066266256070474,7.066266256070474,2
CCCS(=O)(=O)Nc1ccc(F)c(C(=O)Nc2cnc3cc[nH]c3c2)c1F,CHEMBL2030227,6.105283331375796,6.105283331375796,2
CCCS(=O)(=O)Nc1ccc(F)c(C(=O)Nc2cnc3ccccc3c2)c1F,CHEMBL2030224,6.096644170433244,6.096644170433244,2
CCCS(=O)(=O)Nc1ccc(F)c(C(=O)Nc2cnc3ccnn3c2)c1F,CHEMBL2030228,6.459441612368812,6.459441612368812,4
CCCS(=O)(=O)Nc1ccc(F)c(C(=O)c2c[nH]c3ncc(-c4ccc(C(=O)NCCCCCCOCCCCCOCCCCC(=O)N[C@H](C(=O)N5C[C@H](O)C[C@H]5C(=O)NCc5ccc(-c6scnc6C)cc5)C(C)(C)C)cc4)cc23)c1F,CHEMBL5180595,7.318758762624412,7.318758762624412,1
CCCS(=O)(=O)Nc1ccc(F)c(C(=O)c2c[nH]c3ncc(-c4ccc(C(=O)NCCOCCOCC(=O)N[C@H](C(=O)N5C[C@H](O)C[C@H]5C(=O)NCc5ccc(-c6scnc6C)cc5)C(C)(C)C)cc4)cc23)c1F,CHEMBL5175716,8.070581074285707,8.070581074285707,1
CCCS(=O)(=O)Nc1ccc(F)c(C(=O)c2c[nH]c3ncc(-c4ccc(C(=O)NCCOCCOCCOCCCCC(=O)N[C@H](C(=O)N5C[C@H](O)C[C@H]5C(=O)NCc5ccc(-c6scnc6C)cc5)C(C)(C)C)cc4)cc23)c1F,CHEMBL5196107,9.508638306165727,9.508638306165727,1
CCCS(=O)(=O)Nc1ccc(F)c(C(=O)c2c[nH]c3ncc(-c4ccc(C(=O)NCCOCCOCCOCCOc5cc(-c6scnc6C)ccc5CNC(=O)[C@@H]5C[C@@H](O)CN5C(=O)[C@H](C(C)C)N5Cc6ccccc6C5=O)cc4)cc23)c1F,CHEMBL5208447,8.468521082957745,8.468521082957745,1
CCCS(=O)(=O)Nc1ccc(F)c(C(=O)c2c[nH]c3ncc(-c4ccc(CNC(=O)CCCCOCCCCOCCCCOc5cc(-c6scnc6C)ccc5CNC(=O)[C@@H]5C[C@@H](O)CN5C(=O)[C@H](C(C)C)N5Cc6ccccc6C5=O)cc4)cc23)c1F,CHEMBL5205269,8.0,8.0,1
CCCS(=O)(=O)Nc1ccc(F)c(C(=O)c2c[nH]c3ncc(-c4ccc(CNC(=O)CCCCOCCOCCOCCOc5cc(-c6scnc6C)ccc5CNC(=O)[C@@H]5C[C@@H](O)CN5C(=O)[C@H](C(C)C)N5Cc6ccccc6C5=O)cc4)cc23)c1F,CHEMBL5170982,8.42021640338319,8.42021640338319,1
CCCS(=O)(=O)Nc1ccc(F)c(C(=O)c2c[nH]c3ncc(-c4ccc(Cl)cc4)cc23)c1F,CHEMBL1229517,7.488168040901103,7.2998475322390695,64
CCCS(=O)(=O)Nc1ccc(F)c(C(=O)c2c[nH]c3ncc(Cl)cc23)c1F,CHEMBL1230020,7.06656109283125,6.7688405667769445,22
CCCS(=O)(=O)Nc1ccc(F)c(N(C)c2ccc3ncn(C)c(=O)c3c2)c1Cl,CHEMBL3236467,7.1017614021067175,7.263114887714921,4
CCCS(=O)(=O)Nc1ccc(F)c(N(C)c2ccc3ncn(C)c(=O)c3c2)c1F,CHEMBL3236466,7.183751108022494,7.364660510756928,4
CCCS(=O)(=O)Nc1ccc(F)c(N(CC)c2ccc3ncn(C)c(=O)c3c2)c1Cl,CHEMBL3236469,6.871280716570093,6.871280716570093,2
CCCS(=O)(=O)Nc1ccc(F)c(N(CC)c2ccc3ncn(C)c(=O)c3c2)c1F,CHEMBL3236468,6.832511900672829,6.988730842030662,4
CCCS(=O)(=O)Nc1ccc(F)c(NC(=O)N(C)c2cc(N)ncn2)c1F,CHEMBL2047870,7.080451495797506,6.965403414376833,4
CCCS(=O)(=O)Nc1ccc(F)c(NC(=O)Nc2cc(N)ncn2)c1F,CHEMBL2047867,6.847711655616944,6.725990186059578,4
CCCS(=O)(=O)Nc1ccc(F)c(NC(=O)Nc2cc(NC)ncn2)c1F,CHEMBL2047868,7.44183562515991,7.275514866956668,4
CCCS(=O)(=O)Nc1ccc(F)c(NC(=O)Nc2cc(NCCO)ncn2)c1F,CHEMBL2047869,6.331170554486929,6.331170554486929,2
CCCS(=O)(=O)Nc1ccc(F)c(NC(=O)Nc2ncnc3[nH]nc(OC)c23)c1F,CHEMBL2047872,8.795880017344075,8.797243589378127,3
CCCS(=O)(=O)Nc1ccc(F)c(NC(=O)Nc2ncnc3[nH]ncc23)c1F,CHEMBL2047871,8.250921944742199,7.952293297582006,4
CCCS(=O)(=O)Nc1ccc(F)c(NC(=O)c2cccc3c(N)ncnc23)c1Cl,CHEMBL2047874,9.267606240177031,8.979686867370507,4
CCCS(=O)(=O)Nc1ccc(F)c(NC(=O)c2cccc3c(N)ncnc23)c1F,CHEMBL2047873,8.74232805345581,8.562914999129866,4
CCCS(=O)(=O)Nc1ccc(F)c(NC(=O)c2csc3c(N)ncnc23)c1Cl,CHEMBL2047878,8.958607314841775,8.675328204119879,4
CCCS(=O)(=O)Nc1ccc(F)c(NC(=O)c2csc3c(N)ncnc23)c1F,CHEMBL2047876,8.49242075436993,8.325900067841069,4
CCCS(=O)(=O)Nc1ccc(F)c(Nc2ccc3ncccc3c2)c1F,CHEMBL3236191,5.853560426511991,5.853560426511991,2
CCCS(=O)(=O)Nc1ccc(F)c(Nc2ccc3nccnc3c2)c1Cl,CHEMBL3236194,6.8457177932193805,6.8457177932193805,2
CCCS(=O)(=O)Nc1ccc(F)c(Nc2ccc3ncn(-c4ccccc4)c(=O)c3c2C)c1Cl,CHEMBL5824403,7.032920265855503,7.032920265855503,2
CCCS(=O)(=O)Nc1ccc(F)c(Nc2ccc3ncn(-c4cccnc4)c(=O)c3c2C)c1Cl,CHEMBL5998069,7.449771646944906,7.449771646944906,2
CCCS(=O)(=O)Nc1ccc(F)c(Nc2ccc3ncn(-c4cnn(C)c4)c(=O)c3c2)c1Cl,CHEMBL3236459,8.221848749616356,8.221848749616356,2
CCCS(=O)(=O)Nc1ccc(F)c(Nc2ccc3ncn(C(C)C)c(=O)c3c2C)c1Cl,CHEMBL5591583,7.578396073130169,7.395980136014964,4
CCCS(=O)(=O)Nc1ccc(F)c(Nc2ccc3ncn(C)c(=O)c3c2)c1Cl,CHEMBL3236198,7.722573782813972,7.926988730730802,4
CCCS(=O)(=O)Nc1ccc(F)c(Nc2ccc3ncn(C)c(=O)c3c2)c1F,CHEMBL3236461,7.210079631565779,7.29923074750714,4
CCCS(=O)(=O)Nc1ccc(F)c(Nc2ccc3ncn(C)c(=O)c3c2C)c1C,CHEMBL5885326,5.5499049241283975,5.5499049241283975,2
CCCS(=O)(=O)Nc1ccc(F)c(Nc2ccc3ncn(C)c(=O)c3c2C)c1C#N,CHEMBL5944821,8.698970004336019,8.698970004336019,2
CCCS(=O)(=O)Nc1ccc(F)c(Nc2ccc3ncn(C)c(=O)c3c2C)c1Cl,CHEMBL5572318,7.940991709279911,7.895043415086328,8
CCCS(=O)(=O)Nc1ccc(F)c(Nc2ccc3ncn(C)c(=O)c3c2C)c1F,CHEMBL5997885,7.7200765996303415,7.7200765996303415,4
CCCS(=O)(=O)Nc1ccc(F)c(Nc2ccc3ncn(C)c(=O)c3c2Cl)c1Cl,CHEMBL5564820,8.476752417832646,8.476752417832646,2
CCCS(=O)(=O)Nc1ccc(F)c(Nc2ccc3ncn(C)c(=O)c3c2F)c1Cl,CHEMBL5573455,8.326530268650504,8.326530268650504,2
CCCS(=O)(=O)Nc1ccc(F)c(Nc2ccc3ncn(C)c(=O)c3c2OC)c1Cl,CHEMBL5570852,6.689209871083417,6.689209871083417,2
CCCS(=O)(=O)Nc1ccc(F)c(Nc2ccc3ncn(C4CC4)c(=O)c3c2C)c1Cl,CHEMBL5579698,7.600326278518962,7.585897894879086,4
CCCS(=O)(=O)Nc1ccc(F)c(Nc2ccc3ncn(C4CCC4)c(=O)c3c2C)c1Cl,CHEMBL5876020,7.619788758288394,7.619788758288394,2
CCCS(=O)(=O)Nc1ccc(F)c(Nc2ccc3ncn(C4CCCC4)c(=O)c3c2C)c1Cl,CHEMBL5928820,7.279014255846261,7.279014255846261,2
CCCS(=O)(=O)Nc1ccc(F)c(Nc2ccc3ncn(CC(F)(F)F)c(=O)c3c2C)c1Cl,CHEMBL5909261,8.468521082957745,8.468521082957745,2
CCCS(=O)(=O)Nc1ccc(F)c(Nc2ccc3ncn(CC)c(=O)c3c2C)c1Cl,CHEMBL5571735,8.259637310505756,8.132600913736717,4
CCCS(=O)(=O)Nc1ccc(F)c(Nc2ccc3ncn(CC4CC4)c(=O)c3c2C)c1Cl,CHEMBL5572855,7.548213564475709,7.3496360550641535,4
CCCS(=O)(=O)Nc1ccc(F)c(Nc2ccc3ncn(CCOC)c(=O)c3c2C)c1Cl,CHEMBL5990239,7.341988603342887,7.341988603342887,2
CCCS(=O)(=O)Nc1ccc(F)c(Nc2ccc3ncn(Cc4ccccc4)c(=O)c3c2)c1Cl,CHEMBL3236460,7.002687473115698,7.002687473115698,2
CCCS(=O)(=O)Nc1ccc(F)c(Nc2ccc3ncn(Cc4ccccc4)c(=O)c3c2C)c1Cl,CHEMBL5855791,6.7594507517174005,6.7594507517174005,2
CCCS(=O)(=O)Nc1ccc(F)c(Nc2ccc3ncn([C@@H]4CCOC4)c(=O)c3c2C)c1Cl,CHEMBL6034092,8.050609993355087,8.050609993355087,2
CCCS(=O)(=O)Nc1ccc(F)c(Nc2ccc3ncn([C@H]4CCOC4)c(=O)c3c2C)c1Cl,CHEMBL5804310,7.610833915635467,7.610833915635467,2
CCCS(=O)(=O)Nc1ccc(F)c(Nc2ccc3ncnc(N(C)C)c3c2)c1Cl,CHEMBL3236197,6.5282527420469485,6.5282527420469485,2
CCCS(=O)(=O)Nc1ccc(F)c(Nc2ccc3ncnc(NC)c3c2)c1Cl,CHEMBL3236196,7.419016691817962,7.419016691817962,2
CCCS(=O)(=O)Nc1ccc(F)c(Nc2ccc3ncnc(OC)c3c2)c1Cl,CHEMBL3236195,6.965388021351473,6.965388021351473,2
CCCS(=O)(=O)Nc1ccc(F)c(Nc2ccc3ncncc3c2)c1Cl,CHEMBL3236193,7.877243666092925,7.877243666092925,2
CCCS(=O)(=O)Nc1ccc(F)c(Nc2ccc3ncncc3c2)c1F,CHEMBL3236192,7.204802026407993,7.204802026407993,2
CCCS(=O)(=O)Nc1ccc(F)c(Nc2ncccc2-c2ncnc3[nH]cnc23)c1F,CHEMBL3798357,7.779545458967391,7.806159291695963,4
CCCS(=O)(=O)Nc1ccc(F)c(Oc2ccc3ncn(C)c(=O)c3c2)c1C#N,CHEMBL3236471,9.110924374808178,9.110924374808178,2
CCCS(=O)(=O)Nc1ccc(F)c(Oc2ccc3ncn(C)c(=O)c3c2)c1F,CHEMBL5572717,7.4666432756112675,7.4666432756112675,2
CCCS(=O)(=O)Nc1ccc(F)c(Oc2ccc3ncn(C)c(=O)c3c2C)c1C#N,CHEMBL5818893,9.337242168318426,9.337242168318426,2
CCCS(=O)(=O)Nc1ccc(F)c(Oc2ccc3ncn(C)c(=O)c3c2C)c1Cl,CHEMBL6005181,8.38812227317138,8.38812227317138,4
CCCS(=O)(=O)Nc1ccc(F)c(Oc2ccc3ncn(C)c(=O)c3c2C)c1F,CHEMBL5898154,7.785156151952302,7.785156151952302,2
CCCS(=O)(=O)Nc1ccc(F)c(Sc2ccc3ncn(C)c(=O)c3c2)c1F,CHEMBL5572505,6.564412120101618,6.564412120101618,2
CCCS(=O)(=O)Nc1ccc(F)c(Sc2ccc3ncn(C)c(=O)c3c2C)c1Cl,CHEMBL5965826,7.0343280287798935,7.0343280287798935,2
CCCS(=O)(=O)Nc1ccc(OC)c(C(=O)Nc2cnc3[nH]nc(OC)c3c2)c1F,CHEMBL1822076,5.585026652029182,5.585026652029182,1
CCCS(=O)(=O)Nc1cccc(-c2[nH]c(C(C)(C)C)nc2-c2ccnc(NC[C@H](C)NC(=O)OC)n2)c1F,CHEMBL3651696,9.42021640338319,9.42021640338319,1
CCCS(=O)(=O)Nc1cccc(-c2[nH]c(C3CC3)nc2-c2ccnc(NCCC#N)n2)c1F,CHEMBL3651701,9.886056647693163,9.886056647693163,1
CCCS(=O)(=O)Nc1cccc(-c2[nH]c(C3CC3)nc2-c2ccnc(NCCC(N)=O)n2)c1F,CHEMBL3651702,8.698970004336019,8.698970004336019,1
CCCS(=O)(=O)Nc1cccc(-c2[nH]c(C3CC3)nc2-c2ccnc(NC[C@H](C)NC(=O)OC)n2)c1,CHEMBL3651704,9.0,9.0,1
CCCS(=O)(=O)Nc1cccc(-c2[nH]c(C3CC3)nc2-c2ccnc(NC[C@H](C)NC(=O)OC)n2)c1Cl,CHEMBL3651695,9.886056647693163,9.886056647693163,1
CCCS(=O)(=O)Nc1cccc(-c2[nH]c(C3CC3)nc2-c2ccnc(NC[C@H](C)NC(=O)OC)n2)c1F,CHEMBL3651697,9.795880017344075,9.795880017344075,1
CCCS(=O)(=O)Nc1cccc(-c2ccc3nccc(Nc4cccc5[nH]ncc45)c3c2)c1,CHEMBL3661296,6.5830483441226395,6.5830483441226395,2
CCCS(=O)(=O)Nc1cccc(-c2ccc3ncnc(Nc4cccc5[nH]ncc45)c3c2)c1,CHEMBL3661284,6.8426053889188285,6.8426053889188285,2
CCCS(=O)(=O)Nc1cccc(-c2nn(C(C)C)cc2-c2ccnc(NC[C@H](C)NC(=O)OC)n2)c1F,CHEMBL3982541,8.698970004336019,8.698970004336019,1
CCCS(=O)(=O)Nc1cccc(C(=O)Nc2cnc3[nH]ccc3c2)c1F,CHEMBL1822081,7.060480747381382,7.060480747381382,1
CCCS(=O)(=O)Nc1cccc(C(=O)Nc2cnc3[nH]nc(OC)c3c2)c1F,CHEMBL1822070,7.886056647693163,7.886056647693163,1
CCCS(=O)(=O)Nc1cccc(Nc2ccc3ncn(C)c(=O)c3c2)c1C#N,CHEMBL3236464,8.872363747448347,8.872363747448347,2
CCCS(=O)(=O)Nc1cccc(Nc2ccc3ncn(C)c(=O)c3c2C)c1C#N,CHEMBL5794251,8.0268721464003,8.0268721464003,2
CCCS(=O)(=O)Nc1cccc(Nc2ccc3ncn(C)c(=O)c3c2C)c1Cl,CHEMBL5954792,7.151810883008602,7.151810883008602,2
CCCS(=O)(=O)Nc1cccc(Oc2ccc3ncn(C)c(=O)c3c2)c1C#N,CHEMBL3236472,8.83889035263304,8.83889035263304,2
CCCS(=O)(=O)Nc1cccc(Oc2ccc3ncn(C)c(=O)c3c2C)c1C#N,CHEMBL5930532,8.38933983691012,8.38933983691012,2
CCCS(=O)(=O)Nc1cccc(Oc2ccc3ncn(C)c(=O)c3c2C)c1Cl,CHEMBL5887030,7.966576244513051,7.966576244513051,2
CCCS(=O)(=O)Nc1cccc(Oc2ccc3ncn(C)c(=O)c3c2C)c1F,CHEMBL5912903,7.481486060122112,7.481486060122112,2
CCCS(=O)(=O)Nc1ncc(Cl)c(Nc2ccc3ncn(C)c(=O)c3c2C)c1Cl,CHEMBL5904108,8.341988603342887,8.341988603342887,2
CCCS(=O)(=O)Nc1ncc(F)c(Nc2ccc3ncn(C)c(=O)c3c2C)c1Cl,CHEMBL5931598,8.105130343254748,8.105130343254748,2
CCCS(=O)(=O)Nc1ncc(F)c(Nc2ccc3ncn(C)c(=O)c3c2C)c1F,CHEMBL5743842,7.769551078621726,7.769551078621726,2
CCCS(=O)(=O)Nc1ncc(F)c(Oc2ccc3ncn(C)c(=O)c3c2C)c1Cl,CHEMBL6047193,8.586315363473087,8.586315363473087,4
CCCS(=O)(=O)Nc1ncc(F)c(Oc2ccc3ncn(C)c(=O)c3c2C)c1F,CHEMBL5883824,7.801342913045577,7.801342913045577,2
CCCS(=O)(=O)Nc1nccc(Oc2ccc3ncn(C)c(=O)c3c2C)c1Cl,CHEMBL5959407,7.017728766960431,7.017728766960431,2
CCCSc1csc2cc(-c3nc(-c4ccc(OCCN(C)C)cc4)[nH]c3-c3ccncc3)ccc12,CHEMBL2336819,4.767755226283014,4.767755226283014,2
CCC[S+]([O-])Nc1ccc(F)c(Cc2c[nH]c3nc(N)n(C)c(=O)c23)c1F,CHEMBL5283013,6.828788659588897,6.828788659588897,2
CCCn1nc(C(C)(C)C)cc1NC(=O)Nc1ccc(Oc2ccnc3[nH]c(=O)[nH]c23)cc1,CHEMBL1089348,6.023749076068489,6.023749076068489,2
CCN(C(=O)c1cccc(C(F)(F)F)c1)c1cnc(C)c(-c2cnc(OC3CCOCC3)c(N3CCOCC3)c2)c1,CHEMBL5972553,5.958607314841775,5.958607314841775,2
CCN(C)S(=O)(=O)Nc1ccc(F)c(C(=O)Nc2cnc3[nH]ccc3c2)c1F,CHEMBL1822108,6.3979400086720375,6.3979400086720375,1
CCN(C)S(=O)(=O)Nc1ccc(F)c(C(=O)Nc2cnc3[nH]nc(OC)c3c2)c1F,CHEMBL1822098,7.537602002101044,7.537602002101044,1
CCN(C)S(=O)(=O)Nc1ccc(F)c(C(=O)c2c[nH]c3ncc(-c4ccc(Cl)cc4)cc23)c1F,CHEMBL5401741,6.005965898303682,6.005965898303682,2
CCN(C)S(=O)(=O)Nc1ccc(F)c(C(=O)c2c[nH]c3ncc(-c4cnc(C5CC5)nc4)cc23)c1F,CHEMBL4206836,8.086315363473087,8.086315363473087,2
CCN(C)S(=O)(=O)Nc1ccc(F)c(Nc2ccc3ncn(C)c(=O)c3c2C)c1Cl,CHEMBL5781667,6.7258421507363195,6.7258421507363195,2
CCN(C)S(=O)(=O)Nc1ccc(F)c(Nc2ncccc2-c2ncnc3[nH]cnc23)c1F,CHEMBL3797223,7.060480747381382,7.174052804716648,3
CCN(C)S(=O)(=O)Nc1cccc(-c2nc(C(C)(C)C)sc2-c2ccnc(N)n2)c1,CHEMBL5193921,7.920818753952375,7.920818753952375,1
CCN(C)c1cc(C(=O)Nc2ccc(C)c(-c3cc(N4CCOCC4)c(=O)n(C)c3)c2)ccn1,CHEMBL6010223,8.366531544420413,8.366531544420413,2
CCN(C)c1cncc(-c2cn(-c3cc(C(=O)Nc4cc(C(C)(C)C)on4)ccc3C)nn2)c1,CHEMBL3960719,7.7447274948966935,7.7447274948966935,1
CCN(CC)CCCNC(=O)c1cc(CNc2ccccc2C(=O)Nc2ccc3c(c2)OC(F)(F)O3)ccn1,CHEMBL248397,6.756961951313706,6.756961951313706,1
CCN(CC)CCCNS(=O)(=O)c1ccc2[nH]c3c(C(N)=O)nccc3c2c1,CHEMBL2047057,5.55129368009492,5.55129368009492,1
CCN(CC)CCNC(=O)c1cc(CNc2ccccc2C(=O)Nc2ccc3c(c2)OC(F)(F)O3)ccn1,CHEMBL248227,6.860120913598763,6.860120913598763,1
CCN(CC)CCNC(=O)c1cnn2c(-c3cccc(NC(=O)Nc4ccc(Cl)c(C(F)(F)F)c4)c3)ccnc12,CHEMBL562168,6.769551078621726,6.769551078621726,1
CCN(CC)CCOc1ccc(Nc2cc(NC(=O)Nc3c(Cl)cccc3Cl)ncn2)cc1,CHEMBL253292,6.823908740944319,6.823908740944319,1
CCN(CC)S(=O)(=O)Nc1ccc(F)c(Nc2ncccc2-c2ncnc3[nH]cnc23)c1F,CHEMBL3797353,6.782516055786093,6.748774629324483,3
CCN(CC)c1ncc2ncnc(Nc3cc(C(=O)Nc4cc(CN5CCCC5)cc(C(F)(F)F)c4)ccc3C)c2n1,CHEMBL3694179,8.698970004336019,8.698970004336019,1
CCN(CC)c1ncc2ncnc(Nc3cc(C(=O)Nc4cc(N(C)CCN(C)C)cc(C(F)(F)F)c4)ccc3C)c2n1,CHEMBL3697723,8.397940008672037,8.397940008672037,1
CCN(CC)c1ncc2ncnc(Nc3cc(C(=O)Nc4cc(OCCN(C)C)cc(C(F)(F)F)c4)ccc3C)c2n1,CHEMBL3694219,8.522878745280337,8.522878745280337,1
CCN(CC)c1ncc2ncnc(Nc3cc(C(=O)Nc4ccc(N(C)CCN(C)C)c(C(F)(F)F)c4)ccc3C)c2n1,CHEMBL3694201,8.522878745280337,8.522878745280337,1
CCN(CCO)CCCOc1ccc2c(Nc3cccc(NC(=O)Nc4ccc(Cl)c(C(F)(F)F)c4)c3)ncnc2c1,CHEMBL3133757,7.113253053864515,7.113253053864515,2
CCN(CCO)CCCOc1ccc2c(Nc3cccc(NC(=O)Nc4ccc(F)c(Cl)c4)c3)ncnc2c1,CHEMBL3133758,7.771816983435478,7.771816983435478,4
CCN(c1ccccc1)c1cccc(N2C(=O)c3ccccc3C2(O)c2ccc3[nH]c(NC(=O)OC)nc3c2)c1,CHEMBL3905653,7.0,7.0,1
CCN1C2CCC1CC(c1ccnc3c(-c4ccc(C#N)c(O)c4)c(-c4ccncc4)nn13)C2,CHEMBL570872,7.2373214362725635,7.2373214362725635,1
CCN1C2CCC1CC(c1ccnc3c(-c4ccc(C(F)(F)F)c5[nH]ncc45)c(-c4ccncc4)nn13)C2,CHEMBL570642,7.346787486224656,7.346787486224656,1
CCN1C2CCC1CC(c1ccnc3c(-c4ccc(C)c5[nH]ncc45)c(-c4ccncc4)nn13)C2,CHEMBL570444,7.769551078621726,7.769551078621726,1
CCN1C2CCC1CC(c1ccnc3c(-c4ccc(Cl)c(O)c4)c(-c4ccncc4)nn13)C2,CHEMBL571130,9.301029995663981,9.301029995663981,1
CCN1C2CCC1CC(c1ccnc3c(-c4ccc(Cl)c(OC)c4)c(-c4ccncc4)nn13)C2,CHEMBL569768,7.361510743045363,7.361510743045363,1
CCN1C2CCC1CC(c1ccnc3c(-c4ccc(Cl)c5[nH]ncc45)c(-c4ccncc4)nn13)C2,CHEMBL583245,8.356547323513812,8.356547323513812,1
CCN1C2CCC1CC(c1ccnc3c(-c4ccc(F)c(O)c4)c(-c4ccncc4)nn13)C2,CHEMBL568855,8.522878745280337,8.522878745280337,1
CCN1C2CCC1CC(c1ccnc3c(-c4cccc5[nH]ncc45)c(-c4ccncc4)nn13)C2,CHEMBL570422,7.33161408331,7.33161408331,1
CCN1CCC(=Cc2ccc(C(=O)N[C@@H]3[C@H]4Oc5ccc(Oc6ccnc7c6CCC(=O)N7)cc5[C@@H]34)cc2C(F)(F)F)CC1,CHEMBL5897419,7.6777807052660805,7.6777807052660805,1
CCN1CCC(Cc2ccc(C(=O)N[C@@H]3[C@H]4Oc5ccc(Oc6ccnc7c6CCC(=O)N7)cc5[C@@H]34)cc2C(F)(F)F)CC1,CHEMBL5840248,8.0,8.0,1
CCN1CCC(Cc2ccc3ncnc(Nc4cc(C(=O)Nc5cc(C(C)(C)C)cc(NS(C)(=O)=O)c5OC)ccc4C)c3n2)CC1,CHEMBL3659952,6.275724130399211,6.275724130399211,1
CCN1CCC(c2ccc3ncnc(Nc4cc(C(=O)Nc5cc(C(C)(C)C)cc(NS(C)(=O)=O)c5OC)ccc4C)c3n2)CC1,CHEMBL3659940,6.732828271596986,6.732828271596986,1
CCN1CCC2(CCN(c3cncc(-c4cn(-c5cc(C(=O)Nc6cc(C(C)(C)C)on6)ccc5C)nn4)c3)C2)C1,CHEMBL3980523,8.045757490560675,8.045757490560675,1
CCN1CCN(CC(=O)Nc2cc(Oc3ccc4c(c3)nc(Nc3cc(C(F)(F)F)ccc3F)n4C)ccn2)CC1,CHEMBL3335387,8.221848749616356,8.221848749616356,1
CCN1CCN(CC/C=C/c2ccc3c(Nc4ccc(Sc5nccn5C)c(Cl)c4)c(C#N)cnc3c2)CC1,CHEMBL489058,5.055517327849831,5.055517327849831,1
CCN1CCN(CCNc2nccc(-c3c(-c4ccc(F)c(O)c4)nc4sccn34)n2)S1(=O)=O,CHEMBL5993587,8.693279950670604,8.693279950670604,2
CCN1CCN(CCNc2nccc(-c3c(-c4cccc(O)c4)nc4occn34)n2)S1(=O)=O,CHEMBL5584052,9.173925197299173,8.173925197299173,3
CCN1CCN(Cc2cc(-c3cnn4c(-c5cccc(NC(=O)c6cccc(C(F)(F)F)c6)c5)ccnc34)co2)CC1,CHEMBL1076541,6.6595558851598815,6.6595558851598815,1
CCN1CCN(Cc2cc(C(=O)N[C@@H]3[C@H]4Oc5ccc(Oc6ccnc7c6CCC(=O)N7)cc5[C@@H]34)cc(C(F)(F)F)c2)CC1,CHEMBL5872606,7.920818753952375,7.920818753952375,1
CCN1CCN(Cc2cc(F)cc(C(=O)N[C@@H]3[C@H]4Oc5ccc(Oc6ccnc7c6CCC(=O)N7)cc5[C@@H]34)c2)CC1,CHEMBL5885846,8.769551078621726,8.769551078621726,1
CCN1CCN(Cc2ccc(C(=O)NC3C4Oc5c(C)cc(Oc6ccnc7c6CCC(=O)N7)cc5C34)cc2C(F)(F)F)CC1,CHEMBL5950429,7.7447274948966935,7.7447274948966935,1
CCN1CCN(Cc2ccc(C(=O)N[C@@H]3[C@H]4Oc5ccc(Oc6ccnc(C(=O)NC)c6)cc5[C@@H]34)cc2C(F)(F)F)CC1,CHEMBL5817477,7.267606240177031,7.267606240177031,1
CCN1CCN(Cc2ccc(C(=O)N[C@@H]3[C@H]4Oc5ccc(Oc6ccnc(N)c6)cc5[C@@H]34)cc2C(F)(F)F)CC1,CHEMBL5834453,7.236572006437063,7.236572006437063,1
CCN1CCN(Cc2ccc(C(=O)N[C@@H]3[C@H]4Oc5ccc(Oc6ccnc7c6CCC(=O)N7)cc5[C@@H]34)cc2Br)CC1,CHEMBL5806557,8.267606240177031,8.267606240177031,1
CCN1CCN(Cc2ccc(C(=O)N[C@@H]3[C@H]4Oc5ccc(Oc6ccnc7c6CCC(=O)N7)cc5[C@@H]34)cc2C(F)(F)F)CC1,CHEMBL5875012,8.098271442175793,8.098271442175793,2
CCN1CCN(Cc2ccc(C(=O)N[C@@H]3[C@H]4Oc5ccc(Oc6ccnc7c6CCC(=O)N7)cc5[C@@H]34)cc2C)CC1,CHEMBL5845171,8.193820026016112,8.193820026016112,1
CCN1CCN(Cc2ccc(C(=O)N[C@@H]3[C@H]4Oc5ccc(Oc6ccnc7c6CCC(=O)N7)cc5[C@@H]34)cc2Cl)CC1,CHEMBL5870222,8.244125144327509,8.244125144327509,1
CCN1CCN(Cc2ccc(C(=O)N[C@@H]3[C@H]4Oc5ccc(Oc6ccnc7c6CCC(=O)N7)cc5[C@@H]34)cc2F)CC1,CHEMBL5832090,8.09151498112135,8.09151498112135,1
CCN1CCN(Cc2ccc(C(=O)N[C@@H]3[C@H]4Oc5ccc(Oc6ccnc7c6CCC(=O)N7)cc5[C@@H]34)cc2OC(F)(F)F)CC1,CHEMBL5798869,8.0,8.0,1
CCN1CCN(Cc2ccc(C(=O)N[C@@H]3[C@H]4Oc5ccc(Oc6ccnc7c6CCC(=O)N7)cc5[C@@H]34)cc2OC)CC1,CHEMBL6053635,8.161150909262744,8.161150909262744,1
CCN1CCN(Cc2ccc(C(=O)N[C@@H]3[C@H]4Oc5ccc(Oc6ccnc7c6CNC(=O)N7)cc5[C@@H]34)cc2C(F)(F)F)CC1,CHEMBL5957231,7.769551078621726,7.769551078621726,1
CCN1CCN(Cc2ccc(C(=O)N[C@@H]3[C@H]4Oc5ccc(Oc6ccnc7c6COC(=O)N7)cc5[C@@H]34)cc2C(F)(F)F)CC1,CHEMBL5902796,7.795880017344075,7.795880017344075,1
CCN1CCN(Cc2ccc(C(=O)N[C@H]3[C@@H]4Oc5ccc(Oc6ccnc7c6CCC(=O)N7)cc5[C@H]34)cc2C(F)(F)F)CC1,CHEMBL5768138,7.795880017344075,7.795880017344075,1
CCN1CCN(Cc2ccc(NC(=O)N[C@@H]3[C@H]4Oc5ccc(Oc6ccnc7c6CCC(=O)N7)cc5[C@@H]34)cc2C(F)(F)F)CC1,CHEMBL5814679,4.886056647693163,4.886056647693163,1
CCN1CCN(Cc2ccc(NC(=O)N[C@@H]3[C@H]4Oc5ccc(Oc6ccnc7c6CCC(=O)N7)cc5[C@@H]34)cc2F)CC1,CHEMBL5949456,3.0856568428805593,3.0856568428805593,1
CCN1CCN(Cc2ccc(Nc3ncc(F)c(-c4cc(F)c5nc(C)n(C(C)C)c5c4)n3)nc2)CC1,CHEMBL3301610,5.198596289982644,5.198596289982644,2
CCN1CCN(c2cc(C(=O)Nc3ccc(C)c(-c4cc(N5CCOCC5)c(=O)n(C)c4)c3)cc(C(F)(F)F)c2)CC1,CHEMBL3969209,8.0,8.064027151353795,5
CCN1CCN(c2cc(C(=O)Nc3ccc(C)c(-c4cc(N5CCOCC5)c(=O)n(C)n4)c3)cc(C(F)(F)F)c2)CC1,CHEMBL5779823,8.337242168318426,8.337242168318426,2
CCN1CCN(c2cc(C(=O)Nc3ccc(C)c(-c4cc(N5CCOCC5)n(C)c(=O)c4)c3)cc(C(F)(F)F)c2)CC1,CHEMBL5803878,8.602059991327963,8.602059991327963,2
CCN1CCN(c2cc(C(=O)Nc3ccc(C)c(-c4cc(N5CCOCC5)nc(N5CCOCC5)n4)c3)cc(C(F)(F)F)c2)CC1,CHEMBL3929795,8.46432619657425,8.437923594766556,5
CCN1CCN(c2cc(C(=O)Nc3ccc(C)c(-c4ccnc(N5CCOCC5)c4)c3)cc(C(F)(F)F)c2)CC1,CHEMBL3946717,8.55284196865778,8.551094697134706,3
CCN1CCN(c2cc(C(=O)Nc3ccc(C)c(Nc4ncnc5cnc(N6CCOCC6)nc45)c3)cc(C(C)(C)C#N)c2)CC1,CHEMBL3643293,8.698970004336019,8.698970004336019,1
CCN1CCN(c2cc(C(=O)Nc3cccc(Nc4ccc5c(OC)cccc5n4)c3)cc(C(F)(F)F)c2)CC1,CHEMBL4795732,5.851641085586619,5.851641085586619,2
CCN1CCN(c2cc(C(=O)Nc3cnc(C)c(-c4cc(N5CCOCC5)c(=O)n(C)c4)c3)cc(C(F)(F)F)c2)CC1,CHEMBL5769059,7.0,7.0,2
CCN1CCN(c2cc(C(=O)Nc3cnc(C)c(-c4cc(N5CCOCC5)nc(N5CC(O)C5)c4)c3)cc(C(F)(F)F)c2)CC1,CHEMBL5824380,7.572695180952103,7.572695180952103,2
CCN1CCN(c2cc(C(=O)Nc3cnc(C)c(-c4cc(NCCO)nc(N5CCOCC5)c4)c3)cc(C(F)(F)F)c2)CC1,CHEMBL6007571,7.482145081086069,7.482145081086069,2
CCN1CCN(c2cc(NC(=O)c3ccc(C)c(Nc4ncnc5c(N)nc(N(C)C)nc45)c3)cc(C(F)(F)F)c2)CC1,CHEMBL3694036,7.721246399047171,7.721246399047171,1
CCN1CCN(c2cc(NC(=O)c3ccc(C)c(Nc4ncnc5c(N)nc(N6CCCC6)nc45)c3)cc(C(F)(F)F)c2)CC1,CHEMBL3694044,8.045757490560675,8.045757490560675,1
CCN1CCN(c2cc(NC(=O)c3ccc(C)c(Nc4ncnc5c(N)nc(N6CCCOCC6)nc45)c3)cc(C(F)(F)F)c2)CC1,CHEMBL3694038,8.522878745280337,8.522878745280337,1
CCN1CCN(c2cc(NC(=O)c3ccc(C)c(Nc4ncnc5c(N)nc(N6CCOCC6)nc45)c3)cc(C(F)(F)F)c2)CC1,CHEMBL3694034,8.698970004336019,8.698970004336019,1
CCN1CCN(c2cc(NC(=O)c3ccc(C)c(Nc4ncnc5c(N)nc(N6CC[C@H](F)C6)nc45)c3)cc(C(F)(F)F)c2)CC1,CHEMBL3694045,8.0,8.0,1
CCN1CCN(c2cc(NC(=O)c3ccc(C)c(Nc4ncnc5cnc(N(C)CC6CCCCO6)nc45)c3)cc(C(F)(F)F)c2)CC1,CHEMBL3641035,7.6020599913279625,7.6020599913279625,1
CCN1CCN(c2cc(NC(=O)c3ccc(C)c(Nc4ncnc5cnc(N(C)CCOC)nc45)c3)cc(C(F)(F)F)c2)CC1,CHEMBL3641091,8.698970004336019,8.698970004336019,1
CCN1CCN(c2cc(NC(=O)c3ccc(C)c(Nc4ncnc5cnc(N6CCN(CCOC)CC6)nc45)c3)cc(C(F)(F)F)c2)CC1,CHEMBL3641051,8.221848749616356,8.221848749616356,1
CCN1CCN(c2cc(NC(=O)c3ccc(C)c(Nc4ncnc5cnc(N6CCOCC6)nc45)c3)cc(C(F)(F)F)c2)CC1,CHEMBL3641067,8.698970004336019,8.698970004336019,1
CCN1CCN(c2cc(NC(=O)c3ccc(C)c(Nc4ncnc5cnc(N6CC[C@H](F)C6)nc45)c3)cc(C(F)(F)F)c2)CC1,CHEMBL3641065,8.397940008672037,8.397940008672037,1
CCN1CCN(c2ccc(C(=O)N[C@@H]3[C@H]4Oc5ccc(Oc6ccnc7c6CCC(=O)N7)cc5[C@@H]34)cc2C(F)(F)F)CC1,CHEMBL5873702,7.958607314841775,7.958607314841775,1
CCN1CCN(c2ccc(NC(=O)N[C@@H]3[C@H]4Oc5ccc(Oc6ccnc7c6CCC(=O)N7)cc5[C@@H]34)cc2C(F)(F)F)CC1,CHEMBL5818549,3.6439741428068775,3.6439741428068775,1
CCN1CCN(c2ccc(Nc3cc(N(C)C(=O)Nc4c(Cl)c(OC)cc(OC)c4Cl)ncn3)cc2)CC1,CHEMBL1852688,5.382789905442566,5.382789905442566,1
CCN1CCN(c2ccc(Nc3nc4cc(Oc5ccnc(C(=O)NC)c5)ccc4o3)cc2)CC1,CHEMBL1778400,4.769551078621726,4.769551078621726,1
CCN1CCN(c2ccc3ncnc(Nc4cc(C(=O)Nc5cc(C(C)(C)C)cc(NS(C)(=O)=O)c5OC)ccc4C)c3n2)CC1,CHEMBL3659930,6.29413628771608,6.29413628771608,1
CCN1CCN(c2cncc(-c3cn(-c4cc(C(=O)Nc5cc(C(C)(C)C)on5)ccc4C)nn3)c2)CC1,CHEMBL3958823,8.221848749616356,8.221848749616356,1
CCN1CCN(c2cncc(-c3cn(-c4cc(C(=O)Nc5cc(C(C)(C)C)on5)ccc4C)nn3)c2)CC1C,CHEMBL3900624,7.958607314841775,7.958607314841775,1
CCN1CCN(c2cncc(-c3cn(-c4cc(C(=O)Nc5cc(C(F)(F)F)ccn5)ccc4C)nn3)c2)CC1,CHEMBL3938547,8.154901959985743,8.154901959985743,1
CCN1CCN(c2cncc(-c3cn(-c4cc(NC(=O)c5cc(C)n(C(C)(C)C)n5)ccc4C)nn3)c2)CC1,CHEMBL3944223,8.0,8.0,1
CCN1CCN(c2cncc(-c3cn(-c4cc(NC(=O)c5ccc(C(C)(C)C)o5)ccc4C)nn3)c2)CC1,CHEMBL3983429,8.522878745280337,8.522878745280337,1
CCN1CCN(c2cncc(-c3cn(-c4cc(NC(=O)c5ccc(C(C)(C)C)s5)ccc4C)nn3)c2)CC1,CHEMBL3975908,8.096910013008056,8.096910013008056,1
CCN1CCN(c2ncc3ncnc(Nc4cc(C(=O)Nc5cc(C(C)(C)C)on5)ccc4C)c3n2)CC1,CHEMBL3641107,8.698970004336019,8.698970004336019,1
CCN1CCN(c2ncc3ncnc(Nc4cc(C(=O)Nc5cc(C(C)(C)C)on5)ccc4F)c3n2)CC1,CHEMBL3641025,9.0,9.0,1
CCN1CCN(c2ncc3ncnc(Nc4cc(C(=O)Nc5ccc(OC)c(C(F)(F)F)c5)ccc4C)c3n2)CC1,CHEMBL3641176,8.045757490560675,8.045757490560675,1
CCN1CCN(c2ncc3ncnc(Nc4cc(C(=O)Nc5ccc(OC)c(C(F)(F)F)c5)ccc4F)c3n2)CC1,CHEMBL3641032,8.301029995663981,8.301029995663981,1
CCN1CCN(c2ncc3ncnc(Nc4cc(NC(=O)c5cccc(C(C)(C)C#N)c5)ccc4C)c3n2)CC1,CHEMBL3641228,9.0,9.0,1
CCN1C[C@@H]2C[C@H]1CN2c1ccc(-c2ccnc3c(-c4ccc(F)c(O)c4)c(-c4ccncc4)nn23)cc1,CHEMBL1080650,9.292429823902063,9.292429823902063,1
CCNC(=O)N1C2CCC1CC(c1ccnc3c(-c4cccc5[nH]ncc45)c(-c4ccncc4)nn13)C2,CHEMBL570658,8.173925197299173,8.173925197299173,1
CCNC(=O)Nc1cc(CNc2ccccc2C(=O)Nc2ccc3c(c2)OC(F)(F)O3)ccn1,CHEMBL247793,7.045757490560675,7.045757490560675,1
CCNC(=O)Nc1ccc(CNc2ncsc2C(=O)Nc2ccc3c(c2)OC(F)(F)O3)cn1,CHEMBL247798,6.913640169325252,6.913640169325252,1
CCNC(=O)Nc1cccc(-c2nc(NC3CC3)nc3sc(C(N)=O)c(N)c23)c1,CHEMBL1934643,5.325138859262188,5.325138859262188,1
CCNC(=O)c1cc(CNc2ccccc2C(=O)Nc2ccc3c(c2)OC(F)(F)O3)ccn1,CHEMBL248226,6.47755576649368,6.47755576649368,1
CCNC(=O)c1cc(Oc2ccc(NC(=O)c3ccc(Cl)c(C(F)(F)F)c3)cc2)ccc1N,CHEMBL4471993,6.450996737974212,6.450996737974212,1
CCNC(=O)c1cc(Oc2ccc3c(c2)nc(Nc2ccc(Br)cc2)n3C)ccn1,CHEMBL470359,7.886056647693163,7.886056647693163,1
CCNCc1ccc(C(=O)Nc2ccc(C)c(-c3cc(N4CCOCC4)c(OCC)nn3)c2)cc1C(F)(F)F,CHEMBL5888397,8.537602002101044,8.537602002101044,2
CCNS(=O)(=O)Nc1ccc(F)c(C(=O)Nc2cnc3[nH]nc(OC)c3c2)c1F,CHEMBL1822094,7.7447274948966935,7.7447274948966935,1
CCNS(=O)(=O)Nc1cccc(Cn2cnc3c(F)c(Nc4ccc(C5CC5)cc4F)c(C(=O)NOCCO)cc32)c1,CHEMBL5596257,8.154901959985743,8.154901959985743,1
CCNS(=O)(=O)Nc1cccc(Cn2cnc3c(F)c(Nc4ccc(C5CC5)cc4F)c(C(=O)NOCCO)cc32)c1F,CHEMBL5597316,8.522878745280337,8.522878745280337,1
CCNc1cc(C2(C(=O)Nc3cc(C(=O)Nc4ccc(Cl)c(C(F)(F)F)c4)ccc3C)CC2)ncn1,CHEMBL4096093,7.355561410532161,7.355561410532161,1
CCNc1cc(Oc2ccc(NC(=O)Nc3cccc(C(F)(F)F)c3)cc2)ncn1,CHEMBL4864463,6.301029995663981,6.301029995663981,1
CCNc1nc(-c2cc(C(=O)Nc3cccc(C(C)(C)C#N)c3)ccc2C)cc(N2CCOCC2)n1,CHEMBL5798057,8.657577319177793,8.657577319177793,2
CCNc1nc(-c2cc(C(=O)Nc3cccc(C(F)F)c3)ccc2C)cc(N2CCOCC2)n1,CHEMBL5890874,9.096910013008056,9.096910013008056,2
CCNc1nc(-c2cc(C(=O)Nc3ccccc3)ccc2C)cc(N2CCOCC2)n1,CHEMBL5954219,8.356547323513812,8.356547323513812,2
CCNc1nc(-c2cc(NC(=O)c3cc(C(F)(F)F)c(=O)n(CC)c3)ccc2C)cc(N2CCOCC2)n1,CHEMBL5925043,8.886056647693163,8.886056647693163,2
CCNc1nc(-c2cc(NC(=O)c3cc(C(F)(F)F)c(=O)n(CC)c3)cnc2C)cc(N2CCOCC2)n1,CHEMBL5781621,7.636392089545754,7.636392089545754,2
CCNc1nc(-c2cc(NC(=O)c3cccc(-c4nnco4)c3)ccc2C)cc(N2CCOCC2)n1,CHEMBL6038084,8.769551078621726,8.769551078621726,2
CCNc1nc(-c2cc(NC(=O)c3cccc(C(C)(C)C#N)c3)cnc2C)cc(N2CCOCC2)n1,CHEMBL5870479,8.045757490560675,8.045757490560675,2
CCNc1nc(-c2cc(NC(=O)c3cccc(C(C)(F)F)c3)ccc2C)cc(N2CCOCC2)n1,CHEMBL6053218,8.886056647693163,8.886056647693163,2
CCNc1nc(-c2cc(NC(=O)c3cccc(C(F)(F)F)c3)ccc2C)cc(N2CCOCC2)n1,CHEMBL3946003,9.229147988357855,9.227946957297343,3
CCNc1nc(-c2cc(NC(=O)c3cccc(C(F)(F)F)c3)cnc2C)cc(N2CCOCC2)n1,CHEMBL5820344,8.886056647693163,8.886056647693163,2
CCNc1nc(-c2cc(NC(=O)c3cccc(C(F)F)c3)ccc2C)cc(N2CCOCC2)n1,CHEMBL5773376,9.154901959985743,9.154901959985743,2
CCNc1nc(-c2cc(NC(=O)c3cccc(C(F)F)c3)cnc2C)cc(N2CCOCC2)n1,CHEMBL5784058,8.795880017344075,8.795880017344075,2
CCNc1nc(-c2cc(NC(=O)c3cccc(S(C)(=O)=O)c3)ccc2C)cc(N2CCOCC2)n1,CHEMBL5885861,10.698970004336019,10.698970004336019,2
CCNc1nc(-c2cc(NC(=O)c3ccccc3)ccc2C)cc(N2CCOCC2)n1,CHEMBL5854072,8.397940008672037,8.397940008672037,4
CCNc1nc(-c2cc(NC(=O)c3ccnc(C(C)(C)C#N)c3)ccc2C)cc(N2CCOCC2)n1,CHEMBL6024100,8.537602002101044,8.537602002101044,2
CCNc1nc(-c2cc(NC(=O)c3ccnc(C(C)(C)C#N)c3)ccc2C)cc(N2CCOC[C@@H]2C)n1,CHEMBL6006964,8.602059991327963,8.602059991327963,2
CCNc1nc(-c2cc(NC(=O)c3ccnc(C(C)(C)C#N)c3)ccc2C)cc(N2CCOC[C@H]2C)n1,CHEMBL6034920,8.2518119729938,8.2518119729938,2
CCNc1nc(-c2cc(NC(=O)c3ccnc(C(C)(C)C#N)c3)cnc2C)cc(N2CCOCC2)n1,CHEMBL5765620,8.075720713938118,8.075720713938118,2
CCNc1nc(-c2cc(NC(=O)c3ccnc(C(C)(C)C)c3)ccc2C)cc(N2CCOCC2)n1,CHEMBL5743669,8.619788758288394,8.619788758288394,2
CCNc1nc(-c2cc(NC(=O)c3ccnc(C(C)(C)C)c3)cnc2C)cc(N2CCOCC2)n1,CHEMBL6020995,7.683013422105163,7.683013422105163,2
CCNc1nc(-c2cc(NC(=O)c3ccnc(C(C)(C)O)c3)ccc2C)cc(N2CCOCC2)n1,CHEMBL6031754,8.387216143280265,8.387216143280265,2
CCNc1nc(-c2cc(NC(=O)c3ccnc(C(C)(C)O)c3)ccc2C)cc(N2CCOC[C@@H]2C)n1,CHEMBL5887524,8.602059991327963,8.602059991327963,2
CCNc1nc(-c2cc(NC(=O)c3ccnc(C(C)(C)O)c3)ccc2C)cc(N2CCOC[C@H]2C)n1,CHEMBL6042178,7.919016691817962,7.919016691817962,2
CCNc1nc(-c2cc(NC(=O)c3ccnc(C(C)(C)O)c3)cnc2C)cc(N2CCOCC2)n1,CHEMBL5859692,7.457176355851572,7.457176355851572,2
CCNc1nc(-c2cc(NC(=O)c3ccnc(C(C)(F)F)c3)ccc2C)cc(N2CCOCC2)n1,CHEMBL5839086,9.0,9.0,2
CCNc1nc(-c2cc(NC(=O)c3ccnc(C(C)(F)F)c3)cnc2C)cc(N2CCOCC2)n1,CHEMBL5832816,8.3767507096021,8.3767507096021,2
CCNc1nc(-c2cc(NC(=O)c3ccnc(C(C)C)c3)ccc2C)cc(N2CCOCC2)n1,CHEMBL5986364,8.920818753952375,8.920818753952375,2
CCNc1nc(-c2cc(NC(=O)c3ccnc(C(F)(F)CC)c3)ccc2C)cc(N2CCOCC2)n1,CHEMBL5790619,9.096910013008056,9.096910013008056,2
CCNc1nc(-c2cc(NC(=O)c3ccnc(C(F)(F)F)c3)ccc2C)cc(N2CCOCC2)n1,CHEMBL5741155,9.0,9.0,2
CCNc1nc(-c2cc(NC(=O)c3ccnc(C(F)(F)F)c3)cnc2C)cc(N2CCOCC2)n1,CHEMBL5796199,8.698970004336019,8.698970004336019,2
CCNc1nc(-c2cc(NC(=O)c3ccnc(C(F)F)c3)cnc2C)cc(N2CCOCC2)n1,CHEMBL5982839,8.481486060122112,8.481486060122112,2
CCNc1nc(-c2cc(NC(=O)c3ccnc(C4(C#N)CC4)c3)ccc2C)cc(N2CCOCC2)n1,CHEMBL5814168,9.301029995663981,9.301029995663981,2
CCNc1nc(-c2cc(NC(=O)c3ccnc(C4(C#N)CC4)c3)cnc2C)cc(N2CCOCC2)n1,CHEMBL5981726,8.356547323513812,8.356547323513812,2
CCNc1nc(-c2cc(NC(=O)c3ccnc(C4COC4)c3)ccc2C)cc(N2CCOCC2)n1,CHEMBL5881691,8.721246399047171,8.721246399047171,2
CCNc1nc(-c2cc(NC(=O)c3ccnc(C4COC4)c3)cnc2C)cc(N2CCOCC2)n1,CHEMBL5897738,7.748377114267443,7.748377114267443,2
CCNc1nc(-c2cc(NC(=O)c3ccnc(S(C)(=O)=O)c3)ccc2C)cc(N2CCOCC2)n1,CHEMBL5858080,8.522878745280337,8.522878745280337,2
CCNc1nc(-c2cc(NC(=O)c3cnnc(C(C)(C)C#N)c3)ccc2C)cc(N2CCOCC2)n1,CHEMBL5929576,8.468521082957745,8.468521082957745,2
CCNc1nc(-c2cc(NC(=O)c3cnnc(C(C)(C)C#N)c3)cnc2C)cc(N2CCOCC2)n1,CHEMBL5898083,7.5670336659034065,7.5670336659034065,2
CCNc1nc(-c2cc(NC(=O)c3cnnc(C4CC4)c3)cnc2C)cc(N2CCOCC2)n1,CHEMBL5984933,8.070581074285707,8.070581074285707,2
CCNc1ncc(C(=O)Nc2cc(C(=O)Nc3ccc(CN4CCN(C)CC4)c(C(F)(F)F)c3)ccc2C)cn1,CHEMBL3234745,6.292429823902063,6.292429823902063,1
CCNc1nccc(-c2nc(C3CC3)[nH]c2-c2cc(F)cc(NS(C)(=O)=O)c2Cl)n1,CHEMBL3651647,7.958607314841775,7.958607314841775,1
CCNc1nccc(C2=C(c3cc(Cl)cc(NS(=O)(=O)c4cc(F)ccc4F)c3F)C(=O)C(C)(C)O2)n1,CHEMBL3927350,8.55284196865778,8.55284196865778,1
CCOC(=O)N1C2CCC1CC(c1c(C)cnc3c(-c4cccc5[nH]ncc45)c(-c4ccncc4)nn13)C2,CHEMBL585335,8.075720713938118,8.075720713938118,1
CCOC(=O)N1C2CCC1CC(c1ccnc3c(-c4ccc(-c5nnco5)cc4)c(-c4ccncc4)nn13)C2,CHEMBL583340,6.821023052706831,6.821023052706831,1
CCOC(=O)N1C2CCC1CC(c1ccnc3c(-c4ccc(C(F)(F)F)c5[nH]ncc45)c(-c4ccncc4)nn13)C2,CHEMBL571744,8.356547323513812,8.356547323513812,1
CCOC(=O)N1C2CCC1CC(c1ccnc3c(-c4ccc(C)c5[nH]ncc45)c(-c4ccncc4)nn13)C2,CHEMBL583133,9.154901959985743,9.154901959985743,1
CCOC(=O)N1C2CCC1CC(c1ccnc3c(-c4ccc(Cl)c(OC)c4)c(-c4ccncc4)nn13)C2,CHEMBL584739,7.266802734893431,7.266802734893431,1
CCOC(=O)N1C2CCC1CC(c1ccnc3c(-c4ccc(Cl)c5[nH]ncc45)c(-c4ccncc4)nn13)C2,CHEMBL585144,9.397940008672037,9.397940008672037,1
CCOC(=O)N1C2CCC1CC(c1ccnc3c(-c4ccc(F)c(F)c4)c(-c4ccncc4)nn13)C2,CHEMBL571558,6.51999305704285,6.51999305704285,1
CCOC(=O)N1C2CCC1CC(c1ccnc3c(-c4ccc(F)c5[nH]ncc45)c(-c4ccncc4)nn13)C2,CHEMBL570681,9.397940008672037,9.397940008672037,1
CCOC(=O)N1C2CCC1CC(c1ccnc3c(-c4ccc5cc[nH]c5c4)c(-c4ccncc4)nn13)C2,CHEMBL583894,7.443697499232712,7.443697499232712,1
CCOC(=O)N1C2CCC1CC(c1ccnc3c(-c4cccc(O)c4)c(-c4ccncc4)nn13)C2,CHEMBL571129,9.0,9.0,1
CCOC(=O)N1C2CCC1CC(c1ccnc3c(-c4cccc(OC)c4)c(-c4ccncc4)nn13)C2,CHEMBL571557,7.060480747381382,7.060480747381382,1
CCOC(=O)N1C2CCC1CC(c1ccnc3c(-c4cccc5[nH]ncc45)c(-c4ccncc4)nn13)C2,CHEMBL585334,8.698970004336019,8.698970004336019,1
CCOC(=O)Nc1nc2ccc(C(=O)c3ccccc3C(=O)OCc3ccccc3)cc2o1,CHEMBL3906753,6.0,6.0,1
CCOC(=O)c1cc2c(-c3cn(CC)nc3-c3cccc(NC(=O)Nc4ccccc4)c3)ccnc2[nH]1,CHEMBL1964273,7.4698003017969175,7.4698003017969175,1
CCOC(=O)c1ccc(Nc2ccnc(SCC(=O)c3ccc(C#N)cc3)n2)cc1,CHEMBL4573547,6.823908740944319,6.823908740944319,1
CCOC(=O)c1ccc(Nc2ccnc(SCC(=O)c3ccc(OC)cc3)n2)cc1,CHEMBL4566054,6.3872161432802645,6.3872161432802645,1
CCOC(=O)c1ccc(Nc2ccnc(SCC(=O)c3ccc([N+](=O)[O-])cc3)n2)cc1,CHEMBL4448435,6.657577319177793,6.657577319177793,1
CCOC(=O)c1cccc(-c2cncc(Nc3cc(OC)c(OC)c(OC)c3)n2)c1,CHEMBL500416,4.853871964321762,4.853871964321762,1
CCOC(=O)c1ccccc1-c1ccc(/C=C2/C(=O)NC(=S)N(c3ccc(C)cc3)C2=O)o1,CHEMBL2070581,5.991399828238082,5.991399828238082,1
CCOC(=O)c1cnn2c(-c3cccc(NC(=O)Nc4ccc(C(F)(F)F)cc4)c3)ccnc12,CHEMBL562424,5.443697499232712,5.443697499232712,1
CCOC(=O)c1cnn2c(-c3cccc(NC(=O)Nc4ccc(C)c(C(F)(F)F)c4)c3)ccnc12,CHEMBL551905,6.443697499232712,6.443697499232712,1
CCOC(=O)c1cnn2c(-c3cccc(NC(=O)Nc4ccc(Cl)c(C(F)(F)F)c4)c3)ccnc12,CHEMBL564895,6.443697499232712,6.443697499232712,1
CCOC(=O)c1cnn2c(-c3cccc(NC(=O)Nc4ccc(F)c(C(F)(F)F)c4)c3)ccnc12,CHEMBL561243,6.619788758288394,6.619788758288394,1
CCOC(=O)c1cnn2c(-c3cccc(NC(=O)Nc4cccc(C(F)(F)F)c4)c3)ccnc12,CHEMBL560642,6.267606240177031,6.267606240177031,1
CCOC(=O)c1cnn2c(-c3cccc(NC(=O)c4ccc(C)c(C(F)(F)F)c4)c3)ccnc12,CHEMBL549823,6.301029995663981,6.301029995663981,1
CCOC(=O)c1cnn2c(-c3cccc(NC(=O)c4ccc(Cl)c(C(F)(F)F)c4)c3)ccnc12,CHEMBL564192,5.369572124974976,5.369572124974976,1
CCOC(=O)c1cnn2c(-c3cccc(NC(=O)c4ccc(OC)c(C(F)(F)F)c4)c3)ccnc12,CHEMBL549824,5.987162775294828,5.987162775294828,1
CCOC(=O)c1cnn2c(-c3cccc(NC(=O)c4cccc(C(F)(F)F)c4)c3)ccnc12,CHEMBL565061,5.823908740944319,5.820098920350724,3
CCOC(=O)c1cnn2c(-c3cccc(NC(=O)c4cccc(OC(F)(F)F)c4)c3)ccnc12,CHEMBL549619,5.804100347590767,5.804100347590767,1
CCOC(=O)c1nc2cnccn2c1Nc1ccc2c(c1)CC/C2=N\O,CHEMBL1668905,6.652259161754901,6.652259161754901,2
CCOC(=O)c1oc2cnccc2c1Nc1ccc(Cl)c(O)c1,CHEMBL1667912,8.638272163982407,8.638272163982407,1
CCOC(=O)c1oc2cnccc2c1Nc1ccc2c(N)cccc2c1,CHEMBL1667905,7.2839966563652006,7.2839966563652006,1
CCOC(=O)c1oc2cnccc2c1Nc1ccc2c(O)c(F)ccc2c1,CHEMBL1667907,8.522878745280337,8.522878745280337,1
CCOC(=O)c1oc2cnccc2c1Nc1ccc2c(O)cccc2c1,CHEMBL1667906,8.958607314841775,8.958607314841775,1
CCOC(=O)c1oc2cnccc2c1Nc1ccc2c(c1)CC/C2=N/O,CHEMBL1667925,7.522878745280337,7.522878745280337,1
CCOC(=O)c1oc2cnccc2c1Nc1ccc2c(c1)CCC2=O,CHEMBL1667898,7.031517051446065,7.031517051446065,1
CCOC(=O)c1oc2cnccc2c1Nc1ccc2ccccc2c1,CHEMBL1667903,6.747146969020107,6.747146969020107,1
CCOC(=O)c1oc2cnccc2c1Nc1cnc2ccccc2c1,CHEMBL1667904,7.522878745280337,7.522878745280337,1
CCOC(=O)c1sc(NC(=O)c2cc(OC)cc(OC)c2)c(C#N)c1C,CHEMBL2392599,6.113509274827518,6.113509274827518,1
CCOC(=O)c1sc(NC(=O)c2ccc(Cl)c([N+](=O)[O-])c2)c(C#N)c1C,CHEMBL2392569,5.665546248849069,5.665546248849069,1
CCOC(=O)c1sc(NC(=O)c2ccc(F)cc2)c(C(=O)Nc2ccccc2)c1C,CHEMBL2392604,6.200659450546418,6.200659450546418,1
CCOC(=O)c1sc(NC(=O)c2ccc(OCC)cc2)c(C#N)c1C,CHEMBL2392473,5.935542010773082,5.935542010773082,1
CCOC(=O)c1sc(NC(=O)c2ccccc2C)c(C#N)c1C,CHEMBL2392468,5.6968039425795105,5.6968039425795105,1
CCOC(=O)c1sc2cnccc2c1Nc1ccc2c(c1)CC/C2=N/O,CHEMBL1668909,7.537860356969059,7.537860356969059,2
CCOC1(c2ccc3[nH]c(NC(=O)OC)nc3c2)c2ccccc2C(=O)N1Cc1ccccc1,CHEMBL3953942,7.0,7.0,1
CCOCCN1CCC(Cc2ccc3ncnc(Nc4cc(C(=O)Nc5cc(C(C)(C)C)cc(NS(C)(=O)=O)c5OC)ccc4C)c3n2)CC1,CHEMBL3659957,6.319664486585436,6.319664486585436,1
CCOCCN1CCN(c2cncc(-c3cn(-c4cc(C(=O)Nc5cc(C(C)(C)C)on5)ccc4C)nn3)c2)CC1,CHEMBL3934818,7.537602002101044,7.537602002101044,1
CCOCCN1CCN(c2cncc(-c3cn(-c4cc(NC(=O)c5ccc(C(C)(C)C)o5)ccc4C)nn3)c2)CC1,CHEMBL3929800,8.154901959985743,8.154901959985743,1
CCOCCN1CCN(c2cncc(-c3cn(-c4cc(NC(=O)c5ccc(C(C)(C)C)s5)ccc4C)nn3)c2)CC1,CHEMBL3946593,8.0,8.0,1
CCOc1cc(-c2cc(NC(=O)c3ccnc(C(C)(C)C#N)c3)cnc2C)cc(N2CCOCC2)n1,CHEMBL5770042,8.08039897621589,8.08039897621589,2
CCOc1cc(-c2cc(NC(=O)c3ccnc(C(C)(C)F)c3)cnc2C)cc(N2CCOCC2)n1,CHEMBL5908977,8.497572880015568,8.497572880015568,2
CCOc1cc(-c2cc(NC(=O)c3ccnc(C(C)(C)O)c3)cnc2C)cc(N2CCOCC2)n1,CHEMBL5942501,7.922635896279922,7.922635896279922,2
CCOc1cc(-c2cc(NC(=O)c3ccnc(C(C)(F)F)c3)cnc2C)cc(N2CCOCC2)n1,CHEMBL5846029,8.742321425130816,8.742321425130816,2
CCOc1cc(-c2cc(NC(=O)c3ccnc(C(F)(F)F)c3)ccc2C)cc(N2CCOCC2)n1,CHEMBL6048816,8.88941028970075,8.88941028970075,2
CCOc1cc(-c2cc(NC(=O)c3ccnc(C(F)F)c3)cnc2C)cc(N2CCOCC2)n1,CHEMBL5901184,8.7281583934635,8.7281583934635,2
CCOc1cc(-c2cc(NC(=O)c3ccnc(C4CC4)c3)cnc2C)cc(N2CCOCC2)n1,CHEMBL5941470,8.504455662453552,8.504455662453552,2
CCOc1cc(C(=O)Nc2ccc(C)c(-c3cc(N4CCOCC4)c(=O)n(C)c3)c2)ccc1F,CHEMBL5795248,8.508638306165727,8.508638306165727,2
CCOc1cc(C(=O)Nc2cnc(C)c(-c3cc(N4CCOCC4)c(=O)n(C)c3)c2)ccc1F,CHEMBL5889891,8.008773924307505,8.008773924307505,2
CCOc1cc2c(Oc3cccc(NC(=O)Nc4cc(C(C)(C)C)on4)c3)ncnc2cc1OC,CHEMBL1824288,7.096910013008056,7.096910013008056,1
CCOc1cc2ncnc(Nc3cc(S(=O)(=O)NC)ccc3OCC(F)(F)F)c2cc1OC,CHEMBL3814998,7.0,7.0,1
CCOc1cc2ncnc(Oc3cccc(NC(=O)Nc4cc(C(C)(C)C)on4)c3)c2cc1OC,CHEMBL1824294,6.761953896871205,6.761953896871205,1
CCOc1ccc(-c2cc(NC(=O)c3ccnc(C(C)(C)F)c3)cnc2C)nc1N1CCOCC1,CHEMBL5958221,8.071604147743287,8.071604147743287,2
CCOc1ccc(-c2cc(NC(=O)c3ccnc(C(C)(F)F)c3)cnc2C)nc1N1CCOCC1,CHEMBL5797708,8.386158178123932,8.386158178123932,2
CCOc1ccc(-c2ccc3ncnc(Nc4cccc5[nH]ncc45)c3c2)cc1,CHEMBL3661269,6.454785119447106,6.454785119447106,2
CCOc1ccc(N2C(=O)/C(=C\c3ccc(CN(CCC#N)S(C)(=O)=O)o3)C(=O)NC2=S)cc1,CHEMBL2070586,5.943095148663527,5.943095148663527,1
CCOc1cccc(C(=O)Nc2cnc(C)c(-c3cc(N4CCOCC4)c(=O)n(C)c3)c2)c1,CHEMBL5829056,8.0,8.0,2
CCOc1cccc2cc(C(=O)N3N=C(c4cccnc4)CC3c3ccccc3O)oc12,CHEMBL1782186,6.522999416159215,6.522999416159215,2
CCOc1n[nH]c2ncc(C#Cc3c(F)ccc(NS(=O)(=O)c4cccnc4)c3F)cc12,CHEMBL3582392,6.913640169325252,6.913640169325252,1
CCOc1nc(-c2cc(NC(=O)c3ccnc(C(C)(C)C#N)c3)ccc2C)cc(N2CCOCC2)n1,CHEMBL5758729,8.468521082957745,8.468521082957745,2
CCOc1nc(-c2cc(NC(=O)c3ccnc(C(C)(F)F)c3)ccc2C)cc(N2CCOCC2)n1,CHEMBL5980958,9.045757490560675,9.045757490560675,2
CCOc1nc(-c2cc(NC(=O)c3ccnc(C(C)C)c3)ccc2C)cc(N2CCOCC2)n1,CHEMBL5822473,8.958607314841775,8.958607314841775,2
CCOc1nc(-c2cc(NC(=O)c3ccnc(C(F)(F)F)c3)ccc2C)cc(N2CCOCC2)n1,CHEMBL5963355,9.154901959985743,9.154901959985743,2
CCOc1ncc(-c2cc(C(=O)Nc3cc(C(F)(F)F)ncc3F)ccc2C)cc1N1CCOCC1,CHEMBL5947888,8.73754891026957,8.73754891026957,2
CCOc1ncc(-c2cc(C(=O)Nc3cccc(S(C)(=O)=O)c3)ccc2C)cc1N1CCOCC1,CHEMBL5849024,9.045757490560675,9.045757490560675,2
CCOc1ncc(-c2cc(C(=O)Nc3ccnc(C(F)(F)F)c3)ccc2C)cc1N1CCOCC1,CHEMBL5990063,8.958607314841775,8.958607314841775,2
CCOc1ncc(-c2cc(NC(=O)c3cc(C(C)(C)N)cc(C(F)(F)F)c3)ccc2C)cc1C1(O)COC1,CHEMBL5831319,4.999262326225967,4.999262326225967,1
CCOc1ncc(-c2cc(NC(=O)c3cc(C(C)(C)N)cc(C(F)(F)F)c3)cnc2C)cc1C1(F)COC1,CHEMBL5870301,4.697582480849378,4.697582480849378,1
CCOc1ncc(-c2cc(NC(=O)c3cc(C(F)(F)F)c(=O)n(CC)c3)ccc2C)cc1N1CCOCC1,CHEMBL5939086,9.0,9.0,2
CCOc1ncc(-c2cc(NC(=O)c3cc(C(F)(F)F)c(=O)n(CC)c3)cnc2C)cc1N1CCOCC1,CHEMBL5936931,8.244125144327509,8.244125144327509,2
CCOc1ncc(-c2cc(NC(=O)c3cc(C(F)(F)F)ccn3)cnc2C)nc1N1CCOCC1,CHEMBL6024393,8.35122916609092,8.35122916609092,2
CCOc1ncc(-c2cc(NC(=O)c3cc(C4CC4)on3)cnc2C)cc1N1CCOCC1,CHEMBL6017507,8.886056647693163,8.886056647693163,2
CCOc1ncc(-c2cc(NC(=O)c3cc(CN(C)C)cc(C(F)(F)F)c3)cnc2C)cc1N1CCOCC1,CHEMBL5956971,8.080921907623926,8.080921907623926,2
CCOc1ncc(-c2cc(NC(=O)c3cc(CN(C)C)cc(C(F)(F)F)c3)cnc2C)nc1N1CCOCC1,CHEMBL6061377,7.77603356720391,7.77603356720391,2
CCOc1ncc(-c2cc(NC(=O)c3cc(N4CCN(CC)CC4)cc(C(F)(F)F)c3)cnc2C)cc1N1CCOCC1,CHEMBL5879319,8.0,8.0,2
CCOc1ncc(-c2cc(NC(=O)c3cccc(-c4nnco4)c3)ccc2C)cc1N1CCOCC1,CHEMBL6038394,8.853871964321762,8.853871964321762,2
CCOc1ncc(-c2cc(NC(=O)c3cccc(-c4nnco4)c3)cnc2C)cc1N1CCOCC1,CHEMBL5801798,8.119186407719209,8.119186407719209,2
CCOc1ncc(-c2cc(NC(=O)c3cccc(C(F)(F)F)c3)ccc2C)cc1N1CCOCC1,CHEMBL3910380,8.605548319173783,8.717152147071278,7
CCOc1ncc(-c2cc(NC(=O)c3cccc(C(F)(F)F)c3)ccc2C)nc1N1CCOCC1,CHEMBL5921869,8.920818753952375,8.920818753952375,2
CCOc1ncc(-c2cc(NC(=O)c3cccc(C(F)(F)F)c3)cnc2C)cc1N1CCOCC1,CHEMBL5938558,8.920818753952375,8.920818753952375,2
CCOc1ncc(-c2cc(NC(=O)c3cccc(C(F)(F)F)c3)cnc2C)nc1N1CCOCC1,CHEMBL5770098,8.55284196865778,8.55284196865778,2
CCOc1ncc(-c2cc(NC(=O)c3cccc(C(F)F)c3)ccc2C)cc1N1CCOCC1,CHEMBL5941581,9.397940008672037,9.397940008672037,2
CCOc1ncc(-c2cc(NC(=O)c3cccc(S(C)(=N)=O)c3)ccc2C)cc1N1CCOCC1,CHEMBL5752075,8.742321425130816,8.742321425130816,2
CCOc1ncc(-c2cc(NC(=O)c3cccc(S(C)(=O)=O)c3)ccc2C)cc1N1CCOCC1,CHEMBL5855834,9.154901959985743,9.154901959985743,2
CCOc1ncc(-c2cc(NC(=O)c3cccc(S(C)(=O)=O)c3)cnc2C)cc1N1CCOCC1,CHEMBL5834724,8.4089353929735,8.4089353929735,2
CCOc1ncc(-c2cc(NC(=O)c3ccnc(C(C)(C)C#N)c3)ccc2C)cc1C1(CF)COC1,CHEMBL5800685,6.350665141287858,6.350665141287858,1
CCOc1ncc(-c2cc(NC(=O)c3ccnc(C(C)(C)C#N)c3)ccc2C)cc1C1(O)COC1,CHEMBL5958616,5.30715308072277,5.30715308072277,1
CCOc1ncc(-c2cc(NC(=O)c3ccnc(C(C)(C)C#N)c3)ccc2C)cc1N1CCOCC1,CHEMBL3890682,8.576754126063193,8.561158855112163,5
CCOc1ncc(-c2cc(NC(=O)c3ccnc(C(C)(C)C#N)c3)cnc2C)cc1C1(C)COC1,CHEMBL5795934,5.147276089208794,5.147276089208794,1
CCOc1ncc(-c2cc(NC(=O)c3ccnc(C(C)(C)C#N)c3)cnc2C)cc1N1CCOCC1,CHEMBL5903021,8.2518119729938,8.2518119729938,2
CCOc1ncc(-c2cc(NC(=O)c3ccnc(C(C)(C)C#N)c3)cnc2C)nc1N1CCOCC1,CHEMBL5940173,7.886056647693163,7.886056647693163,2
CCOc1ncc(-c2cc(NC(=O)c3ccnc(C(C)(C)F)c3)ccc2C)cc1C1(O)COC1,CHEMBL5816102,5.748118545447472,5.748118545447472,1
CCOc1ncc(-c2cc(NC(=O)c3ccnc(C(C)(C)F)c3)cnc2C)cc1C1(CF)COC1,CHEMBL5979615,5.886390848926972,5.886390848926972,1
CCOc1ncc(-c2cc(NC(=O)c3ccnc(C(C)(C)F)c3)cnc2C)cc1N1CCOCC1,CHEMBL5743077,8.585026652029182,8.585026652029182,2
CCOc1ncc(-c2cc(NC(=O)c3ccnc(C(C)(C)F)c3)cnc2C)nc1N1CCOCC1,CHEMBL6004853,7.950159679445375,7.950159679445375,2
CCOc1ncc(-c2cc(NC(=O)c3ccnc(C(C)(C)O)c3)ccc2C)cc1N1CCOCC1,CHEMBL5909222,8.795880017344075,8.795880017344075,2
CCOc1ncc(-c2cc(NC(=O)c3ccnc(C(C)(C)O)c3)cnc2C)cc1N1CCOCC1,CHEMBL6062459,7.81960865506336,7.81960865506336,2
CCOc1ncc(-c2cc(NC(=O)c3ccnc(C(C)(F)F)c3)ccc2C)cc1C1(O)COC1,CHEMBL5904593,5.914709421769935,5.914709421769935,1
CCOc1ncc(-c2cc(NC(=O)c3ccnc(C(C)(F)F)c3)ccc2C)cc1N1CCOCC1,CHEMBL5749263,9.221848749616356,9.221848749616356,2
CCOc1ncc(-c2cc(NC(=O)c3ccnc(C(C)(F)F)c3)cnc2C)nc1N1CCOCC1,CHEMBL5760006,8.278603387030115,8.278603387030115,2
CCOc1ncc(-c2cc(NC(=O)c3ccnc(C(C)C)c3)cnc2C)cc1N1CCOCC1,CHEMBL5852397,8.508638306165727,8.508638306165727,2
CCOc1ncc(-c2cc(NC(=O)c3ccnc(C(F)(F)F)c3)ccc2C)cc1C1(O)COC1,CHEMBL5859508,5.641684359917804,5.641684359917804,1
CCOc1ncc(-c2cc(NC(=O)c3ccnc(C(F)(F)F)c3)ccc2C)cc1N1CCOCC1,CHEMBL3917649,8.582030357785262,8.583096215840827,5
CCOc1ncc(-c2cc(NC(=O)c3ccnc(C(F)(F)F)c3)cnc2C)cc1C1(C)COC1,CHEMBL5882511,6.212539525481585,6.212539525481585,1
CCOc1ncc(-c2cc(NC(=O)c3ccnc(C(F)(F)F)c3)cnc2C)cc1N1CCOCC1,CHEMBL5771754,8.920818753952375,8.920818753952375,2
CCOc1ncc(-c2cc(NC(=O)c3ccnc(C(F)(F)F)c3)cnc2C)nc1N1CCOCC1,CHEMBL6035119,8.3986196563034,8.3986196563034,2
CCOc1ncc(-c2cc(NC(=O)c3ccnc(C(F)F)c3)ccc2C)cc1N1CCOCC1,CHEMBL5839997,9.397940008672037,9.397940008672037,2
CCOc1ncc(-c2cc(NC(=O)c3ccnc(C(F)F)c3)cnc2C)cc1N1CCOCC1,CHEMBL5770570,8.958607314841775,8.958607314841775,2
CCOc1ncc(-c2cc(NC(=O)c3ccnc(C4CC4)c3)cnc2C)cc1N1CCOCC1,CHEMBL5808431,8.744727494896694,8.744727494896694,2
CCOc1ncc(-c2cc(NC(=O)c3ccnc(C4COC4)c3)cnc2C)cc1N1CCOCC1,CHEMBL5884840,8.2518119729938,8.2518119729938,2
CCOc1ncc(-c2cc(NC(=O)c3ccnc(S(C)(=O)=O)c3)ccc2C)cc1N1CCOCC1,CHEMBL5745894,9.096910013008056,9.096910013008056,2
CCOc1ncc(-c2cc(NC(=O)c3ccnc(S(C)(=O)=O)c3)cnc2C)cc1N1CCOCC1,CHEMBL5956641,8.275724130399212,8.275724130399212,2
CCOc1ncc(-c2cc(NC(=O)c3cnnc(C(C)(C)C#N)c3)ccc2C)cc1N1CCOCC1,CHEMBL5915000,8.958607314841775,8.958607314841775,2
CCOc1ncc(-c2cc(NC(=O)c3cnnc(C(C)(C)C#N)c3)cnc2C)cc1C1(C)COC1,CHEMBL5809748,5.146727775979317,5.146727775979317,1
CCOc1ncc(-c2cc(NC(=O)c3cnnc(C(C)(C)C#N)c3)cnc2C)cc1N1CCOCC1,CHEMBL5978592,7.77603356720391,7.77603356720391,2
CCOc1ncc(-c2cc(NC(=O)c3cnnc(C(C)(C)C#N)c3)cnc2C)cc1N1CCOC[C@H]1C,CHEMBL5831591,7.0,7.0,2
CCOc1ncc(-c2cc(NC(=O)c3cnnc(C(C)(C)F)c3)ccc2C)cc1N1CCOCC1,CHEMBL5861328,9.045757490560675,9.045757490560675,2
CCOc1ncc(-c2cc(NC(=O)c3cnnc(C(F)(F)F)c3)ccc2C)cc1C1(C)COC1,CHEMBL5992357,6.517126416391246,6.517126416391246,1
CCOc1ncc(-c2cc(NC(=O)c3cnnc(C(F)(F)F)c3)ccc2C)cc1N1CCOCC1,CHEMBL5963586,8.958607314841775,8.958607314841775,2
CCOc1ncc(-c2cc(NC(=O)c3cnnc(C(F)(F)F)c3)cnc2C)cc1C1(C)COC1,CHEMBL5868278,5.838332587562264,5.838332587562264,1
CCOc1ncc(-c2cc(NC(=O)c3cnnc(C(F)(F)F)c3)cnc2C)cc1N1C2CCC1COC2,CHEMBL5962820,7.275724130399211,7.275724130399211,2
CCOc1ncc(-c2cc(NC(=O)c3cnnc(C(F)(F)F)c3)cnc2C)cc1N1CCOCC1,CHEMBL5784152,8.508638306165727,8.508638306165727,2
CCOc1ncc(-c2cc(NC(=O)c3cnnc(C(F)(F)F)c3)cnc2C)cc1N1CCOC[C@@H]1C,CHEMBL5933618,6.698970004336019,6.698970004336019,2
CCOc1ncc(-c2cc(NC(=O)c3cnnc(C(F)(F)F)c3)cnc2C)cc1N1CCOC[C@H]1C,CHEMBL5860134,6.698970004336019,6.698970004336019,2
CCOc1nnc(-c2cc(C(=O)Nc3ccnc(C(C)(F)F)c3)ccc2C)cc1N1CCOCC1,CHEMBL5885423,8.112382699664265,8.112382699664265,2
CCOc1nnc(-c2cc(N)ccc2C)cc1N1CCOCC1,CHEMBL5946447,9.045757490560675,9.045757490560675,1
CCOc1nnc(-c2cc(NC(=O)c3cc(C(F)(F)F)ccn3)cnc2C)cc1N1CCOCC1,CHEMBL5908879,8.886056647693163,8.886056647693163,2
CCOc1nnc(-c2cc(NC(=O)c3cc(CN(C)C)cc(C(F)(F)F)c3)cnc2C)cc1C1(C)COC1,CHEMBL5867849,4.631452802432343,4.631452802432343,1
CCOc1nnc(-c2cc(NC(=O)c3ccc(CCl)c(C(F)(F)F)c3)ccc2C)cc1N1CCOCC1,CHEMBL5936692,8.657577319177793,8.657577319177793,1
CCOc1nnc(-c2cc(NC(=O)c3ccc(CCl)c(C(F)(F)F)c3)cnc2C)cc1N1CCOCC1,CHEMBL5966739,7.853871964321762,7.853871964321762,1
CCOc1nnc(-c2cc(NC(=O)c3ccc(CN(C)C)c(C(F)(F)F)c3)ccc2C)cc1N1CCOCC1,CHEMBL6031753,8.455931955649724,8.455931955649724,1
CCOc1nnc(-c2cc(NC(=O)c3ccc(CN(C)CC)c(C(F)(F)F)c3)ccc2C)cc1N1CCOCC1,CHEMBL6026759,8.455931955649724,8.455931955649724,1
CCOc1nnc(-c2cc(NC(=O)c3ccc(CNC)c(C(F)(F)F)c3)ccc2C)cc1N1CCOCC1,CHEMBL5894605,8.657577319177793,8.657577319177793,1
CCOc1nnc(-c2cc(NC(=O)c3ccc(CNC)c(C(F)(F)F)c3)cnc2C)cc1N1CCOCC1,CHEMBL5841987,7.853871964321762,7.853871964321762,1
CCOc1nnc(-c2cc(NC(=O)c3ccc(CO)c(C(F)(F)F)c3)cnc2C)cc1N1CCOCC1,CHEMBL5874369,8.431798275933005,8.431798275933005,2
CCOc1nnc(-c2cc(NC(=O)c3cccc(C(F)(F)F)c3)cnc2C)cc1N1CCOC(c2ncc[nH]2)C1,CHEMBL5800122,7.1140740273980025,7.1140740273980025,2
CCOc1nnc(-c2cc(NC(=O)c3cccc(C(F)(F)F)c3)cnc2C)cc1N1CCOCC1,CHEMBL5911860,9.045757490560675,9.045757490560675,2
CCOc1nnc(-c2cc(NC(=O)c3cccc(C(F)(F)F)c3)cnc2C)cc1N1CCOC[C@@H]1C,CHEMBL6014834,8.602059991327963,8.602059991327963,2
CCOc1nnc(-c2cc(NC(=O)c3cccc(C(F)(F)F)c3)cnc2C)cc1N1CCOC[C@H]1C,CHEMBL5778833,8.309803919971486,8.309803919971486,2
CCOc1nnc(-c2cc(NC(=O)c3cccc(C(F)F)c3)ccc2C)cc1N1CCOCC1,CHEMBL5768029,9.522878745280337,9.522878745280337,2
CCOc1nnc(-c2cc(NC(=O)c3cccc(C(F)F)c3)cnc2C)cc1N1CCOCC1,CHEMBL6004283,8.795880017344075,8.795880017344075,2
CCOc1nnc(-c2cc(NC(=O)c3cccc(S(C)(=O)=O)c3)ccc2C)cc1N1CCOCC1,CHEMBL5743167,9.045757490560675,9.045757490560675,1
CCOc1nnc(-c2cc(NC(=O)c3cccc(S(C)(=O)=O)c3)cnc2C)cc1N1CCOCC1,CHEMBL6006041,8.301029995663981,8.301029995663981,2
CCOc1nnc(-c2cc(NC(=O)c3ccnc(C(C)(C)C#N)c3)ccc2C)cc1N1CCOCC1,CHEMBL5791072,9.096910013008056,9.096910013008056,2
CCOc1nnc(-c2cc(NC(=O)c3ccnc(C(C)(C)C#N)c3)ccc2C)cc1N1CCOC[C@@H]1C,CHEMBL5768855,8.42021640338319,8.42021640338319,2
CCOc1nnc(-c2cc(NC(=O)c3ccnc(C(C)(C)C#N)c3)ccc2C)cc1N1CCOC[C@H]1C,CHEMBL5878840,8.327902142064282,8.327902142064282,2
CCOc1nnc(-c2cc(NC(=O)c3ccnc(C(C)(C)C#N)c3)cnc2C)cc1N1CCOCC1,CHEMBL6038870,8.0,8.0,2
CCOc1nnc(-c2cc(NC(=O)c3ccnc(C(C)(C)C#N)c3)cnc2C)cc1N1CCOC[C@H]1C,CHEMBL6001645,7.245271042717301,7.245271042717301,2
CCOc1nnc(-c2cc(NC(=O)c3ccnc(C(C)(C)F)c3)ccc2C)cc1N1CCOCC1,CHEMBL5755264,8.886056647693163,8.886056647693163,2
CCOc1nnc(-c2cc(NC(=O)c3ccnc(C(C)(C)F)c3)cnc2C)cc1C1(C)COC1,CHEMBL5761757,5.668370282370068,5.668370282370068,1
CCOc1nnc(-c2cc(NC(=O)c3ccnc(C(C)(C)F)c3)cnc2C)cc1N1CCOCC1,CHEMBL5862202,8.346787486224656,8.346787486224656,2
CCOc1nnc(-c2cc(NC(=O)c3ccnc(C(C)(C)O)c3)ccc2C)cc1N1CCOCC1,CHEMBL5841240,8.55284196865778,8.55284196865778,2
CCOc1nnc(-c2cc(NC(=O)c3ccnc(C(C)(F)F)c3)ccc2C)cc1N1CCOCC1,CHEMBL5953132,8.886056647693163,8.886056647693163,2
CCOc1nnc(-c2cc(NC(=O)c3ccnc(C(C)(F)F)c3)cnc2C)cc1C1(C)COC1,CHEMBL5989705,5.5014137911824825,5.5014137911824825,1
CCOc1nnc(-c2cc(NC(=O)c3ccnc(C(C)(F)F)c3)cnc2C)cc1N1CCOCC1,CHEMBL5894479,8.721246399047171,8.721246399047171,2
CCOc1nnc(-c2cc(NC(=O)c3ccnc(C(C)C)c3)cnc2C)cc1N1CCOCC1,CHEMBL5789826,8.585026652029182,8.585026652029182,2
CCOc1nnc(-c2cc(NC(=O)c3ccnc(C(F)(F)CC)c3)ccc2C)cc1N1CCOCC1,CHEMBL5861952,9.0,9.0,2
CCOc1nnc(-c2cc(NC(=O)c3ccnc(C(F)(F)CC)c3)cnc2C)cc1N1CCOCC1,CHEMBL5977438,8.455931955649724,8.455931955649724,2
CCOc1nnc(-c2cc(NC(=O)c3ccnc(C(F)(F)F)c3)ccc2C)cc1N1CCOCC1,CHEMBL5988277,9.154901959985743,9.154901959985743,2
CCOc1nnc(-c2cc(NC(=O)c3ccnc(C(F)(F)F)c3)cnc2C)cc1N1CCOCC1,CHEMBL5897851,8.795880017344075,8.795880017344075,2
CCOc1nnc(-c2cc(NC(=O)c3ccnc(C(F)F)c3)ccc2C)cc1N1CCOCC1,CHEMBL5858794,9.221848749616356,9.221848749616356,2
CCOc1nnc(-c2cc(NC(=O)c3ccnc(C4(C#N)CC4)c3)ccc2C)cc1N1CCOCC1,CHEMBL5971147,9.154901959985743,9.154901959985743,2
CCOc1nnc(-c2cc(NC(=O)c3ccnc(C4CC4)c3)ccc2C)cc1N1CCOCC1,CHEMBL6007903,9.221848749616356,9.221848749616356,2
CCOc1nnc(-c2cc(NC(=O)c3ccnc(C4CC4)c3)cnc2C)cc1N1CCOCC1,CHEMBL6047180,8.744727494896694,8.744727494896694,2
CCOc1nnc(-c2cc(NC(=O)c3ccnc(S(C)(=O)=O)c3)cnc2C)cc1N1CCOCC1,CHEMBL5746087,7.915456821256488,7.915456821256488,2
CCOc1nnc(-c2cc(NC(=O)c3cnnc(C(C)(C)C#N)c3)ccc2C)cc1N1CCOCC1,CHEMBL5923257,8.698970004336019,8.698970004336019,2
CCOc1nnc(-c2cc(NC(=O)c3cnnc(C(F)(F)F)c3)ccc2C)cc1N1CCOCC1,CHEMBL6008198,9.096910013008056,9.096910013008056,2
CCOc1nnc(-c2cc(NC(=O)c3cnnc(C(F)(F)F)c3)cnc2C)cc1N1CCOCC1,CHEMBL5862660,8.3767507096021,8.3767507096021,2
CCS(=O)(=O)Nc1c(F)c(F)cc(-c2nn(C(C)C)cc2-c2ccnc(NC[C@H](C)NC(=O)OC)n2)c1Cl,CHEMBL3985236,7.920818753952375,7.920818753952375,1
CCS(=O)(=O)Nc1c(F)ccc(-c2nn(C(C)C)cc2-c2ccnc(NC[C@H](C)NC(=O)OC)n2)c1F,CHEMBL3917262,8.769551078621726,8.616937892905066,6
CCS(=O)(=O)Nc1cc(Cl)cc(-c2[nH]c(C(C)(C)C)nc2-c2ccnc(NC[C@H](C)NC(=O)OC)n2)c1,CHEMBL3651613,10.0,10.0,1
CCS(=O)(=O)Nc1cc(Cl)cc(-c2[nH]c(C(C)(C)C)nc2-c2ccnc(NC[C@H](C)NC(=O)OC)n2)c1F,CHEMBL3651640,9.337242168318426,9.337242168318426,1
CCS(=O)(=O)Nc1cc(Cl)cc(-c2[nH]c(C3CC3)nc2-c2ccnc(NC[C@H](C)NC(=O)OC)n2)c1F,CHEMBL3651630,9.619788758288394,9.619788758288394,1
CCS(=O)(=O)Nc1cc(F)cc(-c2[nH]c(C3CC3)nc2-c2ccnc(NC[C@H](C)NC(=O)OC)n2)c1Cl,CHEMBL3651634,9.366531544420413,9.366531544420413,1
CCS(=O)(=O)Nc1ccc(-c2ccc3ncnc(Nc4ccccc4)c3c2)cc1,CHEMBL3661214,5.756936072449983,5.756936072449983,2
CCS(=O)(=O)Nc1ccc(C)c(Nc2ncnc3cnc(N4CCN(C)CC4)nc23)c1,CHEMBL3643290,6.283162276700475,6.283162276700475,1
CCS(=O)(=O)Nc1ccc(F)c(C(=O)Nc2cnc3[nH]nc(OC)c3c2)c1F,CHEMBL1822088,7.6020599913279625,7.6020599913279625,1
CCS(=O)(=O)Nc1ccc(F)c(Nc2ccc3ncn(C)c(=O)c3c2C)c1Cl,CHEMBL5569261,6.6930294308945575,6.70101592950701,4
CCS(=O)(=O)Nc1cccc(-c2ccc3ncnc(Nc4cccc5[nH]ncc45)c3c2)c1,CHEMBL3661283,6.634170651055952,6.634170651055952,2
CCS(=O)(=O)Nc1cccc(Cn2c(=O)oc3cc(OC(=O)N(C)C)ccc3c2=O)c1F,CHEMBL3814830,6.698970004336019,6.698970004336019,1
CCS(=O)(=O)Nc1ncc(F)c(Nc2ccc3ncn(C)c(=O)c3c2C)c1Cl,CHEMBL5787691,6.863279432843593,6.863279432843593,2
CCS(=O)(=O)Nc1ncc(F)c(Nc2ccc3ncn(C)c(=O)c3c2C)c1F,CHEMBL5747359,6.585026652029182,6.585026652029182,2
CCS(=O)(=O)Oc1ccc2c(=O)n(Cc3cccc(NS(=O)(=O)NC)c3F)c(=O)oc2c1,CHEMBL3814118,6.173925197299173,6.173925197299173,1
CCS(=O)(=O)c1ccc(S(=O)(=O)NC)cc1Nc1cc(Nc2ccc(Cl)cn2)ncn1,CHEMBL4094739,6.6020599913279625,6.6020599913279625,1
CC[C@@H](c1ccccc1)N1C(=O)c2ccccc2C1(O)c1ccc2[nH]c(NC(=O)OC)nc2c1,CHEMBL3919874,6.0,6.0,1
CC[C@H](c1ccccc1)N1C(=O)c2ccccc2C1(O)c1ccc2[nH]c(NC(=O)OC)nc2c1,CHEMBL3962318,7.0,7.0,1
CCc1cc(C(=O)Nc2ccc(C)c(-c3cc(N4CCOCC4)c(=O)n(C)c3)c2)ccn1,CHEMBL5955675,8.920818753952375,8.920818753952375,2
CCc1cc(C(=O)Nc2ccc(C)c(-c3cc(N4CCOCC4)c(=O)n(C)n3)c2)ccn1,CHEMBL6034730,8.853871964321762,8.853871964321762,2
CCc1cc(C(=O)Nc2ccc(C)c(-c3cc(N4CCOCC4)n(C)c(=O)c3)c2)ccn1,CHEMBL5801973,9.221848749616356,9.221848749616356,2
CCc1cc(Nc2nccc(-c3c(-c4cccc(C(=O)Nc5c(F)cccc5F)c4)nc4ccccn34)n2)c(OC)cc1N1CCC(N2CCN(S(C)(=O)=O)CC2)CC1,CHEMBL448929,6.494850021680094,6.494850021680094,1
CCc1ccc(C(=O)Nc2ccc(CN3CCN(C)CC3)c(C(F)(F)F)c2)cc1NC(=O)c1cnc2[nH]ccc2c1,CHEMBL3234756,6.443697499232712,6.443697499232712,1
CCc1ccc(Nc2nc3cc(Oc4ccnc(C(=O)NC)c4)ccc3o2)cc1,CHEMBL1778394,8.301029995663981,8.301029995663981,1
CCc1ccc(Nc2nc3cc(Oc4ccnc(NC(C)=O)c4)ccc3n2C)cc1,CHEMBL3335377,9.0,9.0,1
CCc1cccc(C(=O)Nc2cccc(Nc3ccnc(NC(=O)C4CC4)c3)c2)c1,CHEMBL3798469,6.958607314841775,6.958607314841775,1
CCc1cccc(N2C(=O)c3ccccc3C2(O)c2ccc3c(c2)NC(=O)CO3)c1,CHEMBL3980773,7.0,7.0,1
CCc1cccc(NC(=O)c2ccc(C)c(-c3cc(N4CCOCC4)c(=O)n(C)c3)c2)c1,CHEMBL5848032,8.619788758288394,8.619788758288394,2
CCc1ccccc1Nc1nc2cc(Oc3ccnc(C(=O)NC)c3)ccc2o1,CHEMBL1778294,6.468521082957745,6.468521082957745,1
CCc1ccccc1Nc1ncc2cc(Oc3ccnc(C(=O)NC)c3)ccc2n1,CHEMBL1950882,5.886056647693163,5.886056647693163,1
CCc1n[nH]c2c(Cl)ccc(Nc3c(-c4ncccn4)oc4cnccc34)c12,CHEMBL1667923,9.096910013008056,9.096910013008056,1
CCc1nc(-c2cccc(CS(=O)(=O)c3ccccc3)c2)c(-c2ccnc(Nc3ccc(N4CCN(C(C)=O)CC4)nc3)n2)s1,CHEMBL1808254,5.867100230055517,5.867100230055517,1
CCc1nc(-c2cccc(N(C)S(=O)(=O)c3ccccc3)c2)c(-c2ccnc(Nc3ccc(N4CCN(C(C)=O)CC4)nc3)n2)s1,CHEMBL1807712,5.7055337738384075,5.7055337738384075,1
CCn1c(=O)c(-c2cc(NC(=O)NCCC(C)(C)C)c(F)cc2C)cc2cnc(NC)cc21,CHEMBL3577116,7.958607314841775,7.91109934437197,3
CCn1c(=O)c(-c2ccc(F)c(NC(=O)Nc3cc(C(C)(C)C)no3)c2)cc2cnc(NC)cc21,CHEMBL3577115,8.0,7.979515840304269,3
CCn1c(=O)n(CC)c2c(Oc3ccc(NC(=O)Nc4ccc(Cl)c(C(F)(F)F)c4)cc3)ccnc21,CHEMBL521951,6.515700160653214,6.515700160653214,1
CCn1c(N2CCOCC2)cc(-c2cc(NC(=O)c3ccnc(C(C)(F)F)c3)ccc2C)cc1=O,CHEMBL5966098,9.221848749616356,9.221848749616356,2
CCn1c(N2CCOCC2)cc(-c2cc(NC(=O)c3ccnc(C(C)C)c3)ccc2C)cc1=O,CHEMBL6026154,8.602059991327963,8.602059991327963,2
CCn1c(N2CCOCC2)cc(-c2cc(NC(=O)c3ccnc(C(F)(F)CC)c3)ccc2C)cc1=O,CHEMBL5947168,8.67778070526608,8.67778070526608,2
CCn1c(Nc2ccc(Br)cc2)nc2cc(Oc3ccnc(C(=O)NC)c3)ccc21,CHEMBL470149,7.167491087293763,7.167491087293763,1
CCn1cc(-c2cc(NC(=O)c3cccc(C(F)(F)F)c3)ccc2C)cc(N2CCOCC2)c1=O,CHEMBL3890463,8.4089353929735,8.412290267424812,7
CCn1cc(-c2cc(NC(=O)c3cccc(C(F)(F)F)c3)ccc2C)nc(N2CCOCC2)c1=O,CHEMBL3930929,9.10790539730952,9.104624403662601,5
CCn1cc(-c2cc(NC(=O)c3cccc(C(F)(F)F)c3)cnc2C)cc(N2CCOCC2)c1=O,CHEMBL3964820,7.801342913045577,7.799377929525153,5
CCn1cc(-c2cc(NC(=O)c3ccnc(C(C)(C)C#N)c3)ccc2C)cc(N2CCOCC2)c1=O,CHEMBL3942103,8.011441043121385,7.9935427531219805,5
CCn1cc(-c2cc(NC(=O)c3ccnc(C(C)(C)C#N)c3)cnc2C)cc(N2CCOCC2)c1=O,CHEMBL5894724,7.636392089545754,7.636392089545754,2
CCn1cc(-c2cc(NC(=O)c3ccnc(C(F)(F)F)c3)ccc2C)cc(N2CCOCC2)c1=O,CHEMBL3955962,8.076600533841283,8.076310784891394,5
CCn1cc(-c2ccc3c(c2)CC/C3=N\O)c(-c2ccncc2)n1,CHEMBL502816,9.244125144327509,9.244125144327509,1
CCn1cc(-c2ccnc(NC[C@H](C)NC(=O)OC)n2)c(-c2cc(Cl)cc(NS(C)(=O)=O)c2F)n1,CHEMBL3928966,9.301029995663981,9.17133812060004,6
CCn1cc(-c2ccnc3[nH]c(C(=O)O)cc23)c(-c2cccc(NC(=O)Nc3ccccc3)c2)n1,CHEMBL1964274,7.34008379993015,7.34008379993015,1
CCn1cc(-c2ccnc3[nH]cc(Br)c23)c(-c2cccc(NC(=O)Nc3ccccc3)c2)n1,CHEMBL456351,7.100179497572904,7.100179497572904,1
CCn1cc(-c2ccnc3[nH]ccc23)c(-c2cccc(NC(=O)NC3CCCCC3)c2)n1,CHEMBL522902,7.379863945026242,7.379863945026242,1
CCn1cc(-c2ccnc3[nH]ccc23)c(-c2cccc(NC(=O)NCc3ccccc3)c2)n1,CHEMBL496265,6.769551078621726,6.769551078621726,1
CCn1cc(-c2ccnc3[nH]ccc23)c(-c2cccc(NC(=O)Nc3c(F)cccc3F)c2)n1,CHEMBL496275,7.590066876668706,7.590066876668706,1
CCn1cc(-c2ccnc3[nH]ccc23)c(-c2cccc(NC(=O)Nc3cc(C(F)(F)F)ccc3F)c2)n1,CHEMBL526268,8.4089353929735,8.4089353929735,1
CCn1cc(-c2ccnc3[nH]ccc23)c(-c2cccc(NC(=O)Nc3ccc(C(F)(F)F)cc3)c2)n1,CHEMBL523411,8.602059991327963,8.602059991327963,1
CCn1cc(-c2ccnc3[nH]ccc23)c(-c2cccc(NC(=O)Nc3ccc(Cl)c(C(F)(F)F)c3)c2)n1,CHEMBL456983,8.267606240177031,8.267606240177031,1
CCn1cc(-c2ccnc3[nH]ccc23)c(-c2cccc(NC(=O)Nc3ccc(OCc4ccccc4)cc3)c2)n1,CHEMBL505187,6.958607314841775,6.958607314841775,1
CCn1cc(-c2ccnc3[nH]ccc23)c(-c2cccc(NC(=O)Nc3cccc(Cl)c3)c2)n1,CHEMBL497484,7.978810700930062,7.978810700930062,1
CCn1cc(-c2ccnc3[nH]ccc23)c(-c2cccc(NC(=O)Nc3cccc(OC)c3)c2)n1,CHEMBL456350,8.67778070526608,8.67778070526608,1
CCn1cc(-c2ccnc3[nH]ccc23)c(-c2cccc(NC(=O)Nc3ccccc3)c2)n1,CHEMBL498307,7.7594507517174005,7.7594507517174005,1
CCn1cc(-c2ccnc3[nH]ccc23)c(-c2cccc(NC(=O)Nc3ccccc3Cl)c2)n1,CHEMBL525896,8.275724130399212,8.275724130399212,1
CCn1cc(-c2ccnc3[nH]ccc23)c(-c2cccc(NC(=S)Nc3ccccc3)c2)n1,CHEMBL524635,6.480172006224281,6.480172006224281,1
CCn1cc(C(=O)Nc2ccc(C)c(-c3cc(N4CCOCC4)c(=O)n(C)c3)c2)c(C)n1,CHEMBL5852272,7.065754192462595,7.065754192462595,2
CCn1cc(C(=O)Nc2ccc(C)c(-c3cc(N4CCOCC4)c(=O)n(C)c3)c2)cc(C(F)(F)F)c1=O,CHEMBL3920610,7.961777361631281,7.960827799086717,5
CCn1cc(C(=O)Nc2ccc(C)c(-c3cc(N4CCOCC4)c(=O)n(C)n3)c2)cc(C(F)(F)F)c1=O,CHEMBL5813320,8.568636235841012,8.568636235841012,2
CCn1cc(C(=O)Nc2ccc(C)c(-c3cc(N4CCOCC4)n(C)c(=O)c3)c2)cc(C(F)(F)F)c1=O,CHEMBL5963872,8.920818753952375,8.920818753952375,2
CCn1cc(C(=O)Nc2ccc(C)c(-c3cc(N4CCOCC4)nc(N4CC(O)C4)c3)c2)cc(C(F)(F)F)c1=O,CHEMBL5928992,8.515700160653214,8.515700160653214,2
CCn1cc(C(=O)Nc2ccc(C)c(-c3cc(N4CCOCC4)nc(N4CCOCC4)c3)c2)cc(C(F)(F)F)c1=O,CHEMBL5965392,8.503070351926786,8.503070351926786,2
CCn1cc(C(=O)Nc2ccc(C)c(-c3ccnc(N4CCOCC4)c3)c2)cc(C(F)(F)F)c1=O,CHEMBL3903630,8.237321436272564,8.23705167259445,5
CCn1cc(C(=O)Nc2cnc(C)c(-c3cc(N4CCOCC4)c(=O)n(C)c3)c2)c(C)n1,CHEMBL5946242,5.958607314841775,5.958607314841775,2
CCn1cc(C(=O)Nc2cnc(C)c(-c3cc(N4CCOCC4)n(C)c(=O)c3)c2)cc(C(F)(F)F)c1=O,CHEMBL5927088,7.698970004336019,7.698970004336019,2
CCn1cc(C(=O)Nc2cnc(C)c(-c3cc(N4CCOCC4)nc(N4CC(O)C4)c3)c2)cc(C(F)(F)F)c1=O,CHEMBL6028263,7.680905179904581,7.680905179904581,2
CCn1cc(C(=O)Nc2cnc(C)c(-c3cc(N4CCOCC4)nc(N4CCOCC4)c3)c2)cc(C(F)(F)F)c1=O,CHEMBL5809411,8.0,8.0,2
CCn1cc(C(=O)Nc2cnc(C)c(-c3cc(NCCO)nc(N4CCOCC4)c3)c2)cc(C(F)(F)F)c1=O,CHEMBL5903982,7.511458439842073,7.511458439842073,2
CCn1cc(C(=O)Nc2cnc(C)c(-c3cc4[nH]cnc4c(N4CCOCC4)n3)c2)c(C)n1,CHEMBL5909799,7.494172494637611,7.494172494637611,2
CCn1nc(C#Cc2c(C)ccc3c(Nc4ccc(Cl)cc4)nccc23)c2c(N)ncnc21,CHEMBL4593051,7.236830361305078,7.236830361305078,2
CCn1nc(C#Cc2cc(C(=O)Nc3ccc(CN4CCN(C)CC4)c(C(F)(F)F)c3)ccc2C)c2c(N)ncnc21,CHEMBL3426225,7.4300604567993815,7.4300604567993815,4
CCn1nc(C#Cc2cccc3c(Nc4cccc(C(F)(F)F)c4)nccc23)c2c(N)ncnc21,CHEMBL4588736,7.3872161432802645,7.3872161432802645,1
CCn1nc(C#Cc2cccc3cc(-c4cccc(C(F)(F)F)c4)ncc23)c2c(N)ncnc21,CHEMBL4248365,7.886056647693163,7.886056647693163,1
CN(C)/C=C/NC(=O)c1oc2cnccc2c1Nc1ccc2c(O)cccc2c1,CHEMBL1667909,8.301029995663981,8.301029995663981,1
CN(C)C(=O)N1C2CCC1CC(c1ccnc3c(-c4cccc5[nH]ncc45)c(-c4ccncc4)nn13)C2,CHEMBL584942,8.193820026016112,8.193820026016112,1
CN(C)C(=O)Oc1ccc2c(=O)n(Cc3ccc(F)c(NS(C)(=O)=O)c3)c(=O)oc2c1,CHEMBL3815083,5.005682847330363,5.005682847330363,1
CN(C)C(=O)Oc1ccc2c(=O)n(Cc3cccc(NS(=O)(=O)NCC(F)(F)F)c3F)c(=O)oc2c1,CHEMBL3814582,6.376750709602099,6.376750709602099,1
CN(C)C(=O)Oc1ccc2c(=O)n(Cc3cccc(NS(=O)(=O)NCCC#N)c3F)c(=O)oc2c1,CHEMBL3814173,7.221848749616356,7.221848749616356,1
CN(C)C(=O)Oc1ccc2c(=O)n(Cc3cccc(NS(=O)(=O)NCc4ccccc4)c3F)c(=O)oc2c1,CHEMBL3814639,5.826813731587726,5.826813731587726,1
CN(C)C(=O)Oc1ccc2c(=O)n(Cc3cccc(NS(=O)(=O)Nc4ccccc4)c3F)c(=O)oc2c1,CHEMBL3814758,5.785156151952302,5.785156151952302,1
CN(C)C(=O)Oc1ccc2c(=O)n(Cc3cccc(NS(C)(=O)=O)c3)c(=O)oc2c1,CHEMBL3814049,5.22767829327708,5.22767829327708,1
CN(C)C(=O)Oc1ccc2c(=O)n(Cc3cccc(NS(C)(=O)=O)c3F)c(=O)oc2c1,CHEMBL3814531,6.522878745280337,6.522878745280337,1
CN(C)C(=O)Oc1ccc2c(=O)n(Cc3cccc(NS(N)(=O)=O)c3F)c(=O)oc2c1,CHEMBL3814609,6.075720713938118,6.075720713938118,1
CN(C)C(=O)c1cc(Oc2ccc(NC(=O)c3ccc(Cl)c(C(F)(F)F)c3)cc2)ccc1N,CHEMBL4457019,5.379863945026242,5.379863945026242,2
CN(C)C(=O)c1cc(Oc2ccc3c(c2)nc(Nc2ccc(Br)cc2)n3C)ccn1,CHEMBL486342,5.568636235841012,5.568636235841012,1
CN(C)C(=O)c1oc2cnccc2c1Nc1ccc2c(c1)CC/C2=N\O,CHEMBL1668916,7.384775539310863,7.384775539310863,2
CN(C)C(=O)c1sc2cnccc2c1Nc1ccc2c(c1)CC/C2=N/O,CHEMBL1668910,6.31725600755455,6.31725600755455,2
CN(C)C1CCN(Cc2ccc(C(=O)N[C@@H]3[C@H]4Oc5ccc(Oc6ccnc7c6CCC(=O)N7)cc5[C@@H]34)cc2C(F)(F)F)CC1,CHEMBL5952823,7.958607314841775,7.958607314841775,1
CN(C)C1CCN(c2cc(NC(=O)Nc3ccc(Oc4ccnc(NC(=O)C5CC5)c4)c(F)c3)cc(C(F)(F)F)c2)C1,CHEMBL3986639,7.958607314841775,7.958607314841775,1
CN(C)C1CCN(c2ccc(C(=O)N[C@@H]3[C@H]4Oc5ccc(Oc6ccnc7c6CCC(=O)N7)cc5[C@@H]34)cc2C(F)(F)F)CC1,CHEMBL5914847,8.0,8.0,1
CN(C)C1CCN(c2ncc3ncnc(Nc4cc(C(=O)Nc5cc(C(C)(C)C)on5)ccc4F)c3n2)C1,CHEMBL3641026,8.698970004336019,8.698970004336019,1
CN(C)C1CCN(c2ncc3ncnc(Nc4cc(C(=O)Nc5cc(C(C)(C)C)on5)ccc4F)c3n2)CC1,CHEMBL3641028,8.522878745280337,8.522878745280337,1
CN(C)C1CCN(c2ncc3ncnc(Nc4cc(Cl)cc(C(=O)Nc5cc(C(C)(C)C)nn5C)c4)c3n2)C1,CHEMBL3697920,8.221848749616356,8.221848749616356,1
CN(C)CC(=O)Nc1ccc(-c2cnn3c(-c4cccc(NC(=O)c5cccc(C(F)(F)F)c5)c4)ccnc23)cc1,CHEMBL1076440,7.468521082957745,7.468521082957745,1
CN(C)CC(=O)Nc1cccc(-c2cnn3c(-c4cccc(NC(=O)c5cccc(C(F)(F)F)c5)c4)ccnc23)c1,CHEMBL1076441,7.3979400086720375,7.3979400086720375,1
CN(C)CCCNC(=O)c1nc(-c2ccc(Cl)c(O)c2)c(-c2ccncc2)[nH]1,CHEMBL426476,7.3979400086720375,7.3979400086720375,1
CN(C)CCCNS(=O)(=O)c1ccc2[nH]c3c(C(N)=O)nccc3c2c1,CHEMBL2047060,5.790484985457369,5.790484985457369,1
CN(C)CCCn1cc(-c2ccc3c(c2)CC/C3=N\O)c(-c2ccncc2)n1,CHEMBL498503,9.327902142064282,9.327902142064282,1
CN(C)CCN(C)c1ncc2ncnc(Nc3cc(C(=O)Nc4cc(C(C)(C)C)on4)ccc3C(F)(F)F)c2n1,CHEMBL3694119,5.701365216875565,5.701365216875565,1
CN(C)CCN(C)c1ncc2ncnc(Nc3cc(C(=O)Nc4cc(C(C)(C)C)on4)ccc3Cl)c2n1,CHEMBL3694142,9.0,9.0,1
CN(C)CCN(C)c1ncc2ncnc(Nc3cc(C(=O)Nc4cc(C(C)(C)C)on4)ccc3F)c2n1,CHEMBL3697861,8.522878745280337,8.522878745280337,1
CN(C)CCN1CCN(C(=O)c2cc(-c3ccc4c(c3)Cc3cn[nH]c3-4)c(-c3ccncc3)o2)CC1,CHEMBL1254315,5.787232889750868,5.787232889750868,2
CN(C)CCN1CCN(C(=O)c2cc(C(C)(C)C)sc2NC(=O)Nc2cccc(Cl)c2Cl)CCC1=O,CHEMBL1929238,5.4089353929735005,5.4089353929735005,1
CN(C)CCNC(=O)c1ccc(Nc2ncc3cc(-c4ccncc4)ccc3n2)cc1,CHEMBL2335878,7.050293043415881,6.947367061042313,4
CN(C)CCNC(=O)c1cnn2c(-c3cccc(NC(=O)c4cccc(C(F)(F)F)c4)c3)ccnc12,CHEMBL551372,5.230622673923861,5.230622673923861,1
CN(C)CCNC(=O)c1oc2cnccc2c1Nc1ccc2c(c1)CC/C2=N\O,CHEMBL1668917,8.048455006504028,8.048455006504028,2
CN(C)CCNC(=O)c1sc2cnccc2c1Nc1ccc2c(c1)CC/C2=N/O,CHEMBL1668911,6.185091401990742,6.185091401990742,2
CN(C)CCNCc1ccc(Nc2ncc3cc(-c4ccncc4)ccc3n2)cc1,CHEMBL2335883,6.159379381312206,6.159379381312206,2
CN(C)CCNc1cc(-c2cc3nccc(-c4cccc(NC(=O)c5cccc(C(F)(F)F)c5)c4)n3n2)ccn1,CHEMBL1092180,7.275724130399211,7.275724130399211,1
CN(C)CCNc1ccc(-c2cnn3c(-c4cccc(NC(=O)c5cccc(C(F)(F)F)c5)c4)ccnc23)cn1,CHEMBL1087781,7.522878745280337,7.522878745280337,1
CN(C)CCNc1ncc2ncnc(Nc3cc(C(=O)Nc4cc(C(C)(C)C)on4)ccc3C(F)(F)F)c2n1,CHEMBL3694128,5.379759810154169,5.379759810154169,1
CN(C)CCNc1ncc2ncnc(Nc3cc(C(=O)Nc4cc(C(C)(C)C)on4)ccc3Cl)c2n1,CHEMBL3694140,8.698970004336019,8.698970004336019,1
CN(C)CCNc1ncc2ncnc(Nc3cc(C(=O)Nc4cc(C(C)(C)C)on4)ccc3F)c2n1,CHEMBL3694154,9.0,9.0,1
CN(C)CCOC(=O)c1cnn2c(-c3cccc(NC(=O)c4cccc(C(F)(F)F)c4)c3)ccnc12,CHEMBL561969,5.1505805862031,5.1505805862031,1
CN(C)CCOc1ccc(-c2n/c(=c3\ccc4c(c3)CCC=4N=O)c(=C3C=CNC=C3)[nH]2)cc1,CHEMBL5271555,9.522878745280337,9.522878745280337,1
CN(C)CCOc1ccc(-c2nc(-c3ccc(-c4cc[nH]n4)cc3)c(-c3ccncc3)[nH]2)cc1,CHEMBL1253783,5.516226011890569,5.516226011890569,2
CN(C)CCOc1ccc(-c2nc(-c3ccc(-c4n[nH]cc4Cl)cc3)c(-c3ccncc3)[nH]2)cc1,CHEMBL1253950,5.2158991379665025,5.2158991379665025,2
CN(C)CCOc1ccc(-c2nc(-c3ccc(Cl)c(Cl)c3)c(-c3ccncc3)[nH]2)cc1,CHEMBL2336809,5.732859997397459,5.732859997397459,2
CN(C)CCOc1ccc(-c2nc(-c3ccc4c(C(O)C(F)(F)F)csc4c3)c(-c3ccncc3)[nH]2)cc1,CHEMBL2336817,6.025061147981562,6.025061147981562,2
CN(C)CCOc1ccc(-c2nc(-c3ccc4c(N)nccc4c3)c(-c3ccncc3)[nH]2)cc1,CHEMBL2336806,5.625518569371919,5.625518569371919,2
CN(C)CCOc1ccc(-c2nc(-c3ccc4c(O)c(Cl)ccc4c3)c(-c3ccncc3)[nH]2)cc1,CHEMBL2336801,6.6399203482970215,6.6399203482970215,2
CN(C)CCOc1ccc(-c2nc(-c3ccc4c(O)c(F)ccc4c3)c(-c3ccncc3)[nH]2)cc1,CHEMBL2336802,7.069830996714503,7.069830996714503,2
CN(C)CCOc1ccc(-c2nc(-c3ccc4c(O)cccc4c3)c(-c3ccncc3)[nH]2)cc1,CHEMBL2336826,7.227346441767088,7.227346441767088,2
CN(C)CCOc1ccc(-c2nc(-c3ccc4c([C@@H](O)C(F)(F)F)csc4c3)c(-c3ccncc3)[nH]2)cc1,CHEMBL2336818,6.179759281514789,6.179759281514789,2
CN(C)CCOc1ccc(-c2nc(-c3ccc4c(c3)CC3CC(=O)NN=C43)c(-c3ccncc3)[nH]2)cc1,CHEMBL1254044,4.0,4.0,1
CN(C)CCOc1ccc(-c2nc(-c3ccc4c(c3)CCc3cn[nH]c3-4)c(-c3ccncc3)[nH]2)cc1,CHEMBL1253951,5.485877091713763,5.485877091713763,2
CN(C)CCOc1ccc(-c2nc(-c3ccc4c(c3)Cc3cn[nH]c3-4)c(-c3ccncc3)[nH]2)cc1,CHEMBL1254134,6.300422833020892,6.300422833020892,2
CN(C)CCOc1ccc(-c2nc(-c3ccc4c(c3)Cc3nn[nH]c3-4)c(-c3ccncc3)[nH]2)cc1,CHEMBL1254135,5.356547323513812,5.356547323513812,1
CN(C)CCOc1ccc(-c2nc(-c3ccc4c(ccc5cn[nH]c54)c3)c(-c3ccncc3)[nH]2)cc1,CHEMBL1254043,5.184531940467904,5.184531940467904,2
CN(C)CCOc1ccc(-c2nc(-c3ccc4cc(O)ccc4c3)c(-c3ccncc3)[nH]2)cc1,CHEMBL2336800,4.954694646085796,4.954694646085796,2
CN(C)CCOc1ccc(-c2nc(-c3ccc4ccc(O)cc4c3)c(-c3ccncc3)[nH]2)cc1,CHEMBL2336825,5.648784731777237,5.648784731777237,2
CN(C)CCOc1ccc(-c2nc(-c3ccncc3)c(-c3ccc4c(c3)CC/C4=N\O)[nH]2)cc1,CHEMBL477989,6.537602002101044,7.623694673848721,3
CN(C)CCc1ccc(-c2cnn3c(-c4cccc(NC(=O)c5cccc(C(F)(F)F)c5)c4)ccnc23)cc1,CHEMBL1087892,7.585026652029182,7.585026652029182,1
CN(C)CCc1cccc(-c2cnn3c(-c4cccc(NC(=O)c5cccc(C(F)(F)F)c5)c4)ccnc23)c1,CHEMBL1088295,7.3872161432802645,7.3872161432802645,1
CN(C)CCc1ccccc1-c1cnn2c(-c3cccc(NC(=O)c4cccc(C(F)(F)F)c4)c3)ccnc12,CHEMBL1088162,6.497572880015568,6.497572880015568,1
CN(C)CCn1cc(-c2ccc3c(c2)CC/C3=N\O)c(-c2ccncc2)n1,CHEMBL498327,8.39577394691553,8.39577394691553,1
CN(C)Cc1cc(C(=O)N[C@@H]2CCc3ccc(Oc4ccnc(NC(=O)C5CC5)c4)cc3C2)cc(C(F)(F)F)c1,CHEMBL1688874,8.537602002101044,8.537602002101044,1
CN(C)Cc1cc(C(=O)N[C@@H]2CCc3ccc(Oc4ccnc5c4CCC(=O)N5)cc3C2)cc(C(F)(F)F)c1,CHEMBL1688860,8.568636235841012,8.488391537915435,3
CN(C)Cc1cc(C(=O)N[C@@H]2[C@H]3Oc4ccc(Oc5ccnc6c5CCC(=O)N6)cc4[C@@H]23)cc(C(F)(F)F)c1,CHEMBL5900941,8.443697499232712,8.443697499232712,1
CN(C)Cc1cc(C(=O)N[C@H]2CCc3ccc(Oc4ccnc(NC(=O)C5CC5)c4)cc3C2)cc(C(F)(F)F)c1,CHEMBL1688875,8.494850021680094,8.494850021680094,1
CN(C)Cc1cc(NC(=O)[C@H]2CCc3ccc(Oc4ccnc(NC(=O)C5CC5)c4)cc3C2)cc(C(F)(F)F)c1,CHEMBL1688871,8.397940008672037,8.397940008672037,1
CN(C)Cc1ccc(-c2cnn3c(-c4cccc(NC(=O)c5cccc(C(F)(F)F)c5)c4)ccnc23)cc1,CHEMBL1087397,7.619788758288394,7.619788758288394,1
CN(C)Cc1ccc(C(=O)N[C@@H]2[C@H]3Oc4ccc(Oc5ccnc6c5CCC(=O)N6)cc4[C@@H]23)cc1C(F)(F)F,CHEMBL5858630,7.853871964321762,7.853871964321762,1
CN(C)Cc1cccc(-c2cnn3c(-c4cccc(NC(=O)c5cccc(C(F)(F)F)c5)c4)ccnc23)c1,CHEMBL1087894,7.356547323513812,7.356547323513812,1
CN(C)Cc1cccc(N2C(=O)c3ccccc3C2(O)c2ccc3c(c2)NC(=O)CO3)c1,CHEMBL3930663,6.0,6.0,1
CN(C)Cc1ccccc1-c1cnn2c(-c3cccc(NC(=O)c4cccc(C(F)(F)F)c4)c3)ccnc12,CHEMBL1087893,6.931814138253838,6.931814138253838,1
CN(C)Cc1nc2c(Oc3ccc(NC(=O)Nc4cc(C(F)(F)F)ccc4F)c(F)c3)ccnc2[nH]1,CHEMBL1213755,6.136677139879544,6.136677139879544,1
CN(C)S(=O)(=O)Nc1ccc(F)c(C(=O)Nc2cnc3[nH]ccc3c2)c1F,CHEMBL1822107,6.698970004336019,6.698970004336019,1
CN(C)S(=O)(=O)Nc1ccc(F)c(Nc2ncccc2-c2ncnc3[nH]cnc23)c1F,CHEMBL3798256,7.267606240177031,7.470091247915254,3
CN(C)[C@@H]1CCCN(Cc2ccc(C(=O)N[C@@H]3[C@H]4Oc5ccc(Oc6ccnc7c6CCC(=O)N7)cc5[C@@H]34)cc2C(F)(F)F)C1,CHEMBL5893218,7.823908740944319,7.823908740944319,1
CN(C)[C@@H]1CCCN(c2ccc(C(=O)N[C@@H]3[C@H]4Oc5ccc(Oc6ccnc7c6CCC(=O)N7)cc5[C@@H]34)cc2C(F)(F)F)C1,CHEMBL6046965,7.795880017344075,7.795880017344075,1
CN(C)[C@@H]1CCN(Cc2ccc(C(=O)N[C@@H]3[C@H]4Oc5ccc(Oc6ccnc7c6CCC(=O)N7)cc5[C@@H]34)cc2C(F)(F)F)C1,CHEMBL6032856,7.853871964321762,7.853871964321762,1
CN(C)[C@@H]1CN(Cc2ccc(C(=O)N[C@@H]3[C@H]4Oc5ccc(Oc6ccnc7c6CCC(=O)N7)cc5[C@@H]34)cc2C(F)(F)F)CCN1,CHEMBL5856814,7.886056647693163,7.886056647693163,1
CN(C)[C@H]1CCCN(c2ccc(C(=O)N[C@@H]3[C@H]4Oc5ccc(Oc6ccnc7c6CCC(=O)N7)cc5[C@@H]34)cc2C(F)(F)F)C1,CHEMBL6056244,8.0,8.0,1
CN(C)[C@H]1CCN(Cc2ccc(C(=O)N[C@@H]3[C@H]4Oc5ccc(Oc6ccnc7c6CCC(=O)N7)cc5[C@@H]34)cc2C(F)(F)F)C1,CHEMBL5816591,7.769551078621726,7.769551078621726,1
CN(C)c1cc(N2C[C@@H]3C[C@H]2CN3C)ccc1-c1ccnc2c(-c3cccc4[nH]ncc34)c(-c3ccncc3)nn12,CHEMBL1276173,8.136677139879545,8.136677139879545,1
CN(C)c1cc(Oc2ccc(NC(=O)Nc3cccc(C(F)(F)F)c3)cc2)ncn1,CHEMBL4850251,6.0,6.0,1
CN(C)c1cc(Oc2ccnc3[nH]c(=O)[nH]c23)ccc1NC(=O)Nc1ccc(Cl)c(C(F)(F)F)c1,CHEMBL496184,4.842014827271541,4.842014827271541,2
CN(C)c1ccc(-c2ccc3ncnc(Nc4cccc(O)c4)c3c2)cc1,CHEMBL3661282,6.549721321431402,6.549721321431402,2
CN(C)c1ccc(-c2ccc3ncnc(Nc4cccc5[nH]ncc45)c3c2)cc1,CHEMBL3661266,6.05736534071378,6.05736534071378,2
CN(C)c1ccc(-c2cnn3c(-c4cccc(NC(=O)c5cccc(C(F)(F)F)c5)c4)ccnc23)cc1,CHEMBL1080269,6.511449283499555,6.511449283499555,1
CN(C)c1cccc(S(=O)(=O)Nc2cccc(Oc3cccc4[nH]c(=O)[nH]c34)c2)c1,CHEMBL598836,4.376750709602099,4.376750709602099,1
CN(C)c1cnc2c(Oc3ccc(NC(=O)Nc4cc(C(C)(C)C)nn4-c4ccccc4)c(F)c3)ccnc2n1,CHEMBL1213756,5.769551078621726,5.769551078621726,1
CN(C)c1cnc2c(Oc3ccc(NC(=O)Nc4cc(C(F)(F)F)ccc4F)c(F)c3)ccnc2n1,CHEMBL1213696,5.678273661756906,5.678273661756906,2
CN(C)c1nc2c(Oc3ccc(NC(=O)Nc4cc(C(C)(C)C)nn4-c4ccccc4)c(F)c3)ccnc2[nH]1,CHEMBL1214384,5.773417303737071,5.773417303737071,2
CN(C)c1nc2c(Oc3ccc(NC(=O)Nc4cc(C(F)(F)F)ccc4F)c(F)c3)ccnc2[nH]1,CHEMBL1213754,6.411954370472159,6.411954370472159,2
CN(C)c1ncc2ncnc(Nc3cc(C(=O)Nc4cc(C(C)(C)C)on4)ccc3Cl)c2n1,CHEMBL3694132,8.221848749616356,8.221848749616356,1
CN(C)c1ncc2ncnc(Nc3cc(C(=O)Nc4cc(C(C)(C)C)on4)ccc3F)c2n1,CHEMBL3694156,9.0,9.0,1
CN(C)c1nccc(CNc2ccccc2C(=O)Nc2ccc3c(c2)OC(F)(F)O3)n1,CHEMBL400057,6.45717457304082,6.45717457304082,1
CN(CCN1CCCC1)c1ncc2ncnc(Nc3cc(C(=O)Nc4cc(C(C)(C)C)on4)ccc3C(F)(F)F)c2n1,CHEMBL3694122,6.078313524516398,6.078313524516398,1
CN(CCN1CCCC1)c1ncc2ncnc(Nc3cc(C(=O)Nc4cc(C(C)(C)C)on4)ccc3Cl)c2n1,CHEMBL3694134,8.522878745280337,8.522878745280337,1
CN(CCN1CCCC1)c1ncc2ncnc(Nc3cc(C(=O)Nc4cc(C(C)(C)C)on4)ccc3F)c2n1,CHEMBL3697862,7.853871964321762,7.853871964321762,1
CN(c1ccc(F)c(NC(=O)c2cccc(OC(C)(C)C#N)c2Cl)c1)c1ccc2nc(NC(=O)C3CC3)sc2n1,CHEMBL2204532,7.327902142064282,7.303089818236739,3
CN(c1nc(-c2cnc(N)nc2)nc(N2CCOCC2)n1)C1CCN(C(=O)c2ccccc2)CC1,CHEMBL5287428,6.928117992693874,6.928117992693874,1
CN/C=C/NC(=O)c1oc2cnccc2c1Nc1ccc2c(c1)Cc1c[nH]nc1-2,CHEMBL1667901,7.367542707815276,7.367542707815276,1
CN1C(=O)[C@@H](N2CCc3c(nn(Cc4ccccc4)c3Br)C2=O)COc2ccccc21,CHEMBL4549667,6.0,6.0,1
CN1C(=O)[C@@H](N2CCc3cn(CC4CCS(=O)(=O)CC4)nc3C2=O)COc2ccccc21,CHEMBL4097778,6.0,6.0,1
CN1C(=O)[C@@H](N2CCc3cn(Cc4ccccc4)nc3C2=O)COc2ccccc21,CHEMBL4088216,6.0,6.0,1
CN1C(C)(C)CC(Oc2ccc(C(=O)N[C@@H]3[C@H]4Oc5ccc(Oc6ccnc7c6CCC(=O)N7)cc5[C@@H]34)cc2C(F)(F)F)CC1(C)C,CHEMBL5895307,7.886056647693163,7.886056647693163,1
CN1C2CC(CO)C1Cc1cnc3c(-c4ccc(Cl)c(O)c4)c(-c4ccncc4)nn3c12,CHEMBL570873,9.221848749616356,9.221848749616356,1
CN1C2CC(S(=O)(=O)c3ccccc3)C1Cc1cnc3c(-c4ccc(Cl)c(O)c4)c(-c4ccncc4)nn3c12,CHEMBL571112,9.096910013008056,9.096910013008056,1
CN1C2CCC1CN(c1ccc(-c3ccnc4c(-c5cccc(O)c5)c(-c5ccncc5)nn34)cc1)C2,CHEMBL1080476,9.045757490560675,9.045757490560675,1
CN1CC(Oc2cc(NC(=O)Nc3ccc(Oc4ccnc(NC(=O)C5CC5)c4)cc3)cc(C(F)(F)F)c2)C1,CHEMBL3971428,8.040958607678906,8.040958607678906,1
CN1CCC(C(=O)Nc2cc(Oc3ccc4c(c3)nc(Nc3cccc(C(C)(C)C)c3)n4C)ccn2)CC1,CHEMBL3335383,8.0,8.0,1
CN1CCC(CN2CCN(c3nc(N)c4ncnc(Nc5cc(C(=O)Nc6cccc(C(F)(F)F)c6)ccc5Br)c4n3)CC2)CC1,CHEMBL3689928,7.823908740944319,7.823908740944319,1
CN1CCC(CN2CCN(c3nc(N)c4ncnc(Nc5cccc(C(=O)Nc6cccc(C(F)(F)F)c6)c5)c4n3)CC2)CC1,CHEMBL3689921,7.886056647693163,7.886056647693163,1
CN1CCC(CN2CCN(c3ncc4ncnc(Nc5cc(C(=O)Nc6cc(C(C)(C)C)on6)ccc5F)c4n3)CC2)CC1,CHEMBL3697934,9.0,9.0,1
CN1CCC(N(C)c2ncc3ncnc(Nc4cc(C(=O)Nc5cc(C(C)(C)C)on5)ccc4F)c3n2)C1,CHEMBL3641027,8.397940008672037,8.397940008672037,1
CN1CCC(N2CCN(c3nc(N)c4ncnc(Nc5cc(C(=O)Nc6cccc(C(F)(F)F)c6)ccc5Br)c4n3)CC2)CC1,CHEMBL3689927,7.886056647693163,7.886056647693163,1
CN1CCC(N2CCN(c3nc(N)c4ncnc(Nc5cc(C(=O)Nc6cccc(C(F)(F)F)c6)ccc5Cl)c4n3)CC2)CC1,CHEMBL3689924,8.522878745280337,8.522878745280337,1
CN1CCC(N2CCN(c3nc(N)c4ncnc(Nc5cccc(C(=O)Nc6cccc(C(F)(F)F)c6)c5)c4n3)CC2)CC1,CHEMBL3689920,7.657577319177793,7.657577319177793,1
CN1CCC(NC(=O)N[C@@H]2[C@H]3Oc4ccc(Oc5ccnc6c5CCC(=O)N6)cc4[C@@H]23)CC1,CHEMBL5790657,4.698970004336019,4.698970004336019,1
CN1CCC(Nc2cc(NC(=O)Nc3ccc(Oc4ccnc(NC(=O)C5CC5)c4)c(F)c3)cc(C(F)(F)F)c2)CC1,CHEMBL3893285,8.102372908709558,8.102372908709558,1
CN1CCC(Nc2cc(NC(=O)Nc3ccc(Oc4ccnc(NC(=O)C5CC5)c4)nc3)cc(C(F)(F)F)c2)CC1,CHEMBL3983977,7.903089986991944,7.903089986991944,1
CN1CCC(Nc2ccc(NC(=O)Nc3ccc(Oc4ccnc(NC(=O)C5CC5)c4)c(F)c3)cc2C(F)(F)F)CC1,CHEMBL3964493,8.102372908709558,8.102372908709558,1
CN1CCC(Oc2cc(NC(=O)Nc3ccc(Oc4ccnc(NC(=O)C5CC5)c4)c(F)c3)cc(C(F)(F)F)c2)C1,CHEMBL3986500,8.275724130399212,8.275724130399212,1
CN1CCC(Oc2cc(NC(=O)Nc3ccc(Oc4ccnc(NC(=O)C5CC5)c4)c(F)c3)cc(C(F)(F)F)c2)CC1,CHEMBL3939238,7.145693958198919,7.145693958198919,1
CN1CCC(Oc2ccc(C(=O)N[C@@H]3[C@H]4Oc5ccc(Oc6ccnc7c6CCC(=O)N7)cc5[C@@H]34)cc2C(F)(F)F)CC1,CHEMBL5805459,7.853871964321762,7.853871964321762,1
CN1CCC(Oc2ccc(NC(=O)Nc3ccc(Oc4ccnc(NC(=O)C5CC5)c4)c(F)c3)cc2C(F)(F)F)CC1,CHEMBL3913774,7.721246399047171,7.721246399047171,1
CN1CCC(c2cc(NC(=O)Nc3ccc(Oc4ccnc(NC(=O)C5CC5)c4)cc3)cc(C(F)(F)F)c2)CC1,CHEMBL3968087,8.259637310505756,8.259637310505756,1
CN1CCC(n2cc(-c3ccc4c(c3)CC/C4=N\O)c(-c3ccncc3)n2)CC1,CHEMBL498674,9.468521082957745,9.468521082957745,2
CN1CCC(n2cc(-c3ccc4c(c3)Cc3c[nH]nc3-4)c(-c3ccncc3)n2)CC1,CHEMBL1780166,7.074738145560502,7.074738145560502,2
CN1CCCC1CCNC(=O)c1ccc(Nc2ncc3cc(-c4ccncc4)ccc3n2)cc1,CHEMBL2335879,7.275724130399211,7.150251378263135,4
CN1CCCN(CCNc2nccc(-c3c(-c4cccc(O)c4)nc4sccn34)n2)S1(=O)=O,CHEMBL5079413,8.311127469888426,8.311127469888426,2
CN1CCCN(c2nc(N)c3ncnc(Nc4cc(C(=O)Nc5cccc(C(F)(F)F)c5)ccc4Br)c3n2)CC1,CHEMBL3689926,7.080921907623926,7.080921907623926,1
CN1CCCN(c2nc(N)c3ncnc(Nc4cc(C(=O)Nc5cccc(C(F)(F)F)c5)ccc4Cl)c3n2)CC1,CHEMBL3689923,8.045757490560675,8.045757490560675,1
CN1CCCN(c2nc(N)c3ncnc(Nc4cccc(C(=O)Nc5cccc(C(F)(F)F)c5)c4)c3n2)CC1,CHEMBL3689919,7.301029995663981,7.301029995663981,1
CN1CCCN(c2ncc3ncnc(Nc4cc(C(=O)Nc5cc(C(C)(C)C)on5)ccc4C(F)(F)F)c3n2)CC1,CHEMBL3694121,7.055517327849831,7.055517327849831,1
CN1CCCN(c2ncc3ncnc(Nc4cc(C(=O)Nc5cc(C(C)(C)C)on5)ccc4Cl)c3n2)CC1,CHEMBL3694133,8.397940008672037,8.397940008672037,1
CN1CCN(C(=O)c2cc(-c3ccc4c(c3)Cc3cn[nH]c3-4)c(-c3ccncc3)o2)CC1,CHEMBL1254390,5.6308079382439225,5.6308079382439225,2
CN1CCN(CCCC#Cc2cnn3c(-c4cccc(NC(=O)c5cccc(C(F)(F)F)c5)c4)ccnc23)CC1,CHEMBL1080268,6.0746879085003505,6.0746879085003505,1
CN1CCN(CCNc2nccc(-c3c(-c4cccc(O)c4)nc4occn34)n2)S1(=O)=O,CHEMBL5920948,8.611812874632943,8.611812874632943,4
CN1CCN(CCNc2nccc(-c3c(-c4cccc(O)c4)nc4sccn34)n2)S1(=O)=O,CHEMBL5087577,9.426935982160881,9.426935982160881,2
CN1CCN(CCOc2ccc(C(=O)N[C@@H]3[C@H]4Oc5ccc(Oc6ccnc7c6CCC(=O)N7)cc5[C@@H]34)cc2C(F)(F)F)CC1,CHEMBL5976230,7.853871964321762,7.853871964321762,1
CN1CCN(Cc2cc(NC(=O)Nc3ccc(Oc4ccnc(NC(=O)C5CC5)c4)c(F)c3)cc(C(F)(F)F)c2)CC1,CHEMBL3902261,7.623423042943488,7.623423042943488,1
CN1CCN(Cc2cc(NC(=O)Nc3ccc(Oc4ccnc(NC(=O)C5CC5)c4)cc3)cc(C(F)(F)F)c2)CC1,CHEMBL3931682,8.337242168318426,8.337242168318426,1
CN1CCN(Cc2ccc(-c3cnn4c(-c5cccc(NC(=O)c6cccc(C(F)(F)F)c6)c5)ccnc34)cc2)CC1,CHEMBL1076482,7.42021640338319,7.42021640338319,1
CN1CCN(Cc2ccc(C(=O)NC3C4Oc5ccc(Oc6ccnc7c6CCC(=O)N7)cc5C34)cc2C(F)(F)F)CC1,CHEMBL5857682,7.6777807052660805,7.6777807052660805,1
CN1CCN(Cc2ccc(C(=O)N[C@@H]3[C@H]4Oc5ccc(Oc6ccnc7c6CCC(=O)N7)cc5[C@@H]34)cc2)CC1,CHEMBL5809744,8.229147988357855,8.229147988357855,1
CN1CCN(Cc2ccc(C(=O)N[C@@H]3[C@H]4Oc5ccc(Oc6ccnc7c6CCC(=O)N7)cc5[C@@H]34)cc2Br)CC1,CHEMBL5934098,8.267606240177031,8.267606240177031,1
CN1CCN(Cc2ccc(C(=O)N[C@@H]3[C@H]4Oc5ccc(Oc6ccnc7c6CCC(=O)N7)cc5[C@@H]34)cc2C(F)(F)F)CC1,CHEMBL5952854,8.05367448306135,8.05367448306135,2
CN1CCN(Cc2ccc(C(=O)N[C@@H]3[C@H]4Oc5ccc(Oc6ccnc7c6CCC(=O)N7)cc5[C@@H]34)cc2Cl)CC1,CHEMBL5746876,8.318758762624412,8.318758762624412,1
CN1CCN(Cc2ccc(C(=O)N[C@@H]3[C@H]4Oc5ccc(Oc6ccnc7c6CCC(=O)N7)cc5[C@@H]34)cc2F)CC1,CHEMBL6033024,8.05551732784983,8.05551732784983,1
CN1CCN(Cc2ccc(C(=O)N[C@@H]3[C@H]4Oc5ccc(Oc6ccnc7c6CNC(=O)N7)cc5[C@@H]34)cc2C(F)(F)F)CC1,CHEMBL5972309,7.795880017344075,7.795880017344075,1
CN1CCN(Cc2ccc(C(=O)N[C@@H]3[C@H]4Oc5ccc(Oc6ccnc7c6COC(=O)N7)cc5[C@@H]34)cc2C(F)(F)F)CC1,CHEMBL6029891,7.958607314841775,7.958607314841775,1
CN1CCN(Cc2ccc(NC(=O)c3cccc(NC(=O)c4cnc5[nH]ccc5c4)c3)cc2C(F)(F)F)CC1,CHEMBL3234755,7.318758762624412,7.318758762624412,1
CN1CCN(Cc2cnc(-c3oc4cnccc4c3Nc3ccc4c(O)cccc4c3)nc2)CC1,CHEMBL1667911,8.698970004336019,8.698970004336019,1
CN1CCN(c2cc(NC(=O)c3ccc(F)c(Nc4ncnc5cnc(N6CCOCC6)nc45)c3)cc(C(F)(F)F)c2F)CC1,CHEMBL3697925,8.698970004336019,8.698970004336019,1
CN1CCN(c2ccc(-c3cnn4c(-c5cc(NC(=O)c6cccc(C(F)(F)F)c6)ccc5F)ccnc34)cn2)CC1,CHEMBL1076204,7.522878745280337,7.522878745280337,1
CN1CCN(c2ccc(-c3cnn4c(-c5cccc(NC(=O)c6cccc(C(F)(F)F)c6)c5)ccnc34)cn2)CC1,CHEMBL1076497,7.356547323513812,7.356547323513812,1
CN1CCN(c2ccc(-c3nc(-c4ccc5c(c4)Cc4cn[nH]c4-5)c(-c4ccncc4)[nH]3)cc2)CC1,CHEMBL1254229,6.428180382362728,6.428180382362728,2
CN1CCN(c2ccc(C(=O)N[C@@H]3[C@H]4Oc5ccc(Oc6ccnc7c6CCC(=O)N7)cc5[C@@H]34)cc2C(F)(F)F)CC1,CHEMBL6025187,8.022276394711152,8.022276394711152,1
CN1CCN(c2ccc(NC(=O)N[C@@H]3[C@H]4Oc5ccc(Oc6ccnc7c6CCC(=O)N7)cc5[C@@H]34)cc2C(F)(F)F)CC1,CHEMBL6020137,3.7375489102695703,3.7375489102695703,1
CN1CCN(c2cnc3c(Oc4ccc(NC(=O)Nc5cc(C(C)(C)C)nn5-c5ccccc5)c(F)c4)ccnc3n2)CC1,CHEMBL1213695,5.756077439944282,5.756077439944282,2
CN1CCN(c2cnc3c(Oc4ccc(NC(=O)Nc5cc(C(F)(F)F)ccc5F)c(F)c4)ccnc3n2)CC1,CHEMBL1213694,5.877243666092925,5.877243666092925,2
CN1CCN(c2nc(N)c3ncnc(Nc4cc(C(=O)Nc5cccc(C(F)(F)F)c5)ccc4Br)c3n2)CC1,CHEMBL3689925,7.154901959985743,7.154901959985743,1
CN1CCN(c2nc(N)c3ncnc(Nc4cc(C(=O)Nc5cccc(C(F)(F)F)c5)ccc4Cl)c3n2)CC1,CHEMBL3689922,7.853871964321762,7.853871964321762,1
CN1CCN(c2nc(N)c3ncnc(Nc4ccc(F)c(C(=O)Nc5cc(C(C)(C)C)n[nH]5)c4)c3n2)CC1,CHEMBL3694039,6.170053304058364,6.170053304058364,1
CN1CCN(c2nc(N)c3ncnc(Nc4cccc(C(=O)Nc5cccc(C(F)(F)F)c5)c4)c3n2)CC1,CHEMBL3689918,7.2441251443275085,7.2441251443275085,1
CN1CCN(c2ncc3ncnc(Nc4cc(C(=O)Nc5cc(C(C)(C)C)on5)ccc4C(F)(F)F)c3n2)CC1,CHEMBL3694123,6.638272163982407,6.638272163982407,1
CN1CCN(c2ncc3ncnc(Nc4cc(C(=O)Nc5cc(C(C)(C)C)on5)ccc4Cl)c3n2)CC1,CHEMBL3694135,8.397940008672037,8.397940008672037,1
CN1CCN(c2ncc3ncnc(Nc4cc(C(=O)Nc5cc(C(C)(C)C)on5)ccc4F)c3n2)CC1,CHEMBL3697863,8.698970004336019,8.698970004336019,1
CN1CCN(c2ncc3ncnc(Nc4cc(Cl)cc(C(=O)Nc5cc(C(C)(C)C)nn5C)c4)c3n2)CC1,CHEMBL3697919,8.096910013008056,8.096910013008056,1
CN1CCc2ccc(Nc3nccc(-c4c(-c5cccc(NC(=O)Nc6c(F)cccc6F)c5)nc5ccccn45)n3)cc2C1,CHEMBL1807706,8.301029995663981,8.301029995663981,1
CN1CCc2ccc(Nc3nccc(-c4c(-c5cccc(NS(=O)(=O)c6ccccc6)c5)nc5ccccn45)n3)cc2C1,CHEMBL1807708,6.8794260687941495,6.8794260687941495,1
CN1C[C@@H]2CC[C@H]1CN2c1ccc(-c2ccnc3c(-c4cccc5[nH]ncc45)c(-c4ccncc4)nn23)c(F)c1,CHEMBL1276188,9.387216143280265,9.387216143280265,1
CN1C[C@@H]2CC[C@H]1CN2c1ccc(-c2ccnc3c(-c4cccc5[nH]ncc45)c(-c4ccncc4)nn23)cc1,CHEMBL1276187,9.148741651280925,9.148741651280925,1
CN1C[C@@H]2C[C@H]1CC2c1cc(F)ccc1-c1ccnc2c(-c3cccc4[nH]ncc34)c(-c3ccncc3)nn12,CHEMBL1276182,8.853871964321762,8.853871964321762,1
CN1C[C@@H]2C[C@H]1CN2c1c(F)c(F)c(-c2ccnc3c(-c4cccc5[nH]ncc45)c(-c4ccncc4)nn23)c(F)c1F,CHEMBL1276181,9.455931955649724,9.455931955649724,1
CN1C[C@@H]2C[C@H]1CN2c1c(F)cc(-c2ccnc3c(-c4cccc5[nH]ncc45)c(-c4ccncc4)nn23)cc1F,CHEMBL1276180,8.017728766960431,8.017728766960431,1
CN1C[C@@H]2C[C@H]1CN2c1cc(F)c(-c2ccnc3c(-c4ccc(F)c5[nH]ncc45)c(-c4ccncc4)nn23)c(F)c1,CHEMBL1276186,9.958607314841775,9.958607314841775,1
CN1C[C@@H]2C[C@H]1CN2c1cc(F)c(-c2ccnc3c(-c4cccc5[nH]ncc45)c(-c4ccncc4)nn23)c(F)c1,CHEMBL1276179,9.795880017344075,9.795880017344075,1
CN1C[C@@H]2C[C@H]1CN2c1cc(F)c(-c2ccnc3c(-c4cccc5[nH]ncc45)c(-c4ccncc4)nn23)cc1F,CHEMBL1276178,9.42021640338319,9.42021640338319,1
CN1C[C@@H]2C[C@H]1CN2c1ccc(-c2ccnc3c(-c4ccc(F)c5[nH]ncc45)c(-c4ccncc4)nn23)cc1,CHEMBL1276183,9.301029995663981,9.301029995663981,1
CN1C[C@@H]2C[C@H]1CN2c1ccc(-c2ccnc3c(-c4cccc(O)c4)c(-c4ccncc4)nn23)cc1,CHEMBL1087650,9.42021640338319,9.42021640338319,2
CN1C[C@@H]2C[C@H]1CN2c1ccc(-c2ccnc3c(-c4cccc5[nH]ncc45)c(-c4ccncc4)nn23)c(C(F)(F)F)c1,CHEMBL1276172,8.853871964321762,8.853871964321762,1
CN1C[C@@H]2C[C@H]1CN2c1ccc(-c2ccnc3c(-c4cccc5[nH]ncc45)c(-c4ccncc4)nn23)c(F)c1,CHEMBL1276169,9.638272163982407,9.638272163982407,1
CN1C[C@@H]2C[C@H]1CN2c1ccc(-c2ccnc3c(-c4cccc5[nH]ncc45)c(-c4ccncc4)nn23)c(F)c1F,CHEMBL1276177,9.214670164989233,9.214670164989233,1
CN1C[C@@H]2C[C@H]1CN2c1ccc(-c2ccnc3c(-c4cccc5[nH]ncc45)c(-c4ccncc4)nn23)c2ccccc12,CHEMBL1276176,9.0,9.0,1
CN1C[C@@H]2C[C@H]1CN2c1ccc(-c2ccnc3c(-c4cccc5[nH]ncc45)c(-c4ccncc4)nn23)cc1,CHEMBL1278218,8.920818753952375,8.920818753952375,1
CN1C[C@@H]2C[C@H]1CN2c1ccc(-c2ccnc3c(-c4cccc5[nH]ncc45)c(-c4ccncc4)nn23)cc1C(F)(F)F,CHEMBL1276175,8.698970004336019,8.698970004336019,1
CN1C[C@@H]2C[C@H]1CN2c1ccc(-c2ccnc3c(-c4cccc5[nH]ncc45)c(-c4ccncc4)nn23)cc1F,CHEMBL1276174,8.721246399047171,8.721246399047171,1
CN1C[C@@H]2C[C@H]1CN2c1cccc(-c2ccnc3c(-c4cccc5[nH]ncc45)c(-c4ccncc4)nn23)c1,CHEMBL1276968,7.214670164989233,7.214670164989233,1
CNC(=N)SCCCN1C(=O)C2=C(C1=O)n1ccc3cccc(c31)C1Cc3ccccc3N21,CHEMBL447317,5.096910013008056,5.096910013008056,1
CNC(=N)SCCCn1c(=O)c2c(c1=O)n1c3ccccc3cc1c1cccc3ccn2c31,CHEMBL488271,5.075720713938118,5.075720713938118,1
CNC(=O)C1CN(c2cc(-c3cc(NC(=O)c4cccc(C(F)(F)F)c4)cnc3C)nn3ccnc23)CCO1,CHEMBL5939347,7.702251889087213,7.702251889087213,2
CNC(=O)Nc1cc(CNc2ccccc2C(=O)Nc2ccc3c(c2)OC(F)(F)O3)ccn1,CHEMBL394503,7.619788758288394,7.619788758288394,1
CNC(=O)Nc1cc(Oc2ccc3c(c2)C2C(O3)C2c2nc3ccc(C(F)(F)F)cc3[nH]2)ccn1,CHEMBL5973978,7.251811972993799,7.251811972993799,1
CNC(=O)Nc1ccc(CNc2c(C(=O)Nc3ccc(SC(F)(F)F)cc3)cnn2C)cn1,CHEMBL247797,6.8124792791635365,6.8124792791635365,1
CNC(=O)Nc1ccc(CNc2c(C(=O)Nc3ccc4c(c3)OC(F)(F)C(F)(F)O4)cnn2C)cn1,CHEMBL247619,6.718966632752272,6.718966632752272,1
CNC(=O)Nc1ccc(CNc2ncsc2C(=O)Nc2ccc3c(c2)OC(F)(F)O3)cn1,CHEMBL247250,7.161150909262744,7.161150909262744,1
CNC(=O)c1cc(CNc2c(C(=O)Nc3ccc4c(c3)OC(F)(F)O4)cnn2C)ccn1,CHEMBL247435,6.701146923590294,6.701146923590294,1
CNC(=O)c1cc(CNc2ccccc2C(=O)Nc2ccc3c(c2)OC(F)(F)O3)ccn1,CHEMBL247437,7.346787486224656,7.346787486224656,1
CNC(=O)c1cc(CNc2ccsc2C(=O)Nc2ccc3c(c2)OC(F)(F)O3)ccn1,CHEMBL247618,7.214670164989233,7.214670164989233,1
CNC(=O)c1cc(CNc2ncsc2C(=O)Nc2ccc3c(c2)OC(F)(F)C(F)(F)O3)ccn1,CHEMBL247434,6.71669877129645,6.71669877129645,1
CNC(=O)c1cc(CNc2ncsc2C(=O)Nc2ccc3c(c2)OC(F)(F)O3)ccn1,CHEMBL247248,5.906578314837764,5.906578314837764,1
CNC(=O)c1cc(Cn2cc(F)c3cc(NC(=O)Nc4ccc(Cl)c(C(F)(F)F)c4)ccc32)ccn1,CHEMBL4286387,5.866461091629782,5.866461091629782,1
CNC(=O)c1cc(Cn2ccc3cc(NC(=O)Nc4ccc(Cl)c(C(F)(F)F)c4)ccc32)ccn1,CHEMBL4279131,6.292429823902063,6.292429823902063,2
CNC(=O)c1cc(OC2CCC(NC(=O)Nc3ccc(Cl)c(C(F)(F)F)c3)CC2)ccn1,CHEMBL3928540,6.36280560222481,6.36280560222481,2
CNC(=O)c1cc(O[C@H]2CC[C@H](NC(=O)Nc3ccc(Cl)c(C(F)(F)F)c3)CC2)ccn1,CHEMBL2397141,6.2441251443275085,6.2441251443275085,1
CNC(=O)c1cc(Oc2ccc(C(=O)/C=C/c3cc(OC)c(OC)c(OC)c3)cc2)ccn1,CHEMBL3957826,5.7447274948966935,5.7447274948966935,1
CNC(=O)c1cc(Oc2ccc(C(=O)/C=C/c3cccc(Br)c3)cc2)ccn1,CHEMBL3975807,5.537602002101044,5.537602002101044,1
CNC(=O)c1cc(Oc2ccc(C(=O)/C=C/c3ccccc3)cc2)ccn1,CHEMBL3926927,5.619788758288394,5.619788758288394,1
CNC(=O)c1cc(Oc2ccc(C3=NNC(c4cccc(Br)c4)C3)cc2)ccn1,CHEMBL4217207,5.468521082957745,5.468521082957745,1
CNC(=O)c1cc(Oc2ccc(C3=NNC(c4ccccc4)C3)cc2)ccn1,CHEMBL4205052,5.4089353929735005,5.4089353929735005,1
CNC(=O)c1cc(Oc2ccc(CCC(=O)Nc3ccc(Cl)c(C(F)(F)F)c3)cc2)ccn1,CHEMBL1688862,7.214670164989233,7.214670164989233,1
CNC(=O)c1cc(Oc2ccc(NC(=O)Nc3cc(C(C)(C)C)nn3-c3ccc(C)cc3)cc2)ccn1,CHEMBL1213974,6.625801742070918,6.625801742070918,1
CNC(=O)c1cc(Oc2ccc(NC(=O)Nc3ccc(Cl)c(C(F)(F)F)c3)c(F)c2)ccn1,CHEMBL1946170,7.637044183852476,7.795004247504377,6
CNC(=O)c1cc(Oc2ccc(NC(=O)Nc3ccc(Cl)c(C(F)(F)F)c3)cc2)ccn1,CHEMBL1336,7.42021640338319,7.380661124407829,62
CNC(=O)c1cc(Oc2ccc(NC(=O)c3ccc(Cl)c(C(F)(F)F)c3)cc2)ccc1N,CHEMBL4542639,7.136677139879544,7.136677139879544,2
CNC(=O)c1cc(Oc2ccc(NC(=O)c3ccc(Cl)cc3)cc2)ccc1N,CHEMBL4560057,6.782516055786093,6.782516055786093,1
CNC(=O)c1cc(Oc2ccc(NC(=O)c3ccc(F)cc3)cc2)ccc1N,CHEMBL4476700,6.518557371497695,6.518557371497695,1
CNC(=O)c1cc(Oc2ccc(NC(=O)c3ccc(N)cc3)cc2)ccc1N,CHEMBL4468470,6.025949097207123,6.025949097207123,2
CNC(=O)c1cc(Oc2ccc(NC(=O)c3ccc(OC)cc3)cc2)ccc1N,CHEMBL4447617,6.7281583934635005,6.7281583934635005,1
CNC(=O)c1cc(Oc2ccc(NC(=O)c3ccc4ccccc4c3)cc2)ccc1N,CHEMBL4564037,6.625251653989896,6.625251653989896,2
CNC(=O)c1cc(Oc2ccc(NC(=O)c3cccc(N)c3)cc2)ccc1N,CHEMBL4465994,5.486782399932061,5.486782399932061,2
CNC(=O)c1cc(Oc2ccc(NC(=O)c3cccc(O)c3)cc2)ccc1N,CHEMBL4582566,5.391473966422806,5.391473966422806,2
CNC(=O)c1cc(Oc2ccc(NC(=O)c3ccccc3)cc2)ccc1N,CHEMBL4465925,6.465973893943865,6.465973893943865,2
CNC(=O)c1cc(Oc2ccc(NC(=O)c3cccnc3)cc2)ccc1N,CHEMBL4445170,5.7495799976911055,5.7495799976911055,2
CNC(=O)c1cc(Oc2ccc3[nH]c(Nc4ccc(Br)cc4)nc3c2)ccn1,CHEMBL472448,7.4089353929735005,7.4089353929735005,1
CNC(=O)c1cc(Oc2ccc3[nH]c(Nc4ccc(C(C)(C)C)cc4)nc3c2)ccn1,CHEMBL471407,7.200659450546418,7.200659450546418,1
CNC(=O)c1cc(Oc2ccc3[nH]c(Nc4ccc(C(F)(F)F)cc4)nc3c2)ccn1,CHEMBL472450,7.958607314841775,7.958607314841775,1
CNC(=O)c1cc(Oc2ccc3[nH]c(Nc4cccc(Br)c4)nc3c2)ccn1,CHEMBL519065,5.886056647693163,5.886056647693163,1
CNC(=O)c1cc(Oc2ccc3[nH]c(Nc4cccc(C(C)(C)C)c4)nc3c2)ccn1,CHEMBL511997,7.585026652029182,7.585026652029182,1
CNC(=O)c1cc(Oc2ccc3[nH]c(Nc4cccc(C(F)(F)F)c4)nc3c2)ccn1,CHEMBL511669,6.522878745280337,6.522878745280337,1
CNC(=O)c1cc(Oc2ccc3[nH]c(Nc4ccccc4)nc3c2)ccn1,CHEMBL486739,5.113509274827518,5.113509274827518,1
CNC(=O)c1cc(Oc2ccc3[nH]c(Nc4ccccc4Br)nc3c2)ccn1,CHEMBL486943,5.619788758288394,5.619788758288394,1
CNC(=O)c1cc(Oc2ccc3[nH]c(Nc4ccccc4C(F)(F)F)nc3c2)ccn1,CHEMBL472449,5.045757490560675,5.045757490560675,1
CNC(=O)c1cc(Oc2ccc3c(c2)C2C(O3)C2c2nc3ccc(C(F)(F)F)cc3[nH]2)ccn1,CHEMBL3943552,7.251811972993799,7.251811972993799,2
CNC(=O)c1cc(Oc2ccc3c(c2)CC(C(=O)Nc2cc(CN)cc(C(F)(F)F)c2)CC3)ccn1,CHEMBL1688866,7.698970004336019,7.698970004336019,1
CNC(=O)c1cc(Oc2ccc3c(c2)CC(C(=O)Nc2ccc(CN)c(C(F)(F)F)c2)CC3)ccn1,CHEMBL1688865,7.585026652029182,7.585026652029182,1
CNC(=O)c1cc(Oc2ccc3c(c2)CC(C(=O)Nc2ccc(Cl)c(C(F)(F)F)c2)CC3)ccn1,CHEMBL1688864,7.494850021680094,7.494850021680094,1
CNC(=O)c1cc(Oc2ccc3c(c2)[C@H]2[C@H](NC(=O)Nc4cc(F)c(F)cc4F)[C@H]2O3)ccn1,CHEMBL5893818,4.886056647693163,4.886056647693163,1
CNC(=O)c1cc(Oc2ccc3c(c2)[C@H]2[C@H](NC(=O)Nc4ccc(Cl)c(C(F)(F)F)c4)[C@H]2O3)ccn1,CHEMBL5888105,4.055517327849832,4.055517327849832,1
CNC(=O)c1cc(Oc2ccc3c(c2)[C@H]2[C@H](NC(=O)Nc4ccc(F)c(C(F)(F)F)c4)[C@H]2O3)ccn1,CHEMBL5915743,4.481486060122113,4.481486060122113,1
CNC(=O)c1cc(Oc2ccc3c(c2)[C@H]2[C@H](NC(=O)Nc4cccc(C(F)(F)F)c4)[C@H]2O3)ccn1,CHEMBL5770831,4.585026652029182,4.585026652029182,1
CNC(=O)c1cc(Oc2ccc3c(c2)[C@H]2[C@H](NC(=O)c4ccc(CN5CCN(C)CC5)c(C(F)(F)F)c4)[C@H]2O3)ccn1,CHEMBL5808072,7.309803919971486,7.309803919971486,1
CNC(=O)c1cc(Oc2ccc3c(c2)nc(NC2CCCCC2)n3C)ccn1,CHEMBL472651,5.356547323513812,5.356547323513812,1
CNC(=O)c1cc(Oc2ccc3c(c2)nc(NCC2CCCCC2)n3C)ccn1,CHEMBL472652,6.853871964321762,6.853871964321762,1
CNC(=O)c1cc(Oc2ccc3c(c2)nc(Nc2ccc(Br)cc2)n3C)ccn1,CHEMBL513600,8.698970004336019,8.698970004336019,1
CNC(=O)c1cc(Oc2ccc3c(c2)nc(Nc2ccc(C(C)(C)C)cc2)n3C)ccn1,CHEMBL511836,6.853871964321762,6.853871964321762,1
CNC(=O)c1cc(Oc2ccc3c(c2)nc(Nc2ccc(C(F)(F)F)cc2)n3C)ccn1,CHEMBL470591,7.055517327849831,7.055517327849831,1
CNC(=O)c1cc(Oc2ccc3c(c2)nc(Nc2ccc(Cl)c(C(F)(F)F)c2)n3C)ccn1,CHEMBL470364,7.552841968657781,7.552841968657781,1
CNC(=O)c1cc(Oc2ccc3c(c2)nc(Nc2cccc(-c4ccncc4)c2)n3C)ccn1,CHEMBL514135,7.853871964321762,7.853871964321762,1
CNC(=O)c1cc(Oc2ccc3c(c2)nc(Nc2cccc(Br)c2)n3C)ccn1,CHEMBL471625,7.6020599913279625,7.6020599913279625,1
CNC(=O)c1cc(Oc2ccc3c(c2)nc(Nc2cccc(C(C)(C)C)c2)n3C)ccn1,CHEMBL470808,7.1338031200885155,7.041808923764867,4
CNC(=O)c1cc(Oc2ccc3c(c2)nc(Nc2cccc(C(F)(F)F)c2)n3C)ccn1,CHEMBL513562,8.096910013008056,8.096910013008056,1
CNC(=O)c1cc(Oc2ccc3c(c2)nc(Nc2ccccc2)n3C)ccn1,CHEMBL471408,6.886056647693163,6.886056647693163,1
CNC(=O)c1cc(Oc2ccc3c(c2)nc(Nc2ccccc2Br)n3C)ccn1,CHEMBL471415,7.4089353929735005,7.4089353929735005,1
CNC(=O)c1cc(Oc2ccc3c(c2)nc(Nc2ccccc2C(F)(F)F)n3C)ccn1,CHEMBL470799,5.721246399047171,5.721246399047171,1
CNC(=O)c1cc(Oc2ccc3nc(NC(=O)Nc4cc(C(F)(F)F)cc(C(F)(F)F)c4)sc3c2)ccn1,CHEMBL3797601,5.910094888560602,5.910094888560602,1
CNC(=O)c1cc(Oc2ccc3nc(NC(=O)Nc4ccc(Cl)c(C(F)(F)F)c4)sc3c2)ccn1,CHEMBL3799746,6.882728704344236,6.882728704344236,1
CNC(=O)c1cc(Oc2ccc3nc(NC(=O)Nc4ccc(Cl)c(Cl)c4)sc3c2)ccn1,CHEMBL3798983,7.022276394711152,7.022276394711152,1
CNC(=O)c1cc(Oc2ccc3nc(NC(=O)c4cc(C(F)(F)F)cc(C(F)(F)F)c4)sc3c2)ccn1,CHEMBL3799621,5.366531544420413,5.366531544420413,1
CNC(=O)c1cc(Oc2ccc3nc(Nc4ccc(-c5cccnc5)cc4)ncc3c2)ccn1,CHEMBL1950980,4.6020599913279625,4.6020599913279625,1
CNC(=O)c1cc(Oc2ccc3nc(Nc4ccc(Br)cc4)n(C)c3c2)ccn1,CHEMBL520236,6.301029995663981,6.301029995663981,1
CNC(=O)c1cc(Oc2ccc3nc(Nc4ccc(Br)cc4)ncc3c2)ccn1,CHEMBL1950891,6.508638306165727,6.508638306165727,1
CNC(=O)c1cc(Oc2ccc3nc(Nc4ccc(C(C)C)cc4)ncc3c2)ccn1,CHEMBL1950893,9.0,9.0,1
CNC(=O)c1cc(Oc2ccc3nc(Nc4ccc(C(F)(F)F)cc4)ncc3c2)ccn1,CHEMBL1950892,7.173925197299173,7.173925197299173,1
CNC(=O)c1cc(Oc2ccc3nc(Nc4ccc(Cl)c(C(F)(F)F)c4)[nH]c3c2)ccn1,CHEMBL394826,6.552841968657781,6.552841968657781,1
CNC(=O)c1cc(Oc2ccc3nc(Nc4ccc(F)cc4)ncc3c2)ccn1,CHEMBL1950890,6.221848749616356,6.221848749616356,1
CNC(=O)c1cc(Oc2ccc3nc(Nc4ccc(OC(F)(F)F)cc4)ncc3c2)ccn1,CHEMBL1950978,7.096910013008056,7.096910013008056,1
CNC(=O)c1cc(Oc2ccc3nc(Nc4ccc(OC)cc4)ncc3c2)ccn1,CHEMBL1950894,6.4089353929735005,6.4089353929735005,1
CNC(=O)c1cc(Oc2ccc3nc(Nc4ccc(Oc5ccccc5)cc4)ncc3c2)ccn1,CHEMBL1950979,6.221848749616356,6.221848749616356,1
CNC(=O)c1cc(Oc2ccc3nc(Nc4cccc(Br)c4)ncc3c2)ccn1,CHEMBL1950885,6.7447274948966935,6.7447274948966935,1
CNC(=O)c1cc(Oc2ccc3nc(Nc4cccc(C(C)(C)C)c4)ccc3c2)ccn1,CHEMBL1950984,7.585026652029182,7.585026652029182,1
CNC(=O)c1cc(Oc2ccc3nc(Nc4cccc(C(C)(C)C)c4)cnc3c2)ccn1,CHEMBL1950983,7.6020599913279625,7.6020599913279625,1
CNC(=O)c1cc(Oc2ccc3nc(Nc4cccc(C(C)(C)C)c4)ncc3c2)ccn1,CHEMBL1950886,7.346787486224656,7.346787486224656,1
CNC(=O)c1cc(Oc2ccc3nc(Nc4cccc(C(C)C)c4)ncc3c2)ccn1,CHEMBL1950889,6.823908740944319,6.823908740944319,1
CNC(=O)c1cc(Oc2ccc3nc(Nc4cccc(C(F)(F)F)c4)ncc3c2)ccn1,CHEMBL1950887,6.1938200260161125,6.1938200260161125,1
CNC(=O)c1cc(Oc2ccc3nc(Nc4cccc(Cl)c4)ncc3c2)ccn1,CHEMBL1950884,6.180456064458131,6.180456064458131,1
CNC(=O)c1cc(Oc2ccc3nc(Nc4cccc(OC(F)(F)F)c4)ncc3c2)ccn1,CHEMBL1950888,7.154901959985743,7.154901959985743,1
CNC(=O)c1cc(Oc2ccc3nc(Nc4ccccc4)ncc3c2)ccn1,CHEMBL1950880,5.657577319177793,5.657577319177793,1
CNC(=O)c1cc(Oc2ccc3nc(Nc4ccccc4Br)ncc3c2)ccn1,CHEMBL1950881,4.619788758288394,4.619788758288394,1
CNC(=O)c1cc(Oc2ccc3nc(Nc4ccccc4Oc4ccccc4)ncc3c2)ccn1,CHEMBL1950883,5.275724130399211,5.275724130399211,1
CNC(=O)c1cc(Oc2ccc3oc(Nc4ccc(Br)cc4)nc3c2)ccn1,CHEMBL1778393,7.6020599913279625,7.6020599913279625,1
CNC(=O)c1cc(Oc2ccc3oc(Nc4ccc(C(C)C)cc4)nc3c2)ccn1,CHEMBL1778395,8.221848749616356,8.221848749616356,1
CNC(=O)c1cc(Oc2ccc3oc(Nc4ccc(Cl)cc4)nc3c2)ccn1,CHEMBL1162958,7.6777807052660805,7.6777807052660805,1
CNC(=O)c1cc(Oc2ccc3oc(Nc4ccc(N(C)C)cc4)nc3c2)ccn1,CHEMBL1778399,6.886056647693163,6.886056647693163,1
CNC(=O)c1cc(Oc2ccc3oc(Nc4ccc(OC(F)(F)F)cc4)nc3c2)ccn1,CHEMBL1778397,7.920818753952375,7.920818753952375,1
CNC(=O)c1cc(Oc2ccc3oc(Nc4ccc(Oc5ccccc5)cc4)nc3c2)ccn1,CHEMBL1778398,6.167491087293763,6.167491087293763,1
CNC(=O)c1cc(Oc2ccc3oc(Nc4cccc(C(C)(C)C)c4)nc3c2)ccn1,CHEMBL1778291,8.221848749616356,8.221848749616356,1
CNC(=O)c1cc(Oc2ccc3oc(Nc4cccc(C(F)(F)F)c4)nc3c2)ccn1,CHEMBL1778391,6.958607314841775,6.958607314841775,1
CNC(=O)c1cc(Oc2ccc3oc(Nc4ccccc4Cl)nc3c2)ccn1,CHEMBL1778293,6.585026652029182,6.585026652029182,1
CNC(=O)c1cc(Oc2ccc3oc(Nc4ccccc4F)nc3c2)ccn1,CHEMBL1778292,6.236572006437063,6.236572006437063,1
CNC(=O)c1cc(Oc2ccc3sc(Nc4ccc(Br)cc4)nc3c2)ccn1,CHEMBL1778405,8.154901959985743,8.154901959985743,1
CNC(=O)c1cc(Oc2ccc3sc(Nc4ccc(C(C)C)cc4)nc3c2)ccn1,CHEMBL1778408,7.721246399047171,7.721246399047171,1
CNC(=O)c1cc(Oc2ccc3sc(Nc4ccc(C)cc4)nc3c2)ccn1,CHEMBL1778406,7.585026652029182,7.585026652029182,1
CNC(=O)c1cc(Oc2ccc3sc(Nc4ccc(Cl)cc4)nc3c2)ccn1,CHEMBL1778404,7.823908740944319,7.823908740944319,1
CNC(=O)c1cc(Oc2ccc3sc(Nc4ccc(OC(F)(F)F)cc4)nc3c2)ccn1,CHEMBL1778409,7.7447274948966935,7.7447274948966935,1
CNC(=O)c1cc(Oc2ccc3sc(Nc4cccc(C(C)(C)C)c4)nc3c2)ccn1,CHEMBL1778403,8.397940008672037,8.397940008672037,1
CNC(=O)c1cc(Oc2cccc(CCC(=O)Nc3ccc(Cl)c(C(F)(F)F)c3)c2)ccn1,CHEMBL1688863,7.327902142064282,7.327902142064282,1
CNC(=O)c1cc(Oc2cccc3nc(NC(=O)Nc4ccc(Cl)c(C(F)(F)F)c4)ccc23)ccn1,CHEMBL4466297,6.500312917381596,6.500312917381596,1
CNC(=O)c1ccc(-c2cn(C)nc2-c2ccncc2)cc1,CHEMBL1780155,6.189095719331299,6.189095719331299,1
CNC(=O)c1ccc(O[C@H]2CC[C@H](NC(=O)Nc3ccc(Cl)c(C(F)(F)F)c3)CC2)cn1,CHEMBL2397146,5.823908740944319,5.823908740944319,1
CNC(=O)c1ccc(Sc2ccc(NC(=O)Nc3cc(C(F)(F)F)cc(C(F)(F)F)c3)cc2)nc1,CHEMBL4227572,6.869630490044795,6.869630490044795,2
CNC(=O)c1ccc(Sc2ccc(NC(=O)Nc3ccc(Cl)c(C(F)(F)F)c3)cc2)nc1,CHEMBL4224704,7.607691353683562,7.607691353683562,2
CNC(=O)c1ccc(Sc2ccc(NC(=O)Nc3ccc(F)c(C(F)(F)F)c3)cc2)nc1,CHEMBL4229181,7.252922702990778,7.252922702990778,2
CNC(=O)c1ccc(Sc2ccc(NC(=S)Nc3ccc(Cl)c(C(F)(F)F)c3)cc2)nc1,CHEMBL4225772,7.560739102249396,7.560739102249396,2
CNC(=O)c1ccc(Sc2ccc(NC(=S)Nc3ccc(Cl)cc3)cc2)nc1,CHEMBL4225238,5.7168260432983065,5.7168260432983065,2
CNC(=O)c1ccc(Sc2ccc(NC(=S)Nc3ccc(F)c(C(F)(F)F)c3)cc2)nc1,CHEMBL4226090,7.414136773173384,7.414136773173384,2
CNC(=O)c1ccc(Sc2ccc(NC(=S)Nc3ccc(F)c(F)c3)cc2)nc1,CHEMBL4225502,6.070575063372614,6.070575063372614,2
CNC(=O)c1ccc(Sc2ccc(NC(=S)Nc3ccc(OC(F)(F)F)cc3)cc2)nc1,CHEMBL4225042,5.0058588888738775,5.0058588888738775,1
CNC(=O)c1ccc(Sc2ccc(NC(=S)Nc3cccc(C(F)(F)F)c3)cc2)nc1,CHEMBL4228090,6.270897953349112,6.270897953349112,2
CNC(=O)c1ccc(Sc2cccc(NC(=S)Nc3cc(C(F)(F)F)cc(C(F)(F)F)c3)c2)nc1,CHEMBL4227092,6.7867281042159515,6.7867281042159515,2
CNC(=O)c1ccc(Sc2cccc(NC(=S)Nc3ccc(Cl)c(C(F)(F)F)c3)c2)nc1,CHEMBL4225828,7.7827155479829,7.7827155479829,2
CNC(=O)c1ccc(Sc2cccc(NC(=S)Nc3ccc(Cl)cc3)c2)nc1,CHEMBL4225562,6.084421347289562,6.084421347289562,2
CNC(=O)c1ccc(Sc2cccc(NC(=S)Nc3ccc(F)c(C(F)(F)F)c3)c2)nc1,CHEMBL4224973,7.137330092045131,7.137330092045131,2
CNC(=O)c1ccc(Sc2cccc(NC(=S)Nc3ccc(F)c(Cl)c3)c2)nc1,CHEMBL4228868,6.4797779508186615,6.4797779508186615,2
CNC(=O)c1ccc(Sc2cccc(NC(=S)Nc3ccc(F)c(F)c3)c2)nc1,CHEMBL4224707,6.311494482732084,6.311494482732084,2
CNC(=O)c1ccc(Sc2cccc(NC(=S)Nc3ccc(OC(F)(F)F)cc3)c2)nc1,CHEMBL4227005,5.179289048605105,5.179289048605105,2
CNC(=O)c1ccc(Sc2cccc(NC(=S)Nc3cccc(C(F)(F)F)c3)c2)nc1,CHEMBL4225256,5.954555272424104,5.954555272424104,2
CNC(=O)c1cncc(NC(=O)c2cc(NC(=O)c3cccc(C(C)(C)C#N)c3)ccc2C)c1,CHEMBL475795,7.769551078621726,7.769551078621726,1
CNC(=O)c1nc2cc(C3(O)c4ccccc4C(=O)N3Cc3ccccc3)ccc2[nH]1,CHEMBL3945115,6.0,6.0,1
CNC(=O)c1ncc(-c2cc(NC(=O)c3ccnc(C(C)(F)F)c3)ccc2C)cc1N1CCOCC1,CHEMBL5880215,8.580044251510243,8.580044251510243,2
CNC(=O)c1ncc(C#Cc2cc(C(=O)Nc3ccc(CN4CCN(CCO)CC4)c(C(F)(F)F)c3)ccc2C)n1C,CHEMBL1784637,7.6419983281826,7.6419983281826,2
CNC1CCCC(n2cc(-c3ccc4c(c3)CC/C4=N\O)c(-c3ccncc3)n2)C1,CHEMBL498688,9.638272163982407,9.638272163982407,1
CNCCN(C)c1cc(C(=O)Nc2ccc(C)c(-c3cc(N4CCOCC4)c(=O)n(C)c3)c2)ccn1,CHEMBL5761761,7.5121692334094705,7.5121692334094705,2
CNCCn1cc(-c2ccc3c(c2)Cc2c[nH]nc2-3)c(-c2ccncc2)n1,CHEMBL1780172,6.113879498692487,6.113879498692487,2
CNC[C@@H]1CN(c2cc(-c3cc(NC(=O)c4ccnc(C(C)(C)C#N)c4)ccc3C)ccn2)CCO1,CHEMBL4111455,8.533577277566208,8.535009208212015,5
CNCc1cc(C(=O)N[C@@H]2CCc3ccc(Oc4ccnc5c4CCC(=O)N5)cc3C2)cc(C(F)(F)F)c1,CHEMBL1688876,8.657577319177793,8.657577319177793,1
CNS(=O)(=O)Nc1cccc(Cn2c(=O)oc3cc(OC(=O)C(C)C)ccc3c2=O)c1F,CHEMBL3814233,6.142667503568731,6.142667503568731,1
CNS(=O)(=O)Nc1cccc(Cn2c(=O)oc3cc(OC(=O)N(C)C)ccc3c2=O)c1F,CHEMBL3814978,7.259637310505756,7.259637310505756,1
CNS(=O)(=O)Nc1cccc(Cn2c(=O)oc3cc(OC(C)=O)ccc3c2=O)c1F,CHEMBL3814543,6.214670164989233,6.214670164989233,1
CNS(=O)(=O)Nc1cccc(Cn2c(=O)oc3cc(OS(C)(=O)=O)ccc3c2=O)c1F,CHEMBL3814868,5.5951662833800615,5.5951662833800615,1
CNS(=O)(=O)Nc1cccc(Cn2cnc3c(F)c(Nc4ccc(C5CC5)cc4F)c(C(=O)NOCCO)cc32)c1,CHEMBL5597586,8.301029995663981,8.301029995663981,1
CNS(=O)(=O)Nc1cccc(Cn2cnc3c(F)c(Nc4ccc(C5CC5)cc4F)c(C(=O)NOCCO)cc32)c1F,CHEMBL5597799,8.397940008672037,8.397940008672037,1
CNS(=O)(=O)Nc1cccc(Cn2cnc3c(F)c(Nc4ccc(I)cc4F)c(C(=O)NOCCO)cc32)c1F,CHEMBL5596553,8.397940008672037,8.397940008672037,1
CNS(=O)(=O)Nc1nccc(Cc2c(C)c3ccc(Oc4ncccn4)cc3oc2=O)c1F,CHEMBL3264002,7.903716273331727,7.903716273331727,2
CNS(=O)(=O)c1ccc(Cl)c(Nc2ncnc3[nH]ccc23)c1,CHEMBL3613193,7.494850021680094,7.494850021680094,1
CNS(=O)(=O)c1ccc(N(C)C)c(Nc2ncnc3[nH]c(-c4cccc(C(F)(F)F)c4)cc23)c1,CHEMBL3613307,9.221848749616356,9.221848749616356,1
CNS(=O)(=O)c1ccc(N(C)C)c(Nc2ncnc3[nH]c(Br)cc23)c1,CHEMBL3613306,8.200659450546418,8.200659450546418,1
CNS(=O)(=O)c1ccc(N(C)C)c(Nc2ncnc3[nH]cc(Br)c23)c1,CHEMBL3613198,9.698970004336019,9.698970004336019,1
CNS(=O)(=O)c1ccc(N(C)C)c(Nc2ncnc3[nH]cc(C)c23)c1,CHEMBL3613197,9.301029995663981,9.301029995663981,1
CNS(=O)(=O)c1ccc(N(C)C)c(Nc2ncnc3[nH]ccc23)c1,CHEMBL3613195,8.221848749616356,8.221848749616356,3
CNS(=O)(=O)c1ccc(N(C)C)c(Nc2ncnc3cc(N)ccc23)c1,CHEMBL3814727,5.3979400086720375,5.3979400086720375,1
CNS(=O)(=O)c1ccc(N(C)C)c(Nc2ncnc3cc(OC)c(OC)cc23)c1,CHEMBL3815093,6.0,6.0,2
CNS(=O)(=O)c1ccc(N(C)C)c(Nc2ncnc3cc(OC)cc(OC)c23)c1,CHEMBL3814834,7.102372908709558,7.102372908709558,1
CNS(=O)(=O)c1ccc(N(C)C)c(Nc2ncnc3cc(OCCCN4CCOCC4)ccc23)c1,CHEMBL3814923,5.6020599913279625,5.6020599913279625,1
CNS(=O)(=O)c1ccc(N(C)C)c(Nc2ncnc3cc(OCCCOC)ccc23)c1,CHEMBL3814871,6.096910013008056,6.096910013008056,1
CNS(=O)(=O)c1ccc(N(C)C)c(Nc2ncnc3cc[nH]c23)c1,CHEMBL3815116,6.6020599913279625,6.6020599913279625,1
CNS(=O)(=O)c1ccc(N(C)C)c(Nc2ncnc3ccc(Cl)cc23)c1,CHEMBL3952136,6.3979400086720375,6.3979400086720375,1
CNS(=O)(=O)c1ccc(N(C)C)c(Nc2ncnc3ccc(N)cc23)c1,CHEMBL3814121,6.200659450546418,6.200659450546418,2
CNS(=O)(=O)c1ccc(N(C)C)c(Nc2ncnc3ccc(OC)cc23)c1,CHEMBL3813871,6.0,6.0,2
CNS(=O)(=O)c1ccc(N(C)C)c(Nc2ncnc3ccc([N+](=O)[O-])cc23)c1,CHEMBL3911763,5.200659450546418,5.200659450546418,1
CNS(=O)(=O)c1ccc(N(C)C)c(Nc2ncnc3ccccc23)c1,CHEMBL3814179,6.6020599913279625,6.6020599913279625,2
CNS(=O)(=O)c1ccc(N(C)C)c(Nc2ncnc3ccn(C)c23)c1,CHEMBL3814010,6.886056647693163,6.886056647693163,1
CNS(=O)(=O)c1ccc(N(C)C)c(Nc2ncnc3ccsc23)c1,CHEMBL3814515,6.0,6.0,1
CNS(=O)(=O)c1ccc(N2CCOCC2)c(Nc2ncnc3[nH]c(-c4cccc(C(F)(F)F)c4)cc23)c1,CHEMBL3613309,8.886056647693163,8.886056647693163,1
CNS(=O)(=O)c1ccc(N2CCOCC2)c(Nc2ncnc3[nH]c(Br)cc23)c1,CHEMBL3613308,8.096910013008056,8.096910013008056,1
CNS(=O)(=O)c1ccc(N2CCOCC2)c(Nc2ncnc3[nH]cc(Br)c23)c1,CHEMBL3613305,9.301029995663981,9.301029995663981,2
CNS(=O)(=O)c1ccc(N2CCOCC2)c(Nc2ncnc3[nH]cc(C)c23)c1,CHEMBL3613199,8.886056647693163,8.886056647693163,1
CNS(=O)(=O)c1ccc(N2CCOCC2)c(Nc2ncnc3[nH]cc(Cl)c23)c1,CHEMBL3814798,9.221848749616356,9.221848749616356,1
CNS(=O)(=O)c1ccc(N2CCOCC2)c(Nc2ncnc3[nH]ccc23)c1,CHEMBL3613196,8.096910013008056,8.096910013008056,1
CNS(=O)(=O)c1ccc(OCC(F)(F)F)c(Nc2ncnc3cc(OC(C)C)c(OC)cc23)c1,CHEMBL3814685,4.494850021680094,4.494850021680094,1
CNS(=O)(=O)c1ccc(OCC(F)(F)F)c(Nc2ncnc3cc(OC)c(OC)c(OC)c23)c1,CHEMBL3814097,7.102372908709558,7.102372908709558,1
CNS(=O)(=O)c1ccc(OCC(F)(F)F)c(Nc2ncnc3cc(OC)c(OC)cc23)c1,CHEMBL3814635,6.886056647693163,6.886056647693163,1
CNS(=O)(=O)c1ccc(OCC(F)(F)F)c(Nc2ncnc3cc(OC)cc(OC)c23)c1,CHEMBL3813948,7.301029995663981,7.301029995663981,1
CNS(=O)(=O)c1ccc(OCC(F)(F)F)c(Nc2ncnc3cc(OCCCN4CCOCC4)ccc23)c1,CHEMBL3813957,5.886056647693163,5.886056647693163,1
CNS(=O)(=O)c1ccc(OCC(F)(F)F)c(Nc2ncnc3cc(OCCCOC)ccc23)c1,CHEMBL3814442,6.795880017344075,6.795880017344075,1
CNS(=O)(=O)c1cccc(Nc2ncnc3[nH]c(-c4ccc(C)cc4)cc23)c1,CHEMBL3613187,9.0,9.0,1
CNS(=O)(=O)c1cccc(Nc2ncnc3[nH]c(-c4ccc(O)cc4)cc23)c1,CHEMBL3613189,9.0,9.0,1
CNS(=O)(=O)c1cccc(Nc2ncnc3[nH]c(-c4cccc(C(F)(F)F)c4)cc23)c1,CHEMBL3613188,8.221848749616356,8.221848749616356,1
CNS(=O)(=O)c1cccc(Nc2ncnc3[nH]c(-c4cccc(C)c4)cc23)c1,CHEMBL3613186,9.0,9.0,1
CNS(=O)(=O)c1cccc(Nc2ncnc3[nH]c(-c4ccccc4)cc23)c1,CHEMBL3613184,9.0,9.0,1
CNS(=O)(=O)c1cccc(Nc2ncnc3[nH]c(-c4ccccc4C)cc23)c1,CHEMBL3613185,8.221848749616356,8.221848749616356,1
CNS(=O)(=O)c1cccc(Nc2ncnc3[nH]c(-c4ccncc4)cc23)c1,CHEMBL3613190,9.0,9.0,1
CNS(=O)(=O)c1cccc(Nc2ncnc3[nH]c(Br)cc23)c1,CHEMBL3613183,7.795880017344075,7.795880017344075,1
CNS(=O)(=O)c1cccc(Nc2ncnc3[nH]c(C(=O)O)cc23)c1,CHEMBL3612079,7.3979400086720375,7.3979400086720375,1
CNS(=O)(=O)c1cccc(Nc2ncnc3[nH]c4ccccc4c23)c1,CHEMBL3613191,7.3979400086720375,7.3979400086720375,1
CNS(=O)(=O)c1cccc(Nc2ncnc3[nH]cc(-c4ccc(C(=O)O)cc4)c23)c1,CHEMBL3613182,7.795880017344075,7.795880017344075,1
CNS(=O)(=O)c1cccc(Nc2ncnc3[nH]cc(-c4ccc(CN)cc4)c23)c1,CHEMBL3613181,8.221848749616356,8.221848749616356,1
CNS(=O)(=O)c1cccc(Nc2ncnc3[nH]cc(-c4ccc(Cl)cc4)c23)c1,CHEMBL3613178,8.397940008672037,8.397940008672037,1
CNS(=O)(=O)c1cccc(Nc2ncnc3[nH]cc(-c4ccc(OC)cc4)c23)c1,CHEMBL3613179,8.397940008672037,8.397940008672037,1
CNS(=O)(=O)c1cccc(Nc2ncnc3[nH]cc(-c4cccc(Cl)c4)c23)c1,CHEMBL3613177,9.0,9.0,2
CNS(=O)(=O)c1cccc(Nc2ncnc3[nH]cc(-c4ccccc4)c23)c1,CHEMBL3612667,8.397940008672037,8.397940008672037,2
CNS(=O)(=O)c1cccc(Nc2ncnc3[nH]cc(-c4ccccc4Cl)c23)c1,CHEMBL3613176,8.0,8.0,1
CNS(=O)(=O)c1cccc(Nc2ncnc3[nH]cc(-c4ccncc4)c23)c1,CHEMBL3613180,7.494850021680094,7.494850021680094,1
CNS(=O)(=O)c1cccc(Nc2ncnc3[nH]cc(Br)c23)c1,CHEMBL3612666,8.301029995663981,8.301029995663981,2
CNS(=O)(=O)c1cccc(Nc2ncnc3[nH]cc(C(C)C)c23)c1,CHEMBL3612662,7.102372908709558,7.102372908709558,1
CNS(=O)(=O)c1cccc(Nc2ncnc3[nH]cc(C)c23)c1,CHEMBL3612661,7.200659450546418,7.200659450546418,2
CNS(=O)(=O)c1cccc(Nc2ncnc3[nH]cc(CC(C)C)c23)c1,CHEMBL3612663,7.3979400086720375,7.3979400086720375,1
CNS(=O)(=O)c1cccc(Nc2ncnc3[nH]cc(Cl)c23)c1,CHEMBL3612665,7.886056647693163,7.886056647693163,2
CNS(=O)(=O)c1cccc(Nc2ncnc3[nH]cc(F)c23)c1,CHEMBL3612664,7.102372908709558,7.102372908709558,2
CNS(=O)(=O)c1cccc(Nc2ncnc3[nH]ccc23)c1,CHEMBL3612647,7.301029995663981,7.301029995663981,2
CNS(=O)(=O)c1cccc(Nc2ncnc3[nH]cnc23)c1,CHEMBL3612641,7.494850021680094,7.494850021680094,1
CN[C@@H]1C[C@H]2O[C@@](C)([C@@H]1OC)n1c3ccccc3c3c4c(c5c6ccccc6n2c5c31)C(=O)NC4,CHEMBL388978,8.060480747381382,8.068565767145966,9
CNc1cc(-c2cccnc2Nc2c(C)ccc3c(Nc4ccc(C#N)cc4)nccc23)ncn1,CHEMBL570567,7.4089353929735005,7.4089353929735005,1
CNc1cc(-c2cccnc2Nc2c(C)ccc3c(Nc4ccc(Cl)cc4)nccc23)ncn1,CHEMBL565885,7.251811972993799,7.251811972993799,1
CNc1cc(-c2cccnc2Nc2c(C)ccc3c(Nc4ccc5sc(C)nc5c4)nccc23)ncn1,CHEMBL570573,6.958607314841775,6.958607314841775,1
CNc1cc(C(C)(C)C(=O)Nc2cc(C(=O)Nc3ccc(Cl)c(C(F)(F)F)c3)ccc2C)ncn1,CHEMBL4072281,7.649751981665837,7.649751981665837,1
CNc1cc(C(C)(C)C(=O)Nc2cc(C(=O)Nc3ccc(OCC4CCN(C)CC4)c(C(F)(F)F)c3)ccc2C)ncn1,CHEMBL4062173,6.8696662315049934,6.8696662315049934,1
CNc1cc(C2(C(=O)Nc3c(F)ccc(C(=O)Nc4ccc(Cl)c(C(F)(F)F)c4)c3F)CC2)ncn1,CHEMBL4103699,6.625251653989896,6.625251653989896,1
CNc1cc(C2(C(=O)Nc3cc(C(=O)Nc4ccc(CN5CCN(C)CC5)c(C(F)(F)F)c4)ccc3C)CC2)ncn1,CHEMBL4088215,7.052566278112949,7.052566278112949,1
CNc1cc(C2(C(=O)Nc3cc(C(=O)Nc4ccc(CN5CCOCC5)c(C(F)(F)F)c4)ccc3C)CC2)ncn1,CHEMBL4077908,7.536107011014092,7.536107011014092,1
CNc1cc(C2(C(=O)Nc3cc(C(=O)Nc4ccc(Cl)c(C(F)(F)F)c4)ccc3C)CC2)ncn1,CHEMBL4060057,8.158656760875116,8.158656760875116,2
CNc1cc(C2(C(=O)Nc3cc(C(=O)Nc4ccc(Cl)c(C(F)(F)F)c4)ccc3Cl)CC2)ncn1,CHEMBL4061063,7.407823242604133,7.407823242604133,1
CNc1cc(C2(C(=O)Nc3cc(C(=O)Nc4ccc(Cl)c(C(F)(F)F)c4)ccc3F)CC2)ncn1,CHEMBL4069743,7.413412695328245,7.413412695328245,1
CNc1cc(C2(C(=O)Nc3cc(C(=O)Nc4ccc(Cl)cc4)ccc3C)CC2)ncn1,CHEMBL4071785,8.075720713938118,8.075720713938118,1
CNc1cc(C2(C(=O)Nc3cc(C(=O)Nc4ccc(F)cc4)ccc3C)CC2)ncn1,CHEMBL4083018,6.6968039425795105,6.6968039425795105,1
CNc1cc(C2(C(=O)Nc3cc(C(=O)Nc4ccc(N5CCN(C)CC5)c(C(F)(F)F)c4)ccc3C)CC2)ncn1,CHEMBL4095947,6.7495799976911055,6.7495799976911055,1
CNc1cc(C2(C(=O)Nc3cc(C(=O)Nc4ccc(N5CCOCC5)c(C(F)(F)F)c4)ccc3C)CC2)ncn1,CHEMBL4066903,7.600326278518962,7.600326278518962,1
CNc1cc(C2(C(=O)Nc3cc(C(=O)Nc4ccc(OC5CCN(C)CC5)c(C(F)(F)F)c4)ccc3C)CC2)ncn1,CHEMBL4066939,7.7328473065210375,7.7328473065210375,2
CNc1cc(C2(C(=O)Nc3cc(C(=O)Nc4ccc(OCC5CCN(C)CC5)c(C(F)(F)F)c4)ccc3C)CC2)ncn1,CHEMBL4080362,7.833528419937154,7.833528419937154,2
CNc1cc(C2(C(=O)Nc3cc(C(=O)Nc4ccc(OCCCN5CCOCC5)c(C(F)(F)F)c4)ccc3C)CC2)ncn1,CHEMBL4104590,7.62520913256722,7.62520913256722,2
CNc1cc(C2(C(=O)Nc3cc(C(=O)Nc4cccc(C#N)c4)ccc3C)CC2)ncn1,CHEMBL4090806,6.844663962534938,6.844663962534938,1
CNc1cc(C2(C(=O)Nc3cc(C(=O)Nc4cccc(Cl)c4)ccc3C)CC2)ncn1,CHEMBL4061139,9.522878745280337,9.522878745280337,1
CNc1cc(C2(C(=O)Nc3cc(C(=O)Nc4cccc(F)c4)ccc3C)CC2)ncn1,CHEMBL4069812,7.22548303427145,7.22548303427145,1
CNc1cc(C2(C(=O)Nc3cc(C(=O)Nc4ccccc4)ccc3C)CC2)ncn1,CHEMBL4092569,6.411168274405792,6.411168274405792,1
CNc1cc(C2(C(=O)Nc3cc(NC(=O)Nc4ccc(Cl)c(C(F)(F)F)c4)ccc3C)CC2)ncn1,CHEMBL4098457,7.732828271596986,7.732828271596986,1
CNc1cc(C2(C(=O)Nc3cc(NC(=O)c4ccc(Cl)c(C(F)(F)F)c4)ccc3C)CC2)ncn1,CHEMBL4073430,8.366531544420413,8.366531544420413,1
CNc1cc(C2(C(=O)Nc3cccc(C(=O)Nc4ccc(Cl)c(C(F)(F)F)c4)c3)CC2)ncn1,CHEMBL4082943,7.511449283499555,7.511449283499555,1
CNc1cc(C2(C(=O)Nc3cccc(C(=O)Nc4ccc(Cl)c(C(F)(F)F)c4)c3F)CC2)ncn1,CHEMBL4090742,6.818156412055227,6.818156412055227,1
CNc1cc(CNc2ccccc2C(=O)Nc2ccc3c(c2)OC(F)(F)O3)ccn1,CHEMBL399534,7.0,7.0,1
CNc1cc(Oc2c(C)cc(NC(=O)Nc3cccc(C(F)(F)F)c3)cc2C)ncn1,CHEMBL4868757,5.698970004336019,5.698970004336019,1
CNc1cc(Oc2ccc(NC(=O)Nc3cccc(C(C)(C)C)c3)cc2)ncn1,CHEMBL4850780,6.3979400086720375,6.3979400086720375,1
CNc1cc(Oc2ccc(NC(=O)Nc3cccc(C(C)(F)F)c3)cc2)ncn1,CHEMBL4868391,6.301029995663981,6.301029995663981,1
CNc1cc(Oc2ccc(NC(=O)Nc3cccc(C(C)F)c3)cc2)ncn1,CHEMBL4850964,6.0,6.0,1
CNc1cc(Oc2ccc(NC(=O)Nc3cccc(C(F)(F)F)c3)c(F)c2)ncn1,CHEMBL4863203,7.200659450546418,7.200659450546418,1
CNc1cc(Oc2ccc(NC(=O)Nc3cccc(C(F)(F)F)c3)c(F)c2F)ncn1,CHEMBL4857556,7.795880017344075,7.795880017344075,1
CNc1cc(Oc2ccc(NC(=O)Nc3cccc(C(F)(F)F)c3)c3ccccc23)ncn1,CHEMBL4870768,7.0,7.0,1
CNc1cc(Oc2ccc(NC(=O)Nc3cccc(C(F)(F)F)c3)cc2)ncn1,CHEMBL4863580,6.301029995663981,6.301029995663981,1
CNc1cc(Oc2ccc(NC(=O)Nc3cccc(C(F)(F)F)c3)cc2C)ncn1,CHEMBL4859380,6.795880017344075,6.795880017344075,1
CNc1cc(Oc2ccc(NC(=O)Nc3cccc(C(F)(F)F)c3)cc2Cl)ncn1,CHEMBL4874491,6.301029995663981,6.301029995663981,1
CNc1cc(Oc2ccc(NC(=O)Nc3cccc(C(F)(F)F)c3)cc2F)ncn1,CHEMBL4066096,5.795880017344075,5.795880017344075,1
CNc1cc2c(cn1)cc(-c1ccc(F)c(NC(=O)Nc3cc(C(C)(C)C)no3)c1)c(=O)n2C1CCOC1,CHEMBL4280843,6.0,6.0,1
CNc1cc2c(cn1)cc(-c1ccc(F)c(NC(=O)Nc3cc(C(C)(C)C)no3)c1)c(=O)n2[C@H]1CCOC1,CHEMBL3577114,8.167491087293763,8.304072860730152,3
CNc1cc2nc(C)c(-c3cc(NC(=O)NCCC(C)(C)C)c(F)cc3C)cc2cn1,CHEMBL3577121,7.552841968657781,7.541823868539585,3
CNc1cc2nc(C)c(-c3cc(NC(=O)NCCC(C)(C)C)ccc3C)cc2cn1,CHEMBL3577118,7.568636235841012,7.596346581527729,3
CNc1cc2nc(C)c(-c3cc(NC(=O)NCCC(C)(C)C)ccc3F)cc2cn1,CHEMBL3891833,7.443865115791365,7.443865115791365,2
CNc1cc2nc(C)c(-c3cc(NC(=O)NCCC(C)(C)F)c(F)cc3C)cc2cn1,CHEMBL3963155,7.726728668260934,7.726728668260934,2
CNc1cc2nc(C)c(-c3cc(NC(=O)NC[C@@H](O)C(C)(C)C)c(F)cc3C)cc2cn1,CHEMBL3577117,7.657577319177793,7.7266739956596036,3
CNc1cc2nc(C)c(-c3ccc(F)c(NC(=O)NCCC(C)(C)C)c3)cc2cn1,CHEMBL3577120,8.075720713938118,7.894928535611579,3
CNc1ccc(NC(=O)c2cc(NC(=O)c3cccc(C(C)(C)C#N)c3)ccc2C)cn1,CHEMBL475045,7.42021640338319,7.42021640338319,1
CNc1ccc(S(=O)(=O)NC)cc1Nc1ncnc2[nH]ccc12,CHEMBL3613194,6.0,6.0,1
CNc1ccc2c(Nc3cc(S(=O)(=O)NC)ccc3N(C)C)ncnc2c1,CHEMBL3813872,5.0,5.0,1
CNc1ccc2ncnc(Nc3cc(S(=O)(=O)NC)ccc3N(C)C)c2c1,CHEMBL3813902,6.0,6.0,2
CNc1cnc2c(Oc3ccc(NC(=O)Nc4cc(C(F)(F)F)ccc4F)c(F)c3)ccnc2n1,CHEMBL1213760,5.658701854269723,5.658701854269723,2
CNc1cncc(-c2cn(-c3cc(C(=O)Nc4cc(C(C)(C)C)on4)ccc3C)nn2)c1,CHEMBL3913254,7.853871964321762,7.853871964321762,1
CNc1nc(-c2cc(NC(=O)c3cccc(C(F)(F)F)c3)ccc2C)cc(N2CCOCC2)n1,CHEMBL3969555,9.080921907623926,9.08731714977758,5
CNc1nc(-c2ccc(Cl)c(Cl)c2)c2c(N)c(C(N)=O)sc2n1,CHEMBL1934500,6.1438755557577,6.1438755557577,1
CNc1nc2cc(C3(O)c4ccccc4C(=O)N3Cc3ccccc3)ccc2[nH]1,CHEMBL3892620,6.0,6.0,1
CNc1ncc(C(=O)Nc2cc(C(=O)Nc3ccc(CN4CCN(C)CC4)c(C(F)(F)F)c3)ccc2C)cn1,CHEMBL3234744,6.537602002101044,6.537602002101044,1
CNc1ncc2cc(-c3c(C)ccc(C(=O)Nc4ccc(OC)c(C(F)(F)F)c4)c3N)ccc2n1,CHEMBL3407847,8.027758663924915,8.027758663924915,2
CNc1ncc2cc(-c3c(C)ccc4c(Nc5cc(C(C)(C)C)nn5C)nccc34)ccc2n1,CHEMBL569882,7.154901959985743,7.154901959985743,1
CNc1ncc2cc(-c3c(C)ccc4c(Nc5ccc(Cl)cc5)nccc34)ccc2n1,CHEMBL576787,8.267606240177031,8.267606240177031,1
CNc1ncc2cc(-c3c(C)ccc4c(Nc5ccc6c(c5)NC(=O)C6(C)C)nccc34)ccc2n1,CHEMBL576985,7.6777807052660805,7.6777807052660805,1
CNc1ncc2cc(-c3cc(C(=O)Nc4cccc(C(F)(F)F)c4)ccc3C)ccc2n1,CHEMBL212964,8.769551078621726,8.769551078621726,1
CNc1ncc2cc(-c3cc(NC(=O)NCCC(C)(C)C)c(F)cc3C)c(C)nc2n1,CHEMBL3577124,7.508638306165727,7.593145777744301,9
CNc1ncc2cc(-c3cc(NC(=O)NCCC(C)(C)C)c(F)cc3C)cnc2n1,CHEMBL3577123,8.356547323513812,8.208051187896947,3
CNc1ncc2cc(-c3ccc(F)c(NC(=O)NCCC(C)(C)C)c3)c(C)nc2n1,CHEMBL3577119,7.7447274948966935,7.607507072485892,3
CNc1ncc2ccc(Oc3c(C)ccc(C(=O)c4c(-c5ccccc5)n(C)n(-c5ccccc5)c4=O)c3N)cc2n1,CHEMBL3407504,6.522878745280337,6.522878745280337,1
CNc1ncc2ccc(Oc3cc(C(=O)c4c(-c5ccccc5)n(C)n(-c5ccccc5)c4=O)ccc3C)cc2n1,CHEMBL3407849,8.096910013008056,8.096910013008056,1
CNc1ncc2ccc(Oc3cc(C(=O)c4c(-c5ccccc5)n(C)n(-c5ccccc5)c4=O)ccc3Cl)cc2n1,CHEMBL3407851,7.886056647693163,7.886056647693163,1
CNc1ncc2ccc(Oc3cc(C(=O)c4c(-c5ccccc5)n(C)n(-c5ccccc5)c4=O)ccc3N)cc2n1,CHEMBL3407850,7.180456064458131,7.180456064458131,1
CNc1ncc2ncnc(Nc3cc(C(=O)Nc4cc(C(C)(C)C)on4)ccc3F)c2n1,CHEMBL3694157,8.221848749616356,8.221848749616356,1
CNc1nccc(-c2[nH]c(C(F)(F)F)nc2-c2cccc(NC(=O)Cc3ccc(Cl)cc3)c2)n1,CHEMBL258454,7.6338031200885155,7.6338031200885155,2
CNc1nccc(-c2[nH]c(C3CC3)nc2-c2cccc(NC(=O)Cc3ccc(Cl)cc3)c2)n1,CHEMBL403854,8.284318117920506,8.284318117920506,2
CNc1nccc(-c2[nH]c(C3CC3)nc2-c2cccc(NC(=O)Nc3ccc(Cl)c(C(F)(F)F)c3)c2)n1,CHEMBL430413,7.736830361305078,7.736830361305078,2
CNc1nccc(-c2[nH]c(C3CC3)nc2-c2cccc(NS(=O)(=O)Cc3ccc(Cl)c(Cl)c3)c2)n1,CHEMBL402029,6.59447403544184,6.59447403544184,2
CNc1nccc(-c2cn(C(C)C)nc2-c2cc(Cl)cc(NS(C)(=O)=O)c2F)n1,CHEMBL3927112,8.096910013008056,7.933956078793249,6
CNc1nccc(-c2nc(C3CC3)[nH]c2-c2cc(F)cc(NS(=O)(=O)c3c(F)cccc3F)c2Cl)n1,CHEMBL3651678,9.0,9.0,1
CNc1nccc(-c2nc(C3CC3)[nH]c2-c2cc(F)cc(NS(C)(=O)=O)c2Cl)n1,CHEMBL3651679,7.508638306165727,7.508638306165727,1
CNc1nccc(-c2nc(C3CC3)[nH]c2-c2cccc(NS(C)(=O)=O)c2F)n1,CHEMBL3651693,6.2380721615794705,6.2380721615794705,1
CNc1nccc(C2(C(=O)Nc3cc(C(=O)Nc4ccc(Cl)c(C(F)(F)F)c4)ccc3C)CC2)n1,CHEMBL4101882,6.827250401465136,6.827250401465136,2
CNc1nccc(CNc2ccccc2C(=O)Nc2ccc3c(c2)OC(F)(F)O3)n1,CHEMBL246424,7.585026652029182,7.585026652029182,1
CNc1nccc(Oc2ccc(NC(=O)Nc3cccc(C(F)(F)F)c3)cc2)n1,CHEMBL4861519,7.200659450546418,7.200659450546418,1
CNc1ncnc2c(CNc3cc(NC(=O)c4cc(=O)c5ccccc5o4)ccc3C)cccc12,CHEMBL1257719,4.709965388637482,4.709965388637482,1
CNc1ncnc2c(Nc3cc(C(=O)Nc4cc(C(C)(C)C)on4)ccc3C)ncnc12,CHEMBL3643299,9.0,9.0,1
CNc1ncnc2c(Nc3cccc(NC(=O)c4cccc(C(C)(C)C#N)c4)c3)ncnc12,CHEMBL3643302,7.886056647693163,7.886056647693163,1
COC(=O)C(=O)Nc1nc2ccc(C3(O)c4ccccc4C(=O)N3c3cccc(Cl)c3F)cc2[nH]1,CHEMBL3922085,6.0,6.0,1
COC(=O)C1CC2c3c(cnc4c(-c5ccc(Cl)c(O)c5)c(-c5ccncc5)nn34)CC1N2C,CHEMBL585148,8.795880017344075,8.795880017344075,1
COC(=O)NCCn1cc(-c2cc(NC(=O)c3cccc(C(F)(F)F)c3)ccc2C)cc(N2CCOCC2)c1=O,CHEMBL3910040,7.90622821850127,7.899821600755745,5
COC(=O)NCCn1cc(-c2cc(NC(=O)c3cccc(C(F)(F)F)c3)cnc2C)cc(N2CCOCC2)c1=O,CHEMBL3894464,6.975473285612848,6.984972311016662,5
COC(=O)NC[C@@H](C)Oc1ncc(-c2cc(NC(=O)c3cccc(C(F)(F)F)c3)cnc2C)cc1N1CCOCC1,CHEMBL6023092,8.385102783966865,8.385102783966865,2
COC(=O)NC[C@@H]1CN(c2cc(-c3cc(NC(=O)c4cccc(C(F)(F)F)c4)cnc3C)ccn2)CCO1,CHEMBL4111858,8.074172425375258,8.074791740800402,5
COC(=O)NC[C@H](C)Nc1nccc(-c2cn(C(C)C)nc2-c2cc(Cl)cc(NS(C)(=O)=O)c2F)n1,CHEMBL3962696,8.537602002101044,8.366108052778491,6
COC(=O)N[C@@H](C)CNc1nccc(-c2[nH]c(C3CC3)nc2-c2cc(Cl)cc(NS(C)(=O)=O)c2F)n1,CHEMBL3705042,9.698970004336019,9.698970004336019,1
COC(=O)N[C@@H](C)CNc1nccc(-c2c[nH]nc2-c2cc(Cl)cc(NS(C)(=O)=O)c2F)n1,CHEMBL3893988,9.096910013008056,8.70487959332283,6
COC(=O)N[C@@H](C)CNc1nccc(-c2cn(C(C)C)nc2-c2c(F)ccc(NS(C)(=O)=O)c2F)n1,CHEMBL3917315,8.4089353929735,8.230319855530988,6
COC(=O)N[C@@H](C)CNc1nccc(-c2cn(C(C)C)nc2-c2cc(C)cc(NS(C)(=O)=O)c2Cl)n1,CHEMBL3933474,9.0,8.87030812493606,6
COC(=O)N[C@@H](C)CNc1nccc(-c2cn(C(C)C)nc2-c2cc(C)cc(NS(C)(=O)=O)c2F)n1,CHEMBL3929909,9.022276394711152,8.9182203303713,6
COC(=O)N[C@@H](C)CNc1nccc(-c2cn(C(C)C)nc2-c2cc(Cl)cc(NS(=O)(=O)C3CC3)c2F)n1,CHEMBL3930080,8.698970004336019,8.698970004336019,1
COC(=O)N[C@@H](C)CNc1nccc(-c2cn(C(C)C)nc2-c2cc(Cl)cc(NS(C)(=O)=O)c2)n1,CHEMBL3942604,9.096910013008056,8.871546259989495,6
COC(=O)N[C@@H](C)CNc1nccc(-c2cn(C(C)C)nc2-c2cc(Cl)cc(NS(C)(=O)=O)c2Cl)n1,CHEMBL3967576,8.221848749616356,8.221848749616356,1
COC(=O)N[C@@H](C)CNc1nccc(-c2cn(C(C)C)nc2-c2cc(Cl)cc(NS(C)(=O)=O)c2F)n1,CHEMBL3301612,9.522878745280337,9.181346943706902,9
COC(=O)N[C@@H](C)CNc1nccc(-c2cn(C(C)C)nc2-c2cc(F)c(F)c(NS(C)(=O)=O)c2F)n1,CHEMBL3949543,7.346787486224656,7.346787486224656,1
COC(=O)N[C@@H](C)CNc1nccc(-c2cn(C(C)C)nc2-c2cc(F)cc(NS(=O)(=O)C3CC3)c2F)n1,CHEMBL3927365,7.638272163982407,7.638272163982407,2
COC(=O)N[C@@H](C)CNc1nccc(-c2cn(C(C)C)nc2-c2cc(F)cc(NS(C)(=O)=O)c2Cl)n1,CHEMBL3904633,8.958607314841775,8.865162763813485,6
COC(=O)N[C@@H](C)CNc1nccc(-c2cn(C(C)C)nc2-c2cc(F)cc(NS(C)(=O)=O)c2F)n1,CHEMBL3931720,9.221848749616356,9.105353748893686,6
COC(=O)N[C@@H](C)CNc1nccc(-c2cn(C(C)C)nc2-c2cc(NS(C)(=O)=O)c(C)c(OC)c2)n1,CHEMBL3904915,6.4089353929735005,6.408935392973501,5
COC(=O)N[C@@H](C)CNc1nccc(-c2cn(C(C)C)nc2-c2ccc(F)c(NS(C)(=O)=O)c2F)n1,CHEMBL3890179,8.214670164989233,8.017477979398706,6
COC(=O)N[C@@H](C)CNc1nccc(-c2cn(C(C)C)nc2-c2cccc(NS(=O)(=O)CCC(F)(F)F)c2F)n1,CHEMBL3972154,7.568636235841012,7.568636235841012,1
COC(=O)N[C@@H](C)CNc1nccc(-c2cn(C(C)C)nc2-c2cccc(NS(C)(=O)=O)c2)n1,CHEMBL3973641,5.939302159646388,5.939302159646388,1
COC(=O)N[C@@H](C)CNc1nccc(-c2cn(C(C)C)nc2-c2cccc(NS(C)(=O)=O)c2F)n1,CHEMBL3905481,8.638272163982407,8.445474480005691,6
COC(=O)N[C@@H](C)CNc1nccc(-c2cn(C(C)C)nc2-c2ccnc(NS(C)(=O)=O)c2Cl)n1,CHEMBL3901933,7.102372908709558,7.102372908709558,1
COC(=O)N[C@@H](C)CNc1nccc(-c2cn(C(C)C)nc2-c2ccnc(NS(C)(=O)=O)c2F)n1,CHEMBL3891996,7.619788758288394,7.325469292627289,6
COC(=O)N[C@@H](C)CNc1nccc(-c2cn(C3CCCCO3)nc2-c2cc(Cl)cc(NS(C)(=O)=O)c2F)n1,CHEMBL3967614,8.154901959985743,8.154901959985743,1
COC(=O)N[C@@H](C)CNc1nccc(-c2nc(-c3ccc(C(F)(F)F)cc3)[nH]c2-c2cc(F)cc(NS(C)(=O)=O)c2Cl)n1,CHEMBL3651682,8.698970004336019,8.698970004336019,1
COC(=O)N[C@@H](C)CNc1nccc(-c2nc(-c3ccc(F)cc3F)[nH]c2-c2cc(F)cc(NS(C)(=O)=O)c2Cl)n1,CHEMBL3651681,5.690369832574101,5.690369832574101,1
COC(=O)N[C@@H](C)CNc1nccc(-c2nc(C(C)(C)C)[nH]c2-c2cc(C)cc(NS(=O)(=O)C(C)C)c2)n1,CHEMBL3651621,8.505845405981557,8.505845405981557,1
COC(=O)N[C@@H](C)CNc1nccc(-c2nc(C(C)(C)C)[nH]c2-c2cc(Cl)cc(NS(=O)(=O)C(C)C)c2)n1,CHEMBL3651614,8.869666231504993,8.869666231504993,1
COC(=O)N[C@@H](C)CNc1nccc(-c2nc(C(C)(C)C)[nH]c2-c2cc(Cl)cc(NS(=O)(=O)C(C)C)c2C)n1,CHEMBL3651619,7.172630726946174,7.172630726946174,1
COC(=O)N[C@@H](C)CNc1nccc(-c2nc(C(C)(C)C)[nH]c2-c2cc(Cl)cc(NS(=O)(=O)C(F)(F)F)c2)n1,CHEMBL3651608,6.628932137728263,6.628932137728263,1
COC(=O)N[C@@H](C)CNc1nccc(-c2nc(C(C)(C)C)[nH]c2-c2cc(Cl)cc(NS(=O)(=O)C3CC3)c2)n1,CHEMBL3651610,10.0,10.0,1
COC(=O)N[C@@H](C)CNc1nccc(-c2nc(C(C)(C)C)[nH]c2-c2cc(Cl)cc(NS(=O)(=O)C3CC3)c2C)n1,CHEMBL3651618,6.690369832574101,6.690369832574101,1
COC(=O)N[C@@H](C)CNc1nccc(-c2nc(C(C)(C)C)[nH]c2-c2cc(Cl)cc(NS(=O)(=O)CC(C)C)c2)n1,CHEMBL3651611,9.522878745280337,9.522878745280337,1
COC(=O)N[C@@H](C)CNc1nccc(-c2nc(C(C)(C)C)[nH]c2-c2cc(Cl)cc(NS(C)(=O)=O)c2)n1,CHEMBL3651607,9.494850021680094,9.494850021680094,1
COC(=O)N[C@@H](C)CNc1nccc(-c2nc(C(C)(C)C)[nH]c2-c2cc(Cl)cc(NS(C)(=O)=O)c2F)n1,CHEMBL3651639,9.55284196865778,9.55284196865778,1
COC(=O)N[C@@H](C)CNc1nccc(-c2nc(C(C)(C)C)[nH]c2-c2cc(F)cc(NS(C)(=O)=O)c2Cl)n1,CHEMBL3651637,9.0,9.0,1
COC(=O)N[C@@H](C)CNc1nccc(-c2nc(C(C)(C)C)[nH]c2-c2cc(NS(=O)(=O)C(C)C)c(C)c(OC)c2)n1,CHEMBL3651615,6.723538195826755,6.723538195826755,1
COC(=O)N[C@@H](C)CNc1nccc(-c2nc(C(C)(C)C)[nH]c2-c2cc(NS(=O)(=O)C(C)C)cc(OC(F)F)c2)n1,CHEMBL3651620,7.950781977329818,7.950781977329818,1
COC(=O)N[C@@H](C)CNc1nccc(-c2nc(C(C)(C)C)[nH]c2-c2cc(NS(=O)(=O)C3CC3)c(C)c(OC)c2)n1,CHEMBL3651616,6.804100347590767,6.804100347590767,1
COC(=O)N[C@@H](C)CNc1nccc(-c2nc(C(C)(C)C)[nH]c2-c2cccc(NS(=O)(=O)C(C)C)c2F)n1,CHEMBL3651686,9.10790539730952,9.10790539730952,1
COC(=O)N[C@@H](C)CNc1nccc(-c2nc(C(C)(C)C)[nH]c2-c2cccc(NS(=O)(=O)C3CC3)c2F)n1,CHEMBL3651684,9.568636235841012,9.568636235841012,1
COC(=O)N[C@@H](C)CNc1nccc(-c2nc(C(C)(C)C)[nH]c2-c2cccc(NS(=O)(=O)CCC(F)(F)F)c2F)n1,CHEMBL3651699,8.96657624451305,8.96657624451305,1
COC(=O)N[C@@H](C)CNc1nccc(-c2nc(C(C)(C)C)[nH]c2-c2cccc(NS(C)(=O)=O)c2)n1,CHEMBL3651622,7.462180904926726,7.462180904926726,1
COC(=O)N[C@@H](C)CNc1nccc(-c2nc(C(C)(C)C)[nH]c2-c2cccc(NS(C)(=O)=O)c2F)n1,CHEMBL3651685,9.214670164989233,9.214670164989233,1
COC(=O)N[C@@H](C)CNc1nccc(-c2nc(C3(C)CC3)[nH]c2-c2cc(C)cc(NS(C)(=O)=O)c2F)n1,CHEMBL3651643,9.0,9.0,1
COC(=O)N[C@@H](C)CNc1nccc(-c2nc(C3(C)CC3)[nH]c2-c2cc(Cl)cc(NS(C)(=O)=O)c2F)n1,CHEMBL3651642,9.0,9.0,1
COC(=O)N[C@@H](C)CNc1nccc(-c2nc(C3(C)CC3)[nH]c2-c2cccc(NS(C)(=O)=O)c2Cl)n1,CHEMBL3651645,9.0,9.0,1
COC(=O)N[C@@H](C)CNc1nccc(-c2nc(C3CC3)[nH]c2-c2c(F)ccc(NS(C)(=O)=O)c2Cl)n1,CHEMBL3651688,8.301029995663981,8.301029995663981,1
COC(=O)N[C@@H](C)CNc1nccc(-c2nc(C3CC3)[nH]c2-c2cc(C)cc(NS(=O)(=O)C(C)C)c2)n1,CHEMBL3651698,9.017728766960431,9.017728766960431,1
COC(=O)N[C@@H](C)CNc1nccc(-c2nc(C3CC3)[nH]c2-c2cc(C)cc(NS(=O)(=O)CC(F)(F)F)c2F)n1,CHEMBL3651671,9.602059991327963,9.602059991327963,1
COC(=O)N[C@@H](C)CNc1nccc(-c2nc(C3CC3)[nH]c2-c2cc(C)cc(NS(C)(=O)=O)c2Cl)n1,CHEMBL3651632,8.958607314841775,8.958607314841775,1
COC(=O)N[C@@H](C)CNc1nccc(-c2nc(C3CC3)[nH]c2-c2cc(C)cc(NS(C)(=O)=O)c2F)n1,CHEMBL3651606,9.698970004336019,9.698970004336019,1
COC(=O)N[C@@H](C)CNc1nccc(-c2nc(C3CC3)[nH]c2-c2cc(Cl)cc(NS(=O)(=O)C(C)C)c2)n1,CHEMBL3651617,9.200659450546418,9.200659450546418,1
COC(=O)N[C@@H](C)CNc1nccc(-c2nc(C3CC3)[nH]c2-c2cc(Cl)cc(NS(=O)(=O)C3CC3)c2F)n1,CHEMBL3651629,9.744727494896694,9.744727494896694,1
COC(=O)N[C@@H](C)CNc1nccc(-c2nc(C3CC3)[nH]c2-c2cc(Cl)cc(NS(=O)(=O)CC3CC3)c2F)n1,CHEMBL3651633,9.585026652029182,9.585026652029182,1
COC(=O)N[C@@H](C)CNc1nccc(-c2nc(C3CC3)[nH]c2-c2cc(Cl)cc(NS(=O)(=O)CCC(F)(F)F)c2F)n1,CHEMBL3651631,9.221848749616356,9.221848749616356,1
COC(=O)N[C@@H](C)CNc1nccc(-c2nc(C3CC3)[nH]c2-c2cc(Cl)cc(NS(=O)(=O)c3cc(F)cc(F)c3)c2F)n1,CHEMBL3651669,9.431798275933005,9.431798275933005,1
COC(=O)N[C@@H](C)CNc1nccc(-c2nc(C3CC3)[nH]c2-c2cc(Cl)cc(NS(=O)(=O)c3ccc(C(F)(F)F)cc3)c2F)n1,CHEMBL3651670,8.154901959985743,8.154901959985743,1
COC(=O)N[C@@H](C)CNc1nccc(-c2nc(C3CC3)[nH]c2-c2cc(Cl)cc(NS(=O)(=O)c3ccc(F)cc3)c2F)n1,CHEMBL3651653,9.0,9.0,1
COC(=O)N[C@@H](C)CNc1nccc(-c2nc(C3CC3)[nH]c2-c2cc(Cl)cc(NS(=O)(=O)c3cccc(F)c3)c2F)n1,CHEMBL3651654,9.481486060122112,9.481486060122112,1
COC(=O)N[C@@H](C)CNc1nccc(-c2nc(C3CC3)[nH]c2-c2cc(Cl)cc(NS(C)(=O)=O)c2)n1,CHEMBL3651623,9.318758762624412,9.318758762624412,1
COC(=O)N[C@@H](C)CNc1nccc(-c2nc(C3CC3)[nH]c2-c2cc(Cl)cc(NS(C)(=O)=O)c2Cl)n1,CHEMBL3651628,9.744727494896694,9.744727494896694,1
COC(=O)N[C@@H](C)CNc1nccc(-c2nc(C3CC3)[nH]c2-c2cc(F)cc(NS(=O)(=O)C3CC3)c2Cl)n1,CHEMBL3651635,9.522878745280337,9.522878745280337,1
COC(=O)N[C@@H](C)CNc1nccc(-c2nc(C3CC3)[nH]c2-c2cc(F)cc(NS(=O)(=O)c3c(F)cccc3F)c2Cl)n1,CHEMBL3651665,10.0,10.0,1
COC(=O)N[C@@H](C)CNc1nccc(-c2nc(C3CC3)[nH]c2-c2cc(F)cc(NS(C)(=O)=O)c2Cl)n1,CHEMBL3651706,9.397940008672037,9.397940008672037,1
COC(=O)N[C@@H](C)CNc1nccc(-c2nc(C3CC3)[nH]c2-c2cc(F)cc(NS(C)(=O)=O)c2F)n1,CHEMBL3651626,9.698970004336019,9.698970004336019,1
COC(=O)N[C@@H](C)CNc1nccc(-c2nc(C3CC3)[nH]c2-c2cccc(NS(C)(=O)=O)c2)n1,CHEMBL3651705,8.096910013008056,8.096910013008056,1
COC(=O)N[C@@H](C)CNc1nccc(-c2nc(C3CC3)[nH]c2-c2cccc(NS(C)(=O)=O)c2Cl)n1,CHEMBL3651624,9.327902142064282,9.327902142064282,1
COC(=O)N[C@@H](C)CNc1nccc(-c2nc(C3CC3)[nH]c2-c2cccc(NS(C)(=O)=O)c2F)n1,CHEMBL3651625,9.259637310505756,9.259637310505756,1
COC(=O)N[C@@H](C)CNc1nccc(-c2nc(C3CCC3)[nH]c2-c2cc(Cl)cc(NS(C)(=O)=O)c2F)n1,CHEMBL3651676,9.638272163982407,9.638272163982407,1
COC(=O)N[C@@H](C)CNc1nccc(-c2nc(C3CCC3)[nH]c2-c2cc(F)cc(NS(C)(=O)=O)c2Cl)n1,CHEMBL3651677,9.0,9.0,1
COC(=O)N[C@@H](C)CNc1nccc(C2=C(c3cc(Cl)cc(NS(=O)(=O)c4cc(F)ccc4F)c3F)C(=O)C(C)(C)O2)n1,CHEMBL3979489,7.301029995663981,7.301029995663981,1
COC(=O)N[C@@H](C)CNc1nccc(C2=C(c3cccc(NS(=O)(=O)c4c(F)cccc4F)c3F)C(=O)C(C)(C)O2)n1,CHEMBL3964998,7.013228265733755,7.013228265733755,1
COC(=O)N[C@@H](C)CNc1nccc(C2=C(c3cccc(NS(=O)(=O)c4c(F)cccc4F)c3F)C(=O)C(C)(CC(C)C)O2)n1,CHEMBL3927117,7.568636235841012,7.568636235841012,1
COC(=O)N[C@H](C)CNc1nccc(-c2cn(C(C)C)nc2-c2cc(Cl)cc(NS(C)(=O)=O)c2F)n1,CHEMBL3939997,9.096910013008056,8.93990867083767,6
COC(=O)N[C@H](C)CNc1nccc(-c2nc(C3CC3)[nH]c2-c2cc(F)cc(NS(C)(=O)=O)c2Cl)n1,CHEMBL3651652,7.958607314841775,7.958607314841775,1
COC(=O)Nc1nc2cc(C(=O)c3ccccc3C(=O)NNc3ccccc3)ccc2[nH]1,CHEMBL3921291,7.0,7.0,1
COC(=O)Nc1nc2cc(C(=O)c3ccccc3C(=O)OCc3ccccc3)ccc2[nH]1,CHEMBL3906103,7.0,7.0,1
COC(=O)Nc1nc2cc(C(=O)c3ccccc3NC(=O)Nc3ccccc3)ccc2[nH]1,CHEMBL3981288,7.0,7.0,1
COC(=O)Nc1nc2cc(C(=O)c3ccccc3NC(=O)OCc3ccccc3)ccc2[nH]1,CHEMBL3924015,6.0,6.0,1
COC(=O)Nc1nc2cc(C3(O)c4ccccc4C(=O)N3C(C)c3cc(Cl)ccc3C)ccc2[nH]1,CHEMBL3922597,6.0,6.0,1
COC(=O)Nc1nc2cc(C3(O)c4ccccc4C(=O)N3C(C)c3cc(F)cc(F)c3)ccc2[nH]1,CHEMBL3968487,6.0,6.0,1
COC(=O)Nc1nc2cc(C3(O)c4ccccc4C(=O)N3C(C)c3cccc(C(F)(F)F)c3)ccc2[nH]1,CHEMBL3936484,6.0,6.0,1
COC(=O)Nc1nc2cc(C3(O)c4ccccc4C(=O)N3C(C)c3cccc(Cl)c3C)ccc2[nH]1,CHEMBL3926152,6.0,6.0,1
COC(=O)Nc1nc2cc(C3(O)c4ccccc4C(=O)N3C(C)c3ccccc3F)ccc2[nH]1,CHEMBL3901021,6.0,6.0,1
COC(=O)Nc1nc2cc(C3(O)c4ccccc4C(=O)N3C(C)c3sccc3Cl)ccc2[nH]1,CHEMBL3930091,6.0,6.0,1
COC(=O)Nc1nc2cc(C3(O)c4ccccc4C(=O)N3CC(C)(C)C)ccc2[nH]1,CHEMBL3909114,6.0,6.0,1
COC(=O)Nc1nc2cc(C3(O)c4ccccc4C(=O)N3CC(C)C)ccc2[nH]1,CHEMBL3955234,7.0,7.0,1
COC(=O)Nc1nc2cc(C3(O)c4ccccc4C(=O)N3CC3CC3)ccc2[nH]1,CHEMBL3955283,7.0,7.0,1
COC(=O)Nc1nc2cc(C3(O)c4ccccc4C(=O)N3CC3CCCN3)ccc2[nH]1,CHEMBL3981965,6.0,6.0,1
COC(=O)Nc1nc2cc(C3(O)c4ccccc4C(=O)N3CC3CCCO3)ccc2[nH]1,CHEMBL3979587,7.0,7.0,1
COC(=O)Nc1nc2cc(C3(O)c4ccccc4C(=O)N3CC3CCNC3)ccc2[nH]1,CHEMBL3909916,6.0,6.0,1
COC(=O)Nc1nc2cc(C3(O)c4ccccc4C(=O)N3CCc3ccccc3)ccc2[nH]1,CHEMBL3944184,6.0,6.0,1
COC(=O)Nc1nc2cc(C3(O)c4ccccc4C(=O)N3Cc3ccc(C)cc3)ccc2[nH]1,CHEMBL3977083,6.0,6.0,1
COC(=O)Nc1nc2cc(C3(O)c4ccccc4C(=O)N3Cc3cccc(I)c3)ccc2[nH]1,CHEMBL3947973,7.0,7.0,1
COC(=O)Nc1nc2cc(C3(O)c4ccccc4C(=O)N3Cc3cccc(OC)c3)ccc2[nH]1,CHEMBL3962041,7.0,7.0,1
COC(=O)Nc1nc2cc(C3(O)c4ccccc4C(=O)N3Cc3ccccc3Br)ccc2[nH]1,CHEMBL3938682,7.0,7.0,1
COC(=O)Nc1nc2cc(C3(O)c4ccccc4C(=O)N3Cc3ccccc3Cl)ccc2[nH]1,CHEMBL3897867,7.0,7.0,1
COC(=O)Nc1nc2cc(C3(O)c4ccccc4C(=O)N3Cc3ccccc3OC)ccc2[nH]1,CHEMBL3959318,6.0,6.0,1
COC(=O)Nc1nc2cc(C3(O)c4ccccc4C(=O)N3Cc3ccccn3)ccc2[nH]1,CHEMBL3984011,7.0,7.0,1
COC(=O)Nc1nc2cc(C3(O)c4ccccc4C(=O)N3Cc3cccnc3)ccc2[nH]1,CHEMBL3917641,7.0,7.0,1
COC(=O)Nc1nc2cc(C3(O)c4ccccc4C(=O)N3Cc3nccs3)ccc2[nH]1,CHEMBL3946440,7.0,7.0,1
COC(=O)Nc1nc2cc(C3(O)c4ccccc4C(=O)N3S(=O)(=O)c3ccccc3)ccc2[nH]1,CHEMBL3983778,6.0,6.0,1
COC(=O)Nc1nc2cc(C3(O)c4ccccc4C(=O)N3[C@@H](C)C(=O)OC3CCCCC3)ccc2[nH]1,CHEMBL3982369,6.0,6.0,1
COC(=O)Nc1nc2cc(C3(O)c4ccccc4C(=O)N3[C@@H](C)c3ccccc3)ccc2[nH]1,CHEMBL3909936,6.0,6.0,1
COC(=O)Nc1nc2cc(C3(O)c4ccccc4C(=O)N3c3c(Cl)ccc(I)c3C)ccc2[nH]1,CHEMBL3904708,7.0,7.0,1
COC(=O)Nc1nc2cc(C3(O)c4ccccc4C(=O)N3c3cc(Cl)c(F)c(Cl)c3)ccc2[nH]1,CHEMBL3950764,6.0,6.0,1
COC(=O)Nc1nc2cc(C3(O)c4ccccc4C(=O)N3c3cc(Cl)ccc3C)ccc2[nH]1,CHEMBL3545027,6.9604093769761874,6.9604093769761874,2
COC(=O)Nc1nc2cc(C3(O)c4ccccc4C(=O)N3c3cc(F)cc(F)c3)ccc2[nH]1,CHEMBL3980198,7.0,7.0,1
COC(=O)Nc1nc2cc(C3(O)c4ccccc4C(=O)N3c3ccc(Br)cc3)ccc2[nH]1,CHEMBL3966378,7.0,7.0,1
COC(=O)Nc1nc2cc(C3(O)c4ccccc4C(=O)N3c3ccc(C)cc3)ccc2[nH]1,CHEMBL3943723,7.0,7.0,1
COC(=O)Nc1nc2cc(C3(O)c4ccccc4C(=O)N3c3ccc(OC)cc3)ccc2[nH]1,CHEMBL3900630,6.0,6.0,1
COC(=O)Nc1nc2cc(C3(O)c4ccccc4C(=O)N3c3cccc(-c4ccccc4)c3)ccc2[nH]1,CHEMBL3893926,6.0,6.0,1
COC(=O)Nc1nc2cc(C3(O)c4ccccc4C(=O)N3c3cccc(C#N)c3)ccc2[nH]1,CHEMBL3904984,7.0,7.0,1
COC(=O)Nc1nc2cc(C3(O)c4ccccc4C(=O)N3c3cccc(C(=O)c4ccccc4)c3)ccc2[nH]1,CHEMBL3965978,6.0,6.0,1
COC(=O)Nc1nc2cc(C3(O)c4ccccc4C(=O)N3c3cccc(C4CCNCC4)c3)ccc2[nH]1,CHEMBL3954219,7.0,7.0,1
COC(=O)Nc1nc2cc(C3(O)c4ccccc4C(=O)N3c3cccc(CN(C)C)c3)ccc2[nH]1,CHEMBL3960844,7.0,7.0,1
COC(=O)Nc1nc2cc(C3(O)c4ccccc4C(=O)N3c3cccc(N4CCCC4)c3)ccc2[nH]1,CHEMBL3978077,6.0,6.0,1
COC(=O)Nc1nc2cc(C3(O)c4ccccc4C(=O)N3c3cccc(N4CCOCC4)c3)ccc2[nH]1,CHEMBL3959882,6.0,6.0,1
COC(=O)Nc1nc2cc(C3(O)c4ccccc4C(=O)N3c3cccc(Nc4ccccc4)c3)ccc2[nH]1,CHEMBL3897377,7.0,7.0,1
COC(=O)Nc1nc2cc(C3(O)c4ccccc4C(=O)N3c3cccc(OC(F)(F)C(F)F)c3)ccc2[nH]1,CHEMBL3979533,6.0,6.0,1
COC(=O)Nc1nc2cc(C3(O)c4ccccc4C(=O)N3c3cccc(OCCN(C)C)c3)ccc2[nH]1,CHEMBL3917344,6.0,6.0,1
COC(=O)Nc1nc2cc(C3(O)c4ccccc4C(=O)N3c3cccc(OCc4ccccc4)c3)ccc2[nH]1,CHEMBL3893012,7.0,7.0,1
COC(=O)Nc1nc2cc(C3(O)c4ccccc4C(=O)N3c3cccc(S(C)(=O)=O)c3)ccc2[nH]1,CHEMBL3931030,7.0,7.0,1
COC(=O)Nc1nc2cc(C3(O)c4ccccc4C(=O)N3c3cccc(S(N)(=O)=O)c3)ccc2[nH]1,CHEMBL3904626,7.0,7.0,1
COC(=O)Nc1nc2cc(C3(O)c4ccccc4C(=O)N3c3cccnc3)ccc2[nH]1,CHEMBL3900110,7.0,7.0,1
COC(=O)Nc1nc2ccc(C(=O)c3ccccc3NC(=O)c3ccccc3)cc2[nH]1,CHEMBL3926327,6.0,6.0,1
COC(=O)Nc1nc2ccc(C3(O)C4=CC(Cl)(Cl)CC=C4C(=O)N3c3cccc(Br)c3)cc2[nH]1,CHEMBL3909653,6.0,6.0,1
COC(=O)Nc1nc2ccc(C3(O)c4c(Cl)ccc(Cl)c4C(=O)N3c3cccc(Cl)c3F)cc2[nH]1,CHEMBL3970569,6.0,6.0,1
COC(=O)Nc1nc2ccc(C3(O)c4ccccc4C(=O)N3Cc3ccc(F)cc3)cc2[nH]1,CHEMBL3910201,7.0,7.0,1
COC(=O)Nc1nc2ccc(C3(O)c4ccccc4C(=O)N3c3ccccc3Oc3ccccc3)cc2[nH]1,CHEMBL3942857,7.0,7.0,1
COC(=O)Nc1nc2ccc(C3CCC(=O)N3c3cccc(Br)c3)cc2[nH]1,CHEMBL3891219,6.0,6.0,1
COC(=O)c1c(Oc2cccc(NC(=O)c3cccc(C(C)(C)C#N)c3)c2)ccc2nc(NC(=O)C3CC3)sc12,CHEMBL3125893,7.770303756120384,7.770303756120384,2
COC(=O)c1cc2cc(NCc3cc(NC(=O)c4cc(-n5cnc(C)c5)cc(C(F)(F)F)c4)ccc3C)cnc2[nH]1,CHEMBL3808884,8.0,8.0,1
COC(=O)c1ccccc1-c1ccc(/C=C/[N+](=O)[O-])o1,CHEMBL5269755,5.783932421121143,5.783932421121143,2
COC(=O)c1ccccc1-c1ccc(/C=C2/C(=O)NC(=S)N(c3ccc(C)cc3)C2=O)o1,CHEMBL2070580,5.782516055786093,5.782516055786093,1
COC(=O)c1cnn2c(-c3cccc(NC(=O)c4cccc(C(F)(F)F)c4)c3)ccnc12,CHEMBL549476,6.3872161432802645,6.3872161432802645,1
COC(=O)c1sccc1S(=O)(=O)Nc1ccc(F)c(Nc2ncccc2-c2ncnc3[nH]cnc23)c1F,CHEMBL3902214,5.823908740944319,5.823908740944319,1
COC(CNS(=O)(=O)c1ccc2[nH]c3c(C(N)=O)nccc3c2c1)OC,CHEMBL2047061,4.038341651362285,4.038341651362285,1
COCC(C)(C)COC(=O)Nc1nc2cc(C3(O)c4ccccc4C(=O)N3Cc3ccccc3)ccc2[nH]1,CHEMBL3932622,7.0,7.0,1
COCC(C)(C)c1cc(NC(=O)Nc2cccc(Oc3ncnc4cc(OC)c(OC)cc34)c2)no1,CHEMBL2029978,6.489454989793388,6.489454989793388,1
COCC(C)Nc1cncc(-c2cn(-c3cc(C(=O)Nc4cc(C(C)(C)C)on4)ccc3C)nn2)c1,CHEMBL3966207,7.508638306165727,7.508638306165727,1
COCCC(=O)N(C)c1ccc(Nc2ncc3cc(-c4ccncc4)ccc3n2)cc1,CHEMBL2335885,7.492420754369929,7.456619754161152,4
COCCC(=O)NC(C)c1ccc(Nc2ncc3cc(-c4ccncc4)ccc3n2)cc1,CHEMBL2335892,7.2733408299764815,7.2733408299764815,2
COCCC(=O)N[C@@H](C)c1ccc(Nc2ncc3cc(-c4ccncc4)ccc3n2)cc1,CHEMBL2335894,7.291198562418154,7.167676741520612,4
COCCC(=O)N[C@H](C)c1ccc(Nc2ncc3cc(-c4ccncc4)ccc3n2)cc1,CHEMBL2335893,7.568636235841012,7.4822615414366105,4
COCCC(=O)Nc1ccc(Nc2ncc3cc(-c4ccncc4)ccc3n2)cc1,CHEMBL2335887,6.821948810943301,6.662065606822263,4
COCCCN1CCN(c2cncc(-c3cn(-c4cc(C(=O)Nc5cc(C(C)(C)C)on5)ccc4C)nn3)c2)CC1,CHEMBL3897630,7.721246399047171,7.721246399047171,1
COCCCN1CCN(c2cncc(-c3cn(-c4cc(NC(=O)c5ccc(C(C)(C)C)o5)ccc4C)nn3)c2)CC1,CHEMBL3927546,9.0,9.0,1
COCCCN1CCN(c2cncc(-c3cn(-c4cc(NC(=O)c5ccc(C(C)(C)C)s5)ccc4C)nn3)c2)CC1,CHEMBL3931777,8.154901959985743,8.154901959985743,1
COCCCNC(=O)c1cc(CNc2ccccc2C(=O)Nc2ccc3c(c2)OC(F)(F)O3)ccn1,CHEMBL247030,5.987162775294828,5.987162775294828,1
COCCCNC(=O)c1cnn2c(-c3cccc(NC(=O)Nc4ccc(Cl)c(C(F)(F)F)c4)c3)ccnc12,CHEMBL558490,6.568636235841012,6.568636235841012,1
COCCCNS(=O)(=O)c1ccc2[nH]c3c(C(N)=O)nccc3c2c1,CHEMBL2047064,4.644931793651149,4.644931793651149,1
COCCCNc1cc(C2(C(=O)Nc3cc(C(=O)Nc4ccc(Cl)c(C(F)(F)F)c4)ccc3C)CC2)ncn1,CHEMBL4079029,7.446116973356125,7.446116973356125,1
COCCCNc1cc(CNc2ccccc2C(=O)Nc2ccc3c(c2)OC(F)(F)O3)ccn1,CHEMBL247591,6.806875401645538,6.806875401645538,1
COCCCOc1cc(C2(C(=O)Nc3cc(C(=O)Nc4ccc(Cl)c(C(F)(F)F)c4)ccc3C)CC2)ncn1,CHEMBL4072537,6.355561410532161,6.355561410532161,1
COCCN(C)Cc1ccc(Nc2ncc3cc(-c4ccncc4)ccc3n2)cc1,CHEMBL2335882,7.537602002101044,7.313370228034276,4
COCCN(C)c1cc(C(=O)Nc2ccc(C)c(-c3cc(N4CCOCC4)c(=O)n(C)c3)c2)ccn1,CHEMBL5902695,8.55284196865778,8.55284196865778,2
COCCN(C)c1ccc(Nc2ncc3cc(-c4ccncc4)ccc3n2)cc1,CHEMBL2335890,6.772350940864663,6.596856621318823,4
COCCN(C)c1cncc(-c2cn(-c3cc(C(=O)Nc4cc(C(C)(C)C)on4)ccc3C)nn2)c1,CHEMBL3972856,7.958607314841775,7.958607314841775,1
COCCN(C)c1cncc(-c2cn(-c3cc(C(=O)Nc4cc(C(F)(F)F)ccn4)ccc3C)nn2)c1,CHEMBL3916277,7.468521082957745,7.468521082957745,1
COCCN(C)c1ncc2ncnc(Nc3cc(C(=O)Nc4cc(C(C)(C)C)n[nH]4)ccc3C)c2n1,CHEMBL3641092,8.397940008672037,8.397940008672037,1
COCCN(C)c1ncc2ncnc(Nc3cc(C(=O)Nc4cc(C(C)(C)C)nn4C)ccc3C)c2n1,CHEMBL3641087,8.698970004336019,8.698970004336019,1
COCCN(C)c1ncc2ncnc(Nc3cc(C(=O)Nc4cc(C(C)(C)C)on4)ccc3C)c2n1,CHEMBL3641095,9.0,9.0,1
COCCN(C)c1ncc2ncnc(Nc3cc(C(=O)Nc4cc(C(C)(C)C)on4)ccc3Cl)c2n1,CHEMBL3694130,8.301029995663981,8.301029995663981,1
COCCN(C)c1ncc2ncnc(Nc3cc(C(=O)Nc4cc(C(C)(C)C)on4)ccc3F)c2n1,CHEMBL3694147,8.698970004336019,8.698970004336019,1
COCCN(C)c1ncc2ncnc(Nc3cc(C(=O)Nc4cc(C(C)(C)C)on4)ccc3OC)c2n1,CHEMBL3694143,8.221848749616356,8.221848749616356,1
COCCN(C)c1ncc2ncnc(Nc3cc(C(=O)Nc4cc(C(F)(F)F)ccn4)ccc3C)c2n1,CHEMBL3641093,8.698970004336019,8.698970004336019,1
COCCN(C)c1ncc2ncnc(Nc3cc(C(=O)Nc4cc(CN5CCCC5)cc(C(F)(F)F)c4)ccc3C)c2n1,CHEMBL3694160,8.698970004336019,8.698970004336019,1
COCCN(C)c1ncc2ncnc(Nc3cc(C(=O)Nc4cc(OCCN(C)C)cc(C(F)(F)F)c4)ccc3C)c2n1,CHEMBL3694203,8.698970004336019,8.698970004336019,1
COCCN(C)c1ncc2ncnc(Nc3cc(C(=O)Nc4ccc(N(C)CCN(C)C)c(C(F)(F)F)c4)ccc3C)c2n1,CHEMBL3694181,8.522878745280337,8.522878745280337,1
COCCN(C)c1ncc2ncnc(Nc3cc(C(=O)Nc4ccc(OC)c(C(F)(F)F)c4)ccc3C(F)(F)F)c2n1,CHEMBL3694105,7.1938200260161125,7.1938200260161125,1
COCCN(C)c1ncc2ncnc(Nc3cc(C(=O)Nc4ccc(OC)c(C(F)(F)F)c4)ccc3C)c2n1,CHEMBL3641094,9.0,9.0,1
COCCN(C)c1ncc2ncnc(Nc3cc(C(=O)Nc4ccc(OC)c(C(F)(F)F)c4)ccc3Cl)c2n1,CHEMBL3694067,8.698970004336019,8.698970004336019,1
COCCN(C)c1ncc2ncnc(Nc3cc(C(=O)Nc4ccc(OC)c(C(F)(F)F)c4)ccc3F)c2n1,CHEMBL3694093,8.698970004336019,8.698970004336019,1
COCCN(C)c1ncc2ncnc(Nc3cc(C(=O)Nc4ccc(OC)c(C(F)(F)F)c4)ccc3OC)c2n1,CHEMBL3694080,8.522878745280337,8.522878745280337,1
COCCN(C)c1ncc2ncnc(Nc3cc(C(=O)Nc4cccc(C(F)(F)F)c4)ccc3C)c2n1,CHEMBL3641088,8.698970004336019,8.698970004336019,1
COCCN1C(C)CN(c2cncc(-c3cn(-c4cc(C(=O)Nc5cc(C(C)(C)C)on5)ccc4C)nn3)c2)CC1C,CHEMBL3949133,7.537602002101044,7.537602002101044,1
COCCN1CCC(Cc2ccc3ncnc(Nc4cc(C(=O)Nc5cc(C(C)(C)C)cc(NS(C)(=O)=O)c5OC)ccc4C)c3n2)CC1,CHEMBL3659956,6.304518323509802,6.304518323509802,1
COCCN1CCC(Nc2ncc3ncnc(Nc4cc(C(=O)Nc5cc(C(C)(C)C)on5)ccc4C)c3n2)CC1,CHEMBL3641198,9.0,9.0,1
COCCN1CCC(c2ccc3ncnc(Nc4cc(C(=O)Nc5cc(C(C)(C)C)cc(NS(C)(=O)=O)c5OC)ccc4C)c3n2)C1,CHEMBL3659948,6.501689446210399,6.501689446210399,1
COCCN1CCC(c2ccc3ncnc(Nc4cc(C(=O)Nc5cc(C(C)(C)C)cc(NS(C)(=O)=O)c5OC)ccc4C)c3n2)CC1,CHEMBL3659943,6.3535962737769305,6.3535962737769305,1
COCCN1CCN(c2ccc3ncnc(Nc4cc(C(=O)Nc5cc(C(C)(C)C)cc(NS(C)(=O)=O)c5OC)ccc4C)c3n2)CC1,CHEMBL3659926,6.3223930472795065,6.3223930472795065,1
COCCN1CCN(c2ccc3ncnc(Nc4cc(C(=O)Nc5cc(C(C)(C)C)on5)ccc4C)c3n2)CC1,CHEMBL3659918,7.455931955649724,7.455931955649724,1
COCCN1CCN(c2ccc3ncnc(Nc4cc(C(=O)Nc5ccc(OC)c(C(F)(F)F)c5)ccc4C)c3n2)CC1,CHEMBL3659921,6.853871964321762,6.853871964321762,1
COCCN1CCN(c2ccc3ncnc(Nc4cc(NC(=O)c5cccc(C(C)(C)C#N)c5)ccc4C)c3n2)CC1,CHEMBL3659965,7.7447274948966935,7.7447274948966935,1
COCCN1CCN(c2ccc3ncnc(Sc4cc(C(=O)Nc5cc(C(C)(C)C)cc(NS(C)(=O)=O)c5OC)ccc4C)c3n2)CC1,CHEMBL3659962,5.791289980093599,5.791289980093599,1
COCCN1CCN(c2ccc3ncnc(Sc4cc(C(=O)Nc5cc(C(C)(C)C)on5)ccc4C)c3n2)CC1,CHEMBL3659961,6.570247719997592,6.570247719997592,1
COCCN1CCN(c2ccc3ncnc(Sc4cc(C(=O)Nc5cc(N6CCN(C)CC6)cc(C(F)(F)F)c5)ccc4C)c3n2)CC1,CHEMBL3659960,6.721246399047171,6.721246399047171,1
COCCN1CCN(c2ccc3ncnc(Sc4cc(C(=O)Nc5cccc(C(C)(C)C#N)c5)ccc4C)c3n2)CC1,CHEMBL3659959,6.583359492661719,6.583359492661719,1
COCCN1CCN(c2cncc(-c3cn(-c4cc(C(=O)Nc5cc(C(F)(F)F)ccn5)ccc4C)nn3)c2)CC1,CHEMBL3972461,7.958607314841775,7.958607314841775,1
COCCN1CCN(c2nc(N)c3ncnc(Nc4cc(C(=O)Nc5cc(C(C)(C)C)n[nH]5)ccc4C)c3n2)CC1,CHEMBL3689940,8.301029995663981,8.301029995663981,1
COCCN1CCN(c2ncc3ncnc(N(C)c4cc(C(=O)Nc5cc(C(C)(C)C)on5)ccc4C)c3n2)CC1,CHEMBL3641190,7.130768280269024,7.130768280269024,1
COCCN1CCN(c2ncc3ncnc(N(C)c4cc(C(=O)Nc5ccc(OC)c(C(F)(F)F)c5)ccc4C)c3n2)CC1,CHEMBL3641194,6.714442690992226,6.714442690992226,1
COCCN1CCN(c2ncc3ncnc(Nc4cc(C(=O)Nc5cc(-n6cnc(C)c6)cc(C(F)(F)F)c5)ccc4C)c3n2)CC1,CHEMBL3641117,8.096910013008056,8.096910013008056,1
COCCN1CCN(c2ncc3ncnc(Nc4cc(C(=O)Nc5cc(C(C)(C)C)cc(NS(C)(=O)=O)c5OC)ccc4C)c3n2)CC1,CHEMBL3641120,7.309803919971486,7.309803919971486,1
COCCN1CCN(c2ncc3ncnc(Nc4cc(C(=O)Nc5cc(C(C)(C)C)ccc5OC)ccc4C)c3n2)CC1,CHEMBL3641049,8.301029995663981,8.301029995663981,1
COCCN1CCN(c2ncc3ncnc(Nc4cc(C(=O)Nc5cc(C(C)(C)C)n[nH]5)ccc4C)c3n2)CC1,CHEMBL3641052,8.154901959985743,8.154901959985743,1
COCCN1CCN(c2ncc3ncnc(Nc4cc(C(=O)Nc5cc(C(C)(C)C)nn5C)ccc4C)c3n2)CC1,CHEMBL3641048,7.920818753952375,7.920818753952375,1
COCCN1CCN(c2ncc3ncnc(Nc4cc(C(=O)Nc5cc(C(C)(C)C)on5)ccc4C)c3n2)CC1,CHEMBL3641132,8.522878745280337,8.522878745280337,1
COCCN1CCN(c2ncc3ncnc(Nc4cc(C(=O)Nc5cc(C(C)(C)C)on5)ccc4F)c3n2)CC1,CHEMBL3697935,8.397940008672037,8.397940008672037,1
COCCN1CCN(c2ncc3ncnc(Nc4cc(C(=O)Nc5cc(C(F)(F)F)ccc5-n5cccn5)ccc4C)c3n2)CC1,CHEMBL3641153,8.0,8.0,1
COCCN1CCN(c2ncc3ncnc(Nc4cc(C(=O)Nc5cc(C(F)(F)F)ccc5-n5ccnn5)ccc4C)c3n2)CC1,CHEMBL3641152,7.920818753952375,7.920818753952375,1
COCCN1CCN(c2ncc3ncnc(Nc4cc(C(=O)Nc5cc(C(F)(F)F)ccc5C#N)ccc4C)c3n2)CC1,CHEMBL3641146,7.886056647693163,7.886056647693163,1
COCCN1CCN(c2ncc3ncnc(Nc4cc(C(=O)Nc5cc(C(F)(F)F)ccc5Cl)ccc4C)c3n2)CC1,CHEMBL3641148,8.221848749616356,8.221848749616356,1
COCCN1CCN(c2ncc3ncnc(Nc4cc(C(=O)Nc5cc(C(F)(F)F)ccc5N5CCOCC5)ccc4C)c3n2)CC1,CHEMBL3641149,6.97469413473523,6.97469413473523,1
COCCN1CCN(c2ncc3ncnc(Nc4cc(C(=O)Nc5cc(N6CCN(C)CC6)c(F)c(C(F)(F)F)c5)ccc4C)c3n2)CC1,CHEMBL3641116,7.6020599913279625,7.6020599913279625,1
COCCN1CCN(c2ncc3ncnc(Nc4cc(C(=O)Nc5cc(OC)cc(C(F)(F)F)c5)ccc4C)c3n2)CC1,CHEMBL3641150,8.397940008672037,8.397940008672037,1
COCCN1CCN(c2ncc3ncnc(Nc4cc(C(=O)Nc5ccc(C#N)c(C(F)(F)F)c5)ccc4C)c3n2)CC1,CHEMBL3641147,8.698970004336019,8.698970004336019,1
COCCN1CCN(c2ncc3ncnc(Nc4cc(C(=O)Nc5ccc(F)c(C(F)(F)F)c5)ccc4C)c3n2)CC1,CHEMBL3641151,9.0,9.0,1
COCCN1CCN(c2ncc3ncnc(Nc4cc(C(=O)Nc5ccc(OC)c(C(F)(F)F)c5)ccc4C)c3n2)CC1,CHEMBL3641054,8.698970004336019,8.698970004336019,1
COCCN1CCN(c2ncc3ncnc(Nc4cc(C(=O)Nc5ccc(OC)c(C(F)(F)F)c5)ccc4F)c3n2)CC1,CHEMBL3641029,8.698970004336019,8.698970004336019,1
COCCN1CCN(c2ncc3ncnc(Nc4cc(C(=O)Nc5ccc6c(c5)OC(F)(F)OC6(F)F)ccc4C)c3n2)CC1,CHEMBL3641212,8.154901959985743,8.154901959985743,1
COCCNC(=O)c1cc(CNc2ccccc2C(=O)Nc2ccc3c(c2)OC(F)(F)O3)ccn1,CHEMBL245805,6.3036436112666685,6.3036436112666685,1
COCCNC(=O)c1ccc(Nc2ncc3cc(-c4ccc(F)nc4)ccc3n2)cc1,CHEMBL2335873,5.267606240177031,5.268404105226635,3
COCCNC(=O)c1ccc(Nc2ncc3cc(-c4ccc(OC)nc4)ccc3n2)cc1,CHEMBL2335872,5.638272163982407,5.638847960995055,3
COCCNC(=O)c1ccc(Nc2ncc3cc(-c4ccccc4)ccc3n2)cc1,CHEMBL2335869,6.0376306643299795,5.883869532934986,4
COCCNC(=O)c1ccc(Nc2ncc3cc(-c4cccnc4)ccc3n2)cc1,CHEMBL2335870,6.220562614830345,5.9536695246289595,4
COCCNC(=O)c1ccc(Nc2ncc3cc(-c4ccnc(C)c4)ccc3n2)cc1,CHEMBL2335865,6.399027104313252,6.399350373999588,3
COCCNC(=O)c1ccc(Nc2ncc3cc(-c4ccncc4)ccc3n2)cc1,CHEMBL2335864,7.110026361596004,6.82178026073066,5
COCCNC(=O)c1ccc(Nc2ncc3cc(-c4ccncc4)ccc3n2)cc1C,CHEMBL2335876,6.920402953422224,6.804389154111637,4
COCCNC(=O)c1ccc(Nc2ncc3cc(-c4ccncc4)ccc3n2)cc1F,CHEMBL2335877,6.46344155742847,6.484930284666174,4
COCCNC(=O)c1ccc(Nc2ncc3cc(-c4ccncc4C)ccc3n2)cc1,CHEMBL2335867,6.8794260687941495,6.6641416631176655,4
COCCNC(=O)c1ccc(Nc2ncc3cc(-c4ccncc4Cl)ccc3n2)cc1,CHEMBL2335868,6.431484028539575,6.248727923814027,4
COCCNC(=O)c1ccc(Nc2ncc3cc(-c4ccncc4OC)ccc3n2)cc1,CHEMBL2335866,6.576754126063192,6.3695576155160065,4
COCCNC(=O)c1ccc(Nc2ncc3cc(-c4cnccc4C)ccc3n2)cc1,CHEMBL2335871,7.344441078668747,7.344441078668747,2
COCCNC(=O)c1ccc(Nc2ncc3cc(-c4cncnc4)ccc3n2)cc1,CHEMBL2335874,6.1095789811990855,5.880744093807412,4
COCCNC(=O)c1cccc(Nc2ncc3cc(-c4ccncc4)ccc3n2)c1,CHEMBL2335875,6.481486060122112,6.480991197041792,3
COCCNC(C)c1ccc(Nc2ncc3cc(-c4ccncc4)ccc3n2)cc1,CHEMBL2335891,7.365010161677338,7.365010161677338,2
COCCNCc1ccc(Nc2ncc3cc(-c4ccncc4)ccc3n2)cc1,CHEMBL2335881,6.61834591416965,6.6023306388213685,4
COCCNc1cc(C2(C(=O)Nc3cc(C(=O)Nc4ccc(Cl)c(C(F)(F)F)c4)ccc3C)CC2)ncn1,CHEMBL4095541,7.3655227298392685,7.3655227298392685,1
COCCNc1cc(CNc2ccccc2C(=O)Nc2ccc3c(c2)OC(F)(F)O3)ccn1,CHEMBL248860,6.982966660701219,6.982966660701219,1
COCCNc1cncc(-c2cn(-c3cc(C(=O)Nc4cc(C(C)(C)C)on4)ccc3C)nn2)c1,CHEMBL3955364,7.795880017344075,7.795880017344075,1
COCCNc1ncc2ncnc(Nc3cc(C(=O)Nc4cc(C(C)(C)C)on4)ccc3C)c2n1,CHEMBL3697901,9.0,9.0,1
COCCNc1ncc2ncnc(Nc3cc(C(=O)Nc4cc(CN5CCCC5)cc(C(F)(F)F)c4)ccc3C)c2n1,CHEMBL3694172,9.0,9.0,1
COCCNc1ncc2ncnc(Nc3cc(C(=O)Nc4cc(N(C)CCN(C)C)cc(C(F)(F)F)c4)ccc3C)c2n1,CHEMBL3694231,9.0,9.0,1
COCCNc1ncc2ncnc(Nc3cc(C(=O)Nc4cc(OCCN(C)C)cc(C(F)(F)F)c4)ccc3C)c2n1,CHEMBL3694213,9.0,9.0,1
COCCNc1nccc(C2=C(c3cc(Cl)cc(NS(=O)(=O)c4cc(F)ccc4F)c3F)C(=O)C(C)(C)O2)n1,CHEMBL3966137,7.301029995663981,7.301029995663981,1
COCCOCC(=O)Nc1ccc(-c2cnn3c(-c4cccc(NC(=O)c5cccc(C(F)(F)F)c5)c4)ccnc23)cc1,CHEMBL1076439,6.856985199745905,6.856985199745905,1
COCCOCC(=O)Nc1nc2ccc(Oc3ccc(F)c(NC(=O)Cc4cccc(C(F)(F)F)c4)c3)c(C#N)c2s1,CHEMBL4237480,8.24033215531037,8.24033215531037,1
COCCOc1cc(C2(C(=O)Nc3cc(C(=O)Nc4ccc(Cl)c(C(F)(F)F)c4)ccc3C)CC2)ncn1,CHEMBL4099453,6.600326278518962,6.600326278518962,1
COCCOc1cc2c(Oc3cccc(NC(=O)Nc4cc(C(C)(C)C)on4)c3)ncnc2cc1OC,CHEMBL1824289,7.229147988357855,7.229147988357855,1
COCCOc1cc2ncnc(Oc3ccc(NC(=O)Nc4cc(C(F)(F)F)ccc4F)cc3)c2c2c1OCCO2,CHEMBL4528373,6.560667306169737,6.560667306169737,1
COCCOc1cc2ncnc(Oc3ccc(NC(=O)Nc4ccc(Cl)c(C(F)(F)F)c4)cc3)c2c2c1OCCO2,CHEMBL5821626,5.560667306169737,5.560667306169737,1
COCCOc1cc2ncnc(Oc3cccc(NC(=O)Nc4cc(C(C)(C)C)on4)c3)c2cc1OC,CHEMBL1824295,7.0,7.0,1
COCCOc1ccc(Nc2ncc3cc(-c4ccncc4)ccc3n2)cc1,CHEMBL2335886,6.6777807052660805,6.512197218000297,4
COCCOc1cccc(N2C(=O)c3ccccc3C2(O)c2ccc3[nH]c(NC(=O)OC)nc3c2)c1,CHEMBL3924322,6.0,6.0,1
COCCOc1ncc(-c2cc(NC(=O)c3cccc(C(F)(F)F)c3)cnc2C)cc1N1CCOCC1,CHEMBL5741163,8.397940008672037,8.397940008672037,2
COCCOc1nnc(-c2cc(NC(=O)c3cc(C(F)(F)F)ccn3)ccc2C)cc1N1CCOCC1,CHEMBL5941988,9.301029995663981,9.301029995663981,2
COCCOc1nnc(-c2cc(NC(=O)c3ccnc(C(C)(C)C#N)c3)ccc2C)cc1N1CCOCC1,CHEMBL5943489,8.958607314841775,8.958607314841775,2
COCCOc1nnc(-c2cc(NC(=O)c3ccnc(C(C)(C)F)c3)ccc2C)cc1N1CCOCC1,CHEMBL5930265,9.096910013008056,9.096910013008056,2
COCCOc1nnc(-c2cc(NC(=O)c3ccnc(C(C)(F)F)c3)ccc2C)cc1N1CCOCC1,CHEMBL5837191,9.301029995663981,9.301029995663981,2
COCCOc1nnc(-c2cc(NC(=O)c3ccnc(C(F)F)c3)ccc2C)cc1N1CCOCC1,CHEMBL5826454,8.958607314841775,8.958607314841775,2
COCCS(=O)(=O)Nc1ccc(F)c(Nc2ccc3ncn(C)c(=O)c3c2C)c1Cl,CHEMBL5863201,6.684029654543082,6.684029654543082,2
COCCn1cc(-c2ccc3c(c2)CC/C3=N\O)c(-c2ccncc2)n1,CHEMBL496472,8.935542010773082,8.935542010773082,1
COC[C@@H](C)Oc1ncc(-c2cc(NC(=O)c3cccc(C(F)(F)F)c3)cnc2C)cc1N1CCOCC1,CHEMBL5871802,8.585026652029182,8.585026652029182,2
COC[C@@H]1CCCN1c1ncc2ncnc(Nc3cc(C(=O)Nc4cc(C(C)(C)C)on4)ccc3C)c2n1,CHEMBL3697905,8.522878745280337,8.522878745280337,1
COC[C@@H]1CCCN1c1ncc2ncnc(Nc3cc(C(=O)Nc4ccc(OC)c(C(F)(F)F)c4)ccc3C)c2n1,CHEMBL3641160,8.698970004336019,8.698970004336019,1
COC[C@@H]1C[C@H]2[C@@H]3CCc4cc(O)ccc4[C@H]3CC[C@]2(C)C1NN,CHEMBL5291404,6.375866198232677,6.375866198232677,2
CO[C@@H](C)COc1ncc(-c2cc(NC(=O)c3cccc(C(F)(F)F)c3)cnc2C)cc1N1CCOCC1,CHEMBL5918389,8.826813731587727,8.826813731587727,2
COc1c(CN2CCCC2)cc(C(F)(F)F)cc1NC(=O)c1ccc(C)c(Nc2ncnc3cnc(N4CCOCC4)nc23)c1,CHEMBL3641154,8.698970004336019,8.698970004336019,1
COc1c(CN2CCCC2)cc(C(F)(F)F)cc1NC(=O)c1ccc(C)c(Nc2ncnc3cnc(N4CC[C@H](F)C4)nc23)c1,CHEMBL3641156,7.823908740944319,7.823908740944319,1
COc1c(CNC(C)C)cc(C(F)(F)F)cc1NC(=O)c1ccc(C)c(Nc2ncnc3cnc(N4CCOCC4)nc23)c1,CHEMBL3641155,8.301029995663981,8.301029995663981,1
COc1c(CNC(C)C)cc(C(F)(F)F)cc1NC(=O)c1ccc(C)c(Nc2ncnc3cnc(N4CC[C@H](F)C4)nc23)c1,CHEMBL3641157,7.920818753952375,7.920818753952375,1
COc1c(NC(=O)Nc2ccc(-c3ccc(CN4CCOCC4)nc3)c3ccccc23)cc(C(C)(C)C)cc1NS(C)(=O)=O,CHEMBL451523,5.142667503568731,5.142667503568731,1
COc1c(NC(=O)c2ccc(C)c(Nc3ncnc4ccc(C)nc34)c2)cc(C(C)(C)C)cc1NS(C)(=O)=O,CHEMBL3659935,6.3655227298392685,6.3655227298392685,1
COc1c(NC(=O)c2ccc(C)c(Nc3ncnc4ccc(C5=CCN(C(C)C)CC5)nc34)c2)cc(C(C)(C)C)cc1NS(C)(=O)=O,CHEMBL3659936,6.530177984021837,6.530177984021837,1
COc1c(NC(=O)c2ccc(C)c(Nc3ncnc4ccc(C5=CCN(C)CC5)nc34)c2)cc(C(C)(C)C)cc1NS(C)(=O)=O,CHEMBL3659937,6.46344155742847,6.46344155742847,1
COc1c(NC(=O)c2ccc(C)c(Nc3ncnc4ccc(C5=CCNC5)nc34)c2)cc(C(C)(C)C)cc1NS(C)(=O)=O,CHEMBL3659945,6.549750891680639,6.549750891680639,1
COc1c(NC(=O)c2ccc(C)c(Nc3ncnc4ccc(C5=CCNCC5)nc34)c2)cc(C(C)(C)C)cc1NS(C)(=O)=O,CHEMBL3659934,6.995678626217357,6.995678626217357,1
COc1c(NC(=O)c2ccc(C)c(Nc3ncnc4ccc(C5CCCNC5)nc34)c2)cc(C(C)(C)C)cc1NS(C)(=O)=O,CHEMBL3659949,6.6401645176601125,6.6401645176601125,1
COc1c(NC(=O)c2ccc(C)c(Nc3ncnc4ccc(C5CCN(C(C)C)CC5)nc34)c2)cc(C(C)(C)C)cc1NS(C)(=O)=O,CHEMBL3659941,6.590066876668706,6.590066876668706,1
COc1c(NC(=O)c2ccc(C)c(Nc3ncnc4ccc(C5CCN(C)C5)nc34)c2)cc(C(C)(C)C)cc1NS(C)(=O)=O,CHEMBL3659947,6.543633966870956,6.543633966870956,1
COc1c(NC(=O)c2ccc(C)c(Nc3ncnc4ccc(C5CCN(C)CC5)nc34)c2)cc(C(C)(C)C)cc1NS(C)(=O)=O,CHEMBL3659939,6.821023052706831,6.821023052706831,1
COc1c(NC(=O)c2ccc(C)c(Nc3ncnc4ccc(C5CCN(CC6CC6)CC5)nc34)c2)cc(C(C)(C)C)cc1NS(C)(=O)=O,CHEMBL3659942,6.5406075122407685,6.5406075122407685,1
COc1c(NC(=O)c2ccc(C)c(Nc3ncnc4ccc(C5CCNC5)nc34)c2)cc(C(C)(C)C)cc1NS(C)(=O)=O,CHEMBL3659946,6.821023052706831,6.821023052706831,1
COc1c(NC(=O)c2ccc(C)c(Nc3ncnc4ccc(C5CCNCC5)nc34)c2)cc(C(C)(C)C)cc1NS(C)(=O)=O,CHEMBL3659938,7.154901959985743,7.154901959985743,1
COc1c(NC(=O)c2ccc(C)c(Nc3ncnc4ccc(CC5CCN(C(C)C)CC5)nc34)c2)cc(C(C)(C)C)cc1NS(C)(=O)=O,CHEMBL3659953,6.257274868695301,6.257274868695301,1
COc1c(NC(=O)c2ccc(C)c(Nc3ncnc4ccc(CC5CCN(C)CC5)nc34)c2)cc(C(C)(C)C)cc1NS(C)(=O)=O,CHEMBL3659951,6.438898616350944,6.438898616350944,1
COc1c(NC(=O)c2ccc(C)c(Nc3ncnc4ccc(CC5CCN(CC6CC6)CC5)nc34)c2)cc(C(C)(C)C)cc1NS(C)(=O)=O,CHEMBL3659954,6.297569463554474,6.297569463554474,1
COc1c(NC(=O)c2ccc(C)c(Nc3ncnc4ccc(CC5CCNCC5)nc34)c2)cc(C(C)(C)C)cc1NS(C)(=O)=O,CHEMBL3659944,6.769551078621726,6.769551078621726,1
COc1c(NC(=O)c2ccc(C)c(Nc3ncnc4ccc(CC5CNCCOC5)nc34)c2)cc(C(C)(C)C)cc1NS(C)(=O)=O,CHEMBL3659950,6.671620396561263,6.671620396561263,1
COc1c(NC(=O)c2ccc(C)c(Nc3ncnc4ccc(N(C)C5CCOC5)nc34)c2)cc(C(C)(C)C)cc1NS(C)(=O)=O,CHEMBL3659927,7.619788758288394,7.619788758288394,1
COc1c(NC(=O)c2ccc(C)c(Nc3ncnc4ccc(N5CCC(N6CCOCC6)C5)nc34)c2)cc(C(C)(C)C)cc1NS(C)(=O)=O,CHEMBL3659933,5.83654044823001,5.83654044823001,1
COc1c(NC(=O)c2ccc(C)c(Nc3ncnc4ccc(N5CCN(C)CC5)nc34)c2)cc(C(C)(C)C)cc1NS(C)(=O)=O,CHEMBL3659925,6.647817481888637,6.647817481888637,1
COc1c(NC(=O)c2ccc(C)c(Nc3ncnc4ccc(N5CCN(CCN6CCOCC6)CC5)nc34)c2)cc(C(C)(C)C)cc1NS(C)(=O)=O,CHEMBL3659932,6.195179321278838,6.195179321278838,1
COc1c(NC(=O)c2ccc(C)c(Nc3ncnc4ccc(N5CCOCC5)nc34)c2)cc(C(C)(C)C)cc1NS(C)(=O)=O,CHEMBL3659931,7.301029995663981,7.301029995663981,1
COc1c(NC(=O)c2ccc(C)c(Nc3ncnc4ccc(N5CC[C@@H](F)C5)nc34)c2)cc(C(C)(C)C)cc1NS(C)(=O)=O,CHEMBL3659929,7.6020599913279625,7.6020599913279625,1
COc1c(NC(=O)c2ccc(C)c(Nc3ncnc4ccc(NC5CCOC5)nc34)c2)cc(C(C)(C)C)cc1NS(C)(=O)=O,CHEMBL3659928,7.522878745280337,7.522878745280337,1
COc1c(NC(=O)c2ccc(C)c(Nc3ncnc4cnc(N(C)CCN(C)C)nc34)c2)cc(C(C)(C)C)cc1NS(C)(=O)=O,CHEMBL3697745,7.638272163982407,7.638272163982407,1
COc1c(NC(=O)c2ccc(C)c(Nc3ncnc4cnc(N5CCCC5)nc34)c2)cc(C(C)(C)C)cc1NS(C)(=O)=O,CHEMBL3639966,7.638272163982407,7.638272163982407,1
COc1c(NC(=O)c2ccc(C)c(Nc3ncnc4cnc(N5CCCCC5)nc34)c2)cc(C(C)(C)C)cc1NS(C)(=O)=O,CHEMBL3697882,7.3872161432802645,7.3872161432802645,1
COc1c(NC(=O)c2ccc(C)c(Nc3ncnc4cnc(N5CCCN(C)CC5)nc34)c2)cc(C(C)(C)C)cc1NS(C)(=O)=O,CHEMBL3697727,7.769551078621726,7.769551078621726,1
COc1c(NC(=O)c2ccc(C)c(Nc3ncnc4cnc(N5CCN(C)CC5)nc34)c2)cc(C(F)(F)F)cc1NS(C)(=O)=O,CHEMBL3697857,7.568636235841012,7.568636235841012,1
COc1c(NC(=O)c2ccc(C)c(Nc3ncnc4cnc(N5CCOCC5)nc34)c2)cc(C(C)(C)C)cc1NS(C)(=O)=O,CHEMBL3697867,7.958607314841775,7.958607314841775,1
COc1c(NC(=O)c2ccc(C)c(Nc3ncnc4cnc(N5CC[C@H](F)C5)nc34)c2)cc(C(C)(C)C)cc1NS(C)(=O)=O,CHEMBL3697840,7.769551078621726,7.769551078621726,1
COc1cc(-c2c(-c3ccncc3)nn3c(-c4ccc(N5CC6CCC(C5)N6C)cc4)ccnc23)ccc1Cl,CHEMBL1088288,8.013228265733755,8.013228265733755,1
COc1cc(-c2c(-c3ccncc3)nn3c(-c4ccc(N5C[C@@H]6C[C@H]5CN6)cc4)ccnc23)ccc1F,CHEMBL1079785,8.060480747381382,8.060480747381382,1
COc1cc(-c2c(-c3ccncc3)nn3c(-c4ccc(N5C[C@@H]6C[C@H]5CN6C)cc4)ccnc23)ccc1F,CHEMBL1080616,7.6777807052660805,7.6777807052660805,1
COc1cc(-c2c(-c3ccncc3)nn3c(-c4ccc(N5C[C@@H]6C[C@H]5CN6C)cc4C)ccnc23)ccc1F,CHEMBL1076233,9.0,9.0,1
COc1cc(-c2c(-c3ccncc3)nn3c(C4CC5CCC(C4)N5)ccnc23)ccc1Cl,CHEMBL583678,8.070581074285707,8.070581074285707,1
COc1cc(-c2cc(NC(=O)c3cccc(C(F)(F)F)c3)ccc2C)cc(C2COC2)c1,CHEMBL5907219,5.564155634015559,5.564155634015559,1
COc1cc(-c2cc(NC(=O)c3cccc(C(F)(F)F)c3)ccc2C)nc(N2CCOCC2)c1,CHEMBL3926287,8.659555885159882,8.725257374929539,5
COc1cc(-c2cc(NC(=O)c3cccc(C(F)(F)F)c3)cnc2C)cc(C2COC2)c1,CHEMBL5821063,5.162222230446266,5.162222230446266,1
COc1cc(-c2cc3c(Nc4cc(O)ccc4Cl)ncnc3cc2OC)ccc1O,CHEMBL3661227,7.359378747075792,7.359378747075792,2
COc1cc(-c2cc3c(Nc4ccc(C)c(O)c4)ncnc3cc2OC)ccc1O,CHEMBL3661226,6.515987701931717,6.515987701931717,2
COc1cc(-c2cc3c(Nc4cccc(O)c4)ncnc3cc2OC)ccc1O,CHEMBL3661218,7.043676446890842,7.043676446890842,2
COc1cc(-c2ccc3nccc(Nc4cc(NS(C)(=O)=O)ccc4F)c3c2)ccc1O,CHEMBL3661302,5.375890032774457,5.375890032774457,2
COc1cc(-c2ccc3nccc(Nc4cc(O)ccc4F)c3c2)ccc1O,CHEMBL3661277,7.71108756950988,7.71108756950988,2
COc1cc(-c2ccc3nccc(Nc4cccc(O)c4)c3c2)ccc1O,CHEMBL3661276,7.658026434624244,7.658026434624244,2
COc1cc(-c2ccc3nccc(Nc4cccc5[nH]ncc45)c3c2)ccc1O,CHEMBL3661279,6.72989321798775,6.72989321798775,2
COc1cc(-c2ccc3ncnc(Nc4c(F)ccc5[nH]ncc45)c3c2)ccc1O,CHEMBL3661307,6.51412800296771,6.51412800296771,2
COc1cc(-c2ccc3ncnc(Nc4c(F)cccc4F)c3c2)ccc1O,CHEMBL3661306,6.135122853705569,6.135122853705569,2
COc1cc(-c2ccc3ncnc(Nc4cc(NS(C)(=O)=O)ccc4F)c3c2)ccc1O,CHEMBL3661303,6.593700091748687,6.593700091748687,2
COc1cc(-c2ccc3ncnc(Nc4cc(O)c(C)cc4F)c3c2)ccc1O,CHEMBL3665857,7.164811660750097,7.164811660750097,2
COc1cc(-c2ccc3ncnc(Nc4cc(O)c(Cl)cc4Cl)c3c2)ccc1O,CHEMBL3661240,7.309714402495253,7.309714402495253,2
COc1cc(-c2ccc3ncnc(Nc4cc(O)c(Cl)cc4F)c3c2)ccc1O,CHEMBL3665860,7.830105397525875,7.830105397525875,2
COc1cc(-c2ccc3ncnc(Nc4cc(O)c(F)cc4F)c3c2)ccc1O,CHEMBL3665859,8.284479027332058,8.284479027332058,2
COc1cc(-c2ccc3ncnc(Nc4cc(O)ccc4C)c3c2)ccc1O,CHEMBL3661316,7.1856012572166446,7.1856012572166446,2
COc1cc(-c2ccc3ncnc(Nc4cc(O)ccc4Cl)c3c2)ccc1O,CHEMBL3661238,7.313401427437412,7.313401427437412,2
COc1cc(-c2ccc3ncnc(Nc4cc(O)ccc4F)c3c2)ccc1O,CHEMBL3661237,7.713843069538625,7.713843069538625,2
COc1cc(-c2ccc3ncnc(Nc4ccc(C(=O)O)cc4O)c3c2)ccc1O,CHEMBL3661220,6.27454051210132,6.27454051210132,2
COc1cc(-c2ccc3ncnc(Nc4ccc(C)c(O)c4)c3c2)ccc1O,CHEMBL3661217,6.712845436354721,6.712845436354721,2
COc1cc(-c2ccc3ncnc(Nc4ccc(C)cc4F)c3c2)ccc1O,CHEMBL3661207,6.198809342255316,6.198809342255316,2
COc1cc(-c2ccc3ncnc(Nc4ccc(Cl)c(O)c4)c3c2)ccc1O,CHEMBL3665858,7.498916969121746,7.498916969121746,2
COc1cc(-c2ccc3ncnc(Nc4ccc(Cl)cc4F)c3c2)ccc1O,CHEMBL3661206,6.089700571271933,6.089700571271933,2
COc1cc(-c2ccc3ncnc(Nc4ccc(Cl)cc4O)c3c2)ccc1O,CHEMBL3661211,5.90813381494644,5.90813381494644,2
COc1cc(-c2ccc3ncnc(Nc4ccc(F)c(Cl)c4)c3c2)ccc1O,CHEMBL3661204,5.97866657482026,5.97866657482026,2
COc1cc(-c2ccc3ncnc(Nc4ccc(F)c(O)c4)c3c2)ccc1O,CHEMBL3665862,7.701448718988091,7.701448718988091,2
COc1cc(-c2ccc3ncnc(Nc4ccc(F)c(O)c4F)c3c2)ccc1O,CHEMBL3665863,8.442194744162851,8.442194744162851,2
COc1cc(-c2ccc3ncnc(Nc4ccc(F)cc4)c3c2)ccc1O,CHEMBL3661205,5.963747117270238,5.963747117270238,2
COc1cc(-c2ccc3ncnc(Nc4ccc(F)cc4F)c3c2)ccc1O,CHEMBL3661210,6.276752130315609,6.276752130315609,2
COc1cc(-c2ccc3ncnc(Nc4ccc(O)cc4)c3c2)ccc1O,CHEMBL3661209,6.268237150912005,6.268237150912005,2
COc1cc(-c2ccc3ncnc(Nc4ccc(S(N)(=O)=O)cc4)c3c2)ccc1O,CHEMBL3661230,6.2221124721590755,6.2221124721590755,2
COc1cc(-c2ccc3ncnc(Nc4ccc5c(c4)OCO5)c3c2)ccc1O,CHEMBL3661224,6.165775054401447,6.165775054401447,2
COc1cc(-c2ccc3ncnc(Nc4ccc5cn[nH]c5c4)c3c2)ccc1O,CHEMBL3661225,5.914400141599788,5.914400141599788,2
COc1cc(-c2ccc3ncnc(Nc4ccc5nc[nH]c5c4)c3c2)ccc1O,CHEMBL3661235,6.165992506797313,6.165992506797313,2
COc1cc(-c2ccc3ncnc(Nc4ccc5nn[nH]c5c4)c3c2)ccc1O,CHEMBL3661244,6.01273015349703,6.01273015349703,2
COc1cc(-c2ccc3ncnc(Nc4cccc(C(F)(F)F)c4)c3c2)ccc1O,CHEMBL3661208,5.717904717412879,5.717904717412879,2
COc1cc(-c2ccc3ncnc(Nc4cccc(C(N)=O)c4)c3c2)ccc1O,CHEMBL3661221,6.51762347042741,6.51762347042741,2
COc1cc(-c2ccc3ncnc(Nc4cccc(F)c4)c3c2)ccc1O,CHEMBL3661233,6.258027850712677,6.258027850712677,2
COc1cc(-c2ccc3ncnc(Nc4cccc(N)c4)c3c2)ccc1O,CHEMBL3661223,6.156646981634802,6.156646981634802,2
COc1cc(-c2ccc3ncnc(Nc4cccc(NC(=O)C(F)(F)F)c4)c3c2)ccc1O,CHEMBL3661229,6.4322543036620345,6.4322543036620345,2
COc1cc(-c2ccc3ncnc(Nc4cccc(NC(C)=O)c4)c3c2)ccc1O,CHEMBL3661228,6.364313888982335,6.364313888982335,2
COc1cc(-c2ccc3ncnc(Nc4cccc(NS(C)(=O)=O)c4)c3c2)ccc1O,CHEMBL3661236,6.350612464505653,6.350612464505653,2
COc1cc(-c2ccc3ncnc(Nc4cccc(O)c4)c3c2)ccc1O,CHEMBL3661203,7.4735607274211855,7.4735607274211855,2
COc1cc(-c2ccc3ncnc(Nc4cccc(O)c4C)c3c2)ccc1O,CHEMBL3661234,6.795456653907522,6.795456653907522,2
COc1cc(-c2ccc3ncnc(Nc4cccc(O)c4Cl)c3c2)ccc1O,CHEMBL3661239,7.328443472577031,7.328443472577031,2
COc1cc(-c2ccc3ncnc(Nc4cccc(OC(F)F)c4)c3c2)ccc1O,CHEMBL3661292,6.270285450173235,6.270285450173235,2
COc1cc(-c2ccc3ncnc(Nc4cccc(S(N)(=O)=O)c4)c3c2)ccc1O,CHEMBL3661216,6.362926850637538,6.362926850637538,2
COc1cc(-c2ccc3ncnc(Nc4cccc([N+](=O)[O-])c4)c3c2)ccc1O,CHEMBL3661222,6.381547099028289,6.381547099028289,2
COc1cc(-c2ccc3ncnc(Nc4cccc5[nH]c(=O)[nH]c45)c3c2)ccc1O,CHEMBL3661301,6.007776581176867,6.007776581176867,2
COc1cc(-c2ccc3ncnc(Nc4cccc5[nH]nc(Cl)c45)c3c2)ccc1O,CHEMBL3661300,6.819423567452012,6.819423567452012,2
COc1cc(-c2ccc3ncnc(Nc4cccc5[nH]ncc45)c3c2)ccc1F,CHEMBL3661260,6.73769394398109,6.73769394398109,2
COc1cc(-c2ccc3ncnc(Nc4cccc5[nH]ncc45)c3c2)ccc1O,CHEMBL3661232,6.859567235555191,6.859567235555191,2
COc1cc(-c2ccc3ncnc(Nc4cccc5c4cnn5C)c3c2)ccc1O,CHEMBL3661275,6.396175371769509,6.396175371769509,2
COc1cc(-c2ccc3ncnc(Nc4cccc5nn[nH]c45)c3c2)ccc1O,CHEMBL3661259,6.164316351784278,6.164316351784278,2
COc1cc(-c2ccc3ncnc(Nc4ccccc4)c3c2)ccc1O,CHEMBL3661201,6.082471949139942,6.082471949139942,2
COc1cc(-c2ccc3ncnc(Nc4ccccc4C(N)=O)c3c2)ccc1O,CHEMBL3661219,5.90302340074899,5.90302340074899,2
COc1cc(-c2ccc3ncnc(Nc4ccccc4F)c3c2)ccc1O,CHEMBL3661293,6.231852571526504,6.231852571526504,2
COc1cc(-c2ccc3ncnc(Nc4ccccc4O)c3c2)ccc1O,CHEMBL3661213,6.299116266013192,6.299116266013192,2
COc1cc(-c2ccncc2)cc2cnc(Nc3ccc([C@@H](C)NC(C)=O)cc3)nc12,CHEMBL2335907,7.622062572163754,7.622062572163754,2
COc1cc(-c2nc3occn3c2-c2ccnc(NCCCNS(=O)(=O)c3ccc(Cl)cc3)n2)ccc1F,CHEMBL6058983,7.94692155651658,7.94692155651658,1
COc1cc(-c2nc3sccn3c2-c2ccnc(NCCCNS(=O)(=O)c3ccc(Cl)cc3)n2)ccc1F,CHEMBL5746950,8.723538195826755,8.723538195826755,1
COc1cc(-c2nc3sccn3c2-c2ccnc(NCCCNS(=O)(=O)c3ccc(F)cc3)n2)ccc1F,CHEMBL5878812,8.417704619904889,8.417704619904889,2
COc1cc(-c2nn(-c3ccc(NC(=O)CN4CCOCC4)cc3)cc2-c2ccncc2)ccc1Cl,CHEMBL5290203,7.3983094731154875,7.3983094731154875,2
COc1cc(-c2nn(C(C)C)cc2-c2ccnc(NC[C@H](C)O)n2)cnc1N,CHEMBL2207688,8.187086643357144,8.187086643357144,1
COc1cc(C(=O)N[C@@H]2[C@H]3Oc4ccc(Oc5ccnc6c5CCC(=O)N6)cc4[C@@H]23)ccc1CN1CCN(C)CC1,CHEMBL5987223,8.113509274827518,8.113509274827518,1
COc1cc(C(=O)Nc2cnc(C)c(-c3cc(N4CCOCC4)c(=O)n(C)c3)c2)ccc1F,CHEMBL3935937,7.673664139071248,7.675228861821867,5
COc1cc(C(=O)Nc2cnc(C)c(-c3ccnc(N4CCOCC4)c3)c2)ccc1F,CHEMBL3891470,7.590066876668706,7.588084590625885,5
COc1cc(C(Nc2ccccn2)c2cc(Cl)c3cccnc3c2O)cc(Br)c1O,CHEMBL2087787,5.83889035263304,5.83889035263304,2
COc1cc(C2=C(c3c[nH]c4ccccc34)C(=O)NC2=O)cc(OC)c1OC,CHEMBL201511,4.3979400086720375,4.3979400086720375,1
COc1cc(C2=C(c3cn(C)c4ccccc34)C(=O)NC2)cc(OC)c1OC,CHEMBL509435,4.301029995663981,4.301029995663981,1
COc1cc(C2=C(c3cn(COC(C)(C)C)c4ccccc34)CNC2=O)cc(OC)c1OC,CHEMBL488646,4.42021640338319,4.42021640338319,1
COc1cc(Cl)c(C(F)(F)F)cc1NC(=O)Nc1ccc(Oc2ccnc3[nH]c(=O)[nH]c23)cc1,CHEMBL490459,7.568636235841012,7.568636235841012,1
COc1cc(Cl)cc(-c2nn(-c3cccc(NC(=O)Nc4cc(C(F)(F)F)cc(C(F)(F)F)c4)c3)cc2-c2ccncc2)c1,CHEMBL4436746,6.4089353929735005,6.4089353929735005,2
COc1cc(Cl)cc(-c2nn(-c3cccc(NC(=O)Nc4ccc(Cl)c(C(F)(F)F)c4)c3)cc2-c2ccncc2)c1,CHEMBL4447379,6.723538195826755,6.723538195826755,1
COc1cc(Cl)cc(-c2nn(-c3cccc(NC(=O)Nc4ccc(Cl)c(Cl)c4)c3)cc2-c2ccncc2)c1,CHEMBL4576108,6.600326278518962,6.600326278518962,1
COc1cc(Cl)cc(-c2nn(-c3cccc(NC(=O)Nc4cccc(C(F)(F)F)c4)c3)cc2-c2ccncc2)c1,CHEMBL4468905,6.323306390375134,6.323306390375134,1
COc1cc(Cl)cc(-c2nn(-c3cccc(NC(=O)Nc4ccccc4)c3)cc2-c2ccncc2)c1,CHEMBL4574440,6.311580177997289,6.311580177997289,1
COc1cc(Cl)cc(-c2nn(-c3cccc(NC(=O)c4cc(C(F)(F)F)cc(C(F)(F)F)c4)c3)cc2-c2ccncc2)c1,CHEMBL4440853,5.130181792020672,5.130181792020672,1
COc1cc(Cl)cc(-c2nn(-c3cccc(NC(=O)c4ccc(Cl)c(Cl)c4)c3)cc2-c2ccncc2)c1,CHEMBL4449165,4.059483515067432,4.059483515067432,1
COc1cc(Cl)cc(-c2nn(-c3cccc(NC(=O)c4ccc(N5CCOCC5)c(C(F)(F)F)c4)c3)cc2-c2ccncc2)c1,CHEMBL4529383,6.458420756053419,6.458420756053419,1
COc1cc(Cl)cc(-c2nn(-c3cccc(NC(=O)c4cccc(C(F)(F)F)c4)c3)cc2-c2ccncc2)c1,CHEMBL4467214,6.795880017344075,6.795880017344075,1
COc1cc(Cl)cc(-c2nn(-c3cccc(NC(=O)c4ccccc4)c3)cc2-c2ccncc2)c1,CHEMBL4470705,5.432973633840939,5.432973633840939,1
COc1cc(N2CCC(N3CCN(S(C)(=O)=O)CC3)CC2)ccc1Nc1nccc(-c2c(-c3cccc(C(=O)Nc4c(F)cccc4F)c3)nc3ccccn23)n1,CHEMBL507714,7.096910013008056,7.096910013008056,1
COc1cc(NC(=O)N[C@@H]2[C@H]3Oc4ccc(Oc5ccnc6c5CCC(=O)N6)cc4[C@@H]23)c(Cl)cc1Cl,CHEMBL6006880,4.958607314841775,4.958607314841775,1
COc1cc(NC(=O)N[C@@H]2[C@H]3Oc4ccc(Oc5ccnc6c5CCC(=O)N6)cc4[C@@H]23)cc(OC)c1,CHEMBL5994544,5.823908740944319,5.823908740944319,1
COc1cc(NC(=O)N[C@@H]2[C@H]3Oc4ccc(Oc5ccnc6c5CCC(=O)N6)cc4[C@@H]23)ccn1,CHEMBL6065633,5.657577319177793,5.657577319177793,1
COc1cc(NC(=O)Nc2ccc(Cl)c(C(F)(F)F)c2)ccc1Oc1ccnc2[nH]c(=O)[nH]c12,CHEMBL496019,6.430848650916859,6.430848650916859,2
COc1cc(NC(=O)Nc2cccc(C(F)(F)F)c2)ccc1Oc1ccnc2[nH]c(=O)[nH]c12,CHEMBL496203,6.163766343465959,6.163766343465959,2
COc1cc(NC(=O)c2ccc(C)c(Nc3ncnc4c(N)nc(N5CCN(C)CC5)nc34)c2)cc(C(F)(F)F)c1,CHEMBL3694011,8.301029995663981,8.301029995663981,1
COc1cc(NC(=O)c2cccc(OC(F)(F)F)c2)cc(Oc2cccc3[nH]c(=O)[nH]c23)c1,CHEMBL589803,5.986855968988029,5.986855968988029,2
COc1cc(Nc2cncc(-c3ccc(C(N)=O)cc3)n2)cc(OC)c1OC,CHEMBL484307,5.950781977329818,5.950781977329818,1
COc1cc(Nc2cncc(-c3ccc(C=O)cc3)n2)cc(OC)c1OC,CHEMBL521480,5.522878745280337,5.522878745280337,1
COc1cc(Nc2cncc(-c3ccc(CO)cc3)n2)cc(OC)c1OC,CHEMBL524868,4.585026652029182,4.585026652029182,1
COc1cc(Nc2cncc(-c3ccc(NC(=O)Nc4ccccc4)cc3)n2)cc(OC)c1OC,CHEMBL484106,5.935542010773082,5.935542010773082,1
COc1cc(Nc2cncc(-c3ccc(O)cc3)n2)cc(OC)c1OC,CHEMBL500151,4.7447274948966935,4.7447274948966935,1
COc1cc(Nc2cncc(-c3cccc(C#N)c3)n2)cc(OC)c1OC,CHEMBL484107,5.008773924307505,5.008773924307505,1
COc1cc(Nc2cncc(-c3cccc(NC(C)=O)c3)c2)cc(OC)c1OC,CHEMBL483921,4.585026652029182,4.585026652029182,1
COc1cc(Nc2cncc(-c3cccc(NC(C)=O)c3)n2)cc(OC)c1,CHEMBL425577,5.568636235841012,5.568636235841012,1
COc1cc(Nc2cncc(-c3cccc(NC(C)=O)c3)n2)cc(OC)c1OC,CHEMBL200114,5.455931955649724,5.455931955649724,2
COc1cc(Nc2cncc(-c3cccc(O)c3)n2)cc(OC)c1OC,CHEMBL501736,5.3979400086720375,5.3979400086720375,1
COc1cc(Nc2cncc(-c3cccnc3)n2)cc(OC)c1OC,CHEMBL525079,4.657577319177793,4.657577319177793,1
COc1cc(Nc2cncc(-c3ccncc3)n2)cc(OC)c1OC,CHEMBL500142,5.537602002101044,5.537602002101044,1
COc1cc(Nc2cncc(Nc3ccc(F)cc3)n2)cc(OC)c1OC,CHEMBL484319,4.721246399047171,4.721246399047171,1
COc1cc(Nc2cncc(Nc3ccc(NC(C)=O)cc3)n2)cc(OC)c1OC,CHEMBL484114,4.795880017344075,4.795880017344075,1
COc1cc(Nc2cncc(Nc3ccc(O)cc3)n2)cc(OC)c1OC,CHEMBL484317,5.309803919971486,5.309803919971486,1
COc1cc(Nc2cncc(Nc3cccc(F)c3)n2)cc(OC)c1OC,CHEMBL520162,4.920818753952375,4.920818753952375,1
COc1cc(Nc2cncc(Nc3cccc(NC(C)=O)c3)n2)cc(OC)c1OC,CHEMBL484116,4.853871964321762,4.853871964321762,1
COc1cc(Nc2cncc(Nc3ccccc3)n2)cc(OC)c1OC,CHEMBL504906,4.795880017344075,4.795880017344075,1
COc1cc(Nc2cncc(Nc3ccncc3)n2)cc(OC)c1OC,CHEMBL484115,5.327902142064282,5.327902142064282,1
COc1cc(Nc2cncc(Oc3ccc(/C(C)=N/O)cc3)n2)cc(OC)c1OC,CHEMBL519648,4.585026652029182,4.585026652029182,1
COc1cc(Nc2cncc(Oc3ccc(C(C)=O)cc3)n2)cc(OC)c1OC,CHEMBL520625,4.468521082957745,4.468521082957745,1
COc1cc(Nc2cncc(Oc3ccc(NC(C)=O)c4ccccc34)n2)cc(OC)c1OC,CHEMBL483298,6.251811972993799,6.251811972993799,1
COc1cc(Nc2cncc(Oc3ccc(NC(C)=O)cc3)n2)cc(OC)c1OC,CHEMBL482928,5.259637310505756,5.259637310505756,1
COc1cc(Nc2cncc(Oc3ccc4c(c3)/C(=N/O)CC4)n2)cc(OC)c1OC,CHEMBL520632,4.0655015487564325,4.0655015487564325,1
COc1cc(Nc2cncc(Oc3ccc4c(c3)C(=O)CC4)n2)cc(OC)c1OC,CHEMBL483718,4.657577319177793,4.657577319177793,1
COc1cc(Nc2cncc(Oc3ccc4c(c3)CCC/C4=N\O)n2)cc(OC)c1OC,CHEMBL483297,4.036212172654444,4.036212172654444,1
COc1cc(Nc2cncc(Oc3ccc4c(c3)CCC4=O)n2)cc(OC)c1OC,CHEMBL521305,4.154901959985743,4.154901959985743,1
COc1cc(Nc2cncc(Oc3ccc4c(c3)CCCC4=O)n2)cc(OC)c1OC,CHEMBL483916,4.119186407719209,4.119186407719209,1
COc1cc(Nc2cncc(Oc3ccc4c(c3)OC(=O)CC4)n2)cc(OC)c1OC,CHEMBL482893,4.356547323513812,4.356547323513812,1
COc1cc(Nc2cncc(Oc3ccc4ncccc4c3)n2)cc(OC)c1OC,CHEMBL483914,4.5376020021010435,4.5376020021010435,1
COc1cc(Nc2cncc(Oc3cccc(/C(C)=N/O)c3)n2)cc(OC)c1OC,CHEMBL482932,4.958607314841775,4.958607314841775,1
COc1cc(Nc2cncc(Oc3cccc(C(C)=O)c3)n2)cc(OC)c1OC,CHEMBL482931,4.721246399047171,4.721246399047171,1
COc1cc(Nc2cncc(Oc3cccc(Cl)c3)n2)cc(OC)c1OC,CHEMBL482929,4.443697499232713,4.443697499232713,1
COc1cc(Nc2cncc(Oc3cccc(F)c3)n2)cc(OC)c1OC,CHEMBL520623,4.251811972993799,4.251811972993799,1
COc1cc(Nc2cncc(Oc3cccc(NC(C)=O)c3)n2)cc(OC)c1OC,CHEMBL482927,4.886056647693163,4.886056647693163,1
COc1cc(Nc2cncc(Oc3cccc4[nH]ccc34)n2)cc(OC)c1OC,CHEMBL483709,5.130768280269024,5.130768280269024,1
COc1cc(Nc2cncc(Oc3cccc4c(NC(C)=O)cccc34)n2)cc(OC)c1OC,CHEMBL524507,6.3872161432802645,6.3872161432802645,1
COc1cc(Nc2cncc(Oc3cccc4c3CC/C4=N\O)n2)cc(OC)c1OC,CHEMBL484096,5.853871964321762,5.853871964321762,1
COc1cc(Nc2cncc(Oc3cccc4c3CCC4=O)n2)cc(OC)c1OC,CHEMBL483717,4.7447274948966935,4.7447274948966935,1
COc1cc(Nc2cncc(Oc3cccc4c3CCCC4)n2)cc(OC)c1OC,CHEMBL484301,4.7447274948966935,4.7447274948966935,1
COc1cc(Nc2cncc(Oc3cccc4c3CCCC4=O)n2)cc(OC)c1OC,CHEMBL519992,4.5376020021010435,4.5376020021010435,1
COc1cc(Nc2cncc(Oc3cccc4ccccc34)n2)cc(OC)c1OC,CHEMBL484320,5.920818753952375,5.920818753952375,1
COc1cc(Nc2cncc(Oc3cccc4cnccc34)n2)cc(OC)c1OC,CHEMBL483915,5.42021640338319,5.42021640338319,1
COc1cc(Nc2cncc(Oc3cccc4ncccc34)n2)cc(OC)c1OC,CHEMBL482689,5.0,5.0,1
COc1cc(Nc2cncc(Oc3ccccc3)n2)cc(OC)c1OC,CHEMBL482482,4.508638306165727,4.508638306165727,1
COc1cc(Nc2cncc(Oc3ccccc3-c3ccccc3)n2)cc(OC)c1OC,CHEMBL482718,5.0,5.0,1
COc1cc(Nc2cncc(Oc3ccccc3F)n2)cc(OC)c1OC,CHEMBL482926,4.346787486224656,4.346787486224656,1
COc1cc(Nc2cncc(Oc3cccnc3)n2)cc(OC)c1OC,CHEMBL482680,4.346787486224656,4.346787486224656,1
COc1cc(Nc2cncc(Oc3ccnc4ccccc34)n2)cc(OC)c1OC,CHEMBL518975,5.823908740944319,5.823908740944319,1
COc1cc(Nc2cncc(Oc3ccncc3)n2)cc(OC)c1OC,CHEMBL501946,4.795880017344075,4.795880017344075,1
COc1cc(Nc2cncc(Sc3cccc4ccccc34)n2)cc(OC)c1OC,CHEMBL482681,5.008773924307505,5.008773924307505,1
COc1cc(Oc2ccnc3[nH]c(=O)[nH]c23)ccc1NC(=O)Nc1ccc(Cl)c(C(F)(F)F)c1,CHEMBL523229,6.97469413473523,6.97469413473523,1
COc1cc2c(Oc3cccc(NC(=O)Nc4cc(C(C)(C)C)on4)c3)ncnc2cc1O,CHEMBL1824293,6.958607314841775,6.958607314841775,1
COc1cc2c(Oc3cccc(NC(=O)Nc4cc(C(C)(C)C)on4)c3)ncnc2cc1OCCCN1CCOCC1,CHEMBL1824297,7.017728766960431,7.017728766960431,1
COc1cc2c(Oc3cccc(NC(=O)Nc4cc(C(C)(C)C)on4)c3)ncnc2cc1OCCN1CCOCC1,CHEMBL1824296,6.782516055786093,6.782516055786093,1
COc1cc2c(cnc3[nH]nc(C4CC4)c32)cc1-c1c(F)ccc(NS(=O)(=O)CCCF)c1Cl,CHEMBL3751896,8.154901959985743,8.154901959985743,1
COc1cc2c(cnc3[nH]nc(C4CC4)c32)cc1-c1c(F)ccc(NS(=O)(=O)CCCF)c1F,CHEMBL4294276,8.154901959985743,8.154901959985743,1
COc1cc2c(cnc3[nH]ncc32)cc1-c1c(F)ccc(NS(=O)(=O)CCCF)c1Cl,CHEMBL3752478,8.154901959985743,8.154901959985743,1
COc1cc2cc(Oc3ccc(NC(=O)Nc4ccc(Cl)c(C(F)(F)F)c4)cc3)c(C)nc2cc1OC,CHEMBL4100501,6.230587505531048,6.230587505531048,2
COc1cc2nc(Nc3ccc([C@@H](C)NC(C)=O)cc3)ncc2cc1-c1ccncc1,CHEMBL2335908,6.853871964321762,7.039953865870002,4
COc1cc2nccc(Oc3ccc4c(C(=O)Nc5ccc(Cl)cc5)cccc4c3)c2cc1OC,CHEMBL429743,7.3979400086720375,7.3979400086720375,1
COc1cc2ncnc(Nc3ccc(F)c(Cl)c3)c2cc1OCCCN1CCOCC1,CHEMBL939,5.110924374808178,5.110924374808178,2
COc1cc2ncnc(Nc3ccc(NC(=O)Nc4ccc(Cl)c(C(F)(F)F)c4)c(Cl)c3)c2c2c1OCCO2,CHEMBL6001367,6.560667306169737,6.560667306169737,1
COc1cc2ncnc(Nc3ccc(NC(=O)Nc4ccc(Cl)c(C(F)(F)F)c4)cc3)c2cc1OCCCN1CCOCC1,CHEMBL3133751,6.349518662599108,6.349518662599108,2
COc1cc2ncnc(Nc3cccc(NC(=O)Nc4cc(C(C)(C)C)on4)c3)c2cc1OC,CHEMBL1824068,7.086186147616283,7.086186147616283,1
COc1cc2ncnc(Nc3cccc(NC(=O)Nc4ccc(Cl)c(C(F)(F)F)c4)c3)c2cc1OCCCN1CCOCC1,CHEMBL3133752,6.917452062622891,6.917452062622891,2
COc1cc2ncnc(Nc3cccc(NC(=O)Nc4ccc(F)c(Cl)c4)c3)c2cc1OCCCN1CCOCC1,CHEMBL3133753,7.384137808335741,7.384137808335741,2
COc1cc2ncnc(Nc3cccc(NC(=O)Nc4cccc(C)c4)c3)c2cc1OCCCN1CCOCC1,CHEMBL3133754,7.09602963939225,7.09602963939225,2
COc1cc2ncnc(Nc3cccc(O)c3)c2cc1-c1ccc(N)cc1,CHEMBL3661246,7.184568515714909,7.184568515714909,2
COc1cc2ncnc(Nc3cccc(O)c3)c2cc1-c1ccc(O)cc1,CHEMBL3661231,7.201180923193723,7.201180923193723,2
COc1cc2ncnc(Oc3cc(NC(=O)Nc4cc(C(C)(C)C)on4)c(F)cc3F)c2cc1OC,CHEMBL1824286,6.94692155651658,6.94692155651658,1
COc1cc2ncnc(Oc3cc(NC(=O)Nc4cc(C(C)(C)C)on4)ccc3F)c2cc1OC,CHEMBL1824285,7.207608310501746,7.207608310501746,1
COc1cc2ncnc(Oc3ccc(Cl)c(NC(=O)Nc4cc(C(C)(C)C)on4)c3)c2cc1OC,CHEMBL1824080,6.6401645176601125,6.6401645176601125,1
COc1cc2ncnc(Oc3ccc(F)c(NC(=O)Nc4cc(C(C)(C)C)on4)c3)c2cc1OC,CHEMBL1824079,6.94692155651658,6.94692155651658,1
COc1cc2ncnc(Oc3ccc(NC(=O)Nc4cc(C(F)(F)F)ccc4F)cc3)c2c2c1OCCO2,CHEMBL4466426,6.560667306169737,6.560667306169737,1
COc1cc2ncnc(Oc3ccc(NC(=O)Nc4ccc(Cl)c(C(F)(F)F)c4)cc3)c2c2c1OCCO2,CHEMBL4514617,6.560667306169737,6.560667306169737,1
COc1cc2ncnc(Oc3ccc(NC(=O)Nc4cccc(C(F)(F)F)c4)cc3)c2cc1OC,CHEMBL4856992,7.200659450546418,7.200659450546418,1
COc1cc2ncnc(Oc3cccc(NC(=O)Nc4cc(-c5ccccc5)on4)c3)c2cc1OC,CHEMBL2029973,6.0195421077239,6.0195421077239,1
COc1cc2ncnc(Oc3cccc(NC(=O)Nc4cc(C(C)(C)C#N)no4)c3)c2cc1OC,CHEMBL2029985,6.478861916295964,6.478861916295964,1
COc1cc2ncnc(Oc3cccc(NC(=O)Nc4cc(C(C)(C)C(F)(F)F)nn4-c4ccccc4)c3)c2cc1OC,CHEMBL2029999,7.207608310501746,7.207608310501746,1
COc1cc2ncnc(Oc3cccc(NC(=O)Nc4cc(C(C)(C)C(F)(F)F)no4)c3)c2cc1OC,CHEMBL2029983,6.7594507517174005,6.7594507517174005,1
COc1cc2ncnc(Oc3cccc(NC(=O)Nc4cc(C(C)(C)C(F)(F)F)on4)c3)c2cc1OC,CHEMBL2029988,7.086186147616283,7.086186147616283,1
COc1cc2ncnc(Oc3cccc(NC(=O)Nc4cc(C(C)(C)C)nn4-c4ccccc4)c3)c2cc1OC,CHEMBL2029997,7.6777807052660805,7.6777807052660805,1
COc1cc2ncnc(Oc3cccc(NC(=O)Nc4cc(C(C)(C)C)nn4C(C)C)c3)c2cc1OC,CHEMBL2029994,6.296708621881338,6.296708621881338,1
COc1cc2ncnc(Oc3cccc(NC(=O)Nc4cc(C(C)(C)C)nn4C)c3)c2cc1OC,CHEMBL2029969,6.4736607226101555,6.4736607226101555,1
COc1cc2ncnc(Oc3cccc(NC(=O)Nc4cc(C(C)(C)C)nn4CC(C)C)c3)c2cc1OC,CHEMBL2029995,6.166852888087215,6.166852888087215,1
COc1cc2ncnc(Oc3cccc(NC(=O)Nc4cc(C(C)(C)C)nn4Cc4ccccc4)c3)c2cc1OC,CHEMBL2029998,6.318758762624412,6.318758762624412,1
COc1cc2ncnc(Oc3cccc(NC(=O)Nc4cc(C(C)(C)C)no4)c3)c2cc1OC,CHEMBL2029967,6.995678626217357,6.995678626217357,1
COc1cc2ncnc(Oc3cccc(NC(=O)Nc4cc(C(C)(C)C)on4)c3)c2cc1O,CHEMBL1824287,7.0655015487564325,7.0655015487564325,1
COc1cc2ncnc(Oc3cccc(NC(=O)Nc4cc(C(C)(C)C)on4)c3)c2cc1OC,CHEMBL1824069,6.917214629683549,6.917214629683549,2
COc1cc2ncnc(Oc3cccc(NC(=O)Nc4cc(C(C)(C)C)on4)c3)c2cc1OCCCN1CCOCC1,CHEMBL1824291,7.443697499232712,7.443697499232712,1
COc1cc2ncnc(Oc3cccc(NC(=O)Nc4cc(C(C)(C)C)on4)c3)c2cc1OCCN1CCCCC1,CHEMBL1824292,6.53313237964589,6.53313237964589,1
COc1cc2ncnc(Oc3cccc(NC(=O)Nc4cc(C(C)(C)C)on4)c3)c2cc1OCCN1CCOCC1,CHEMBL1824290,7.2839966563652006,7.2839966563652006,1
COc1cc2ncnc(Oc3cccc(NC(=O)Nc4cc(C(C)(C)C)on4)c3C)c2cc1OC,CHEMBL1824078,6.747146969020107,6.747146969020107,1
COc1cc2ncnc(Oc3cccc(NC(=O)Nc4cc(C(C)(C)CO)on4)c3)c2cc1OC,CHEMBL2029977,6.187755303199631,6.187755303199631,1
COc1cc2ncnc(Oc3cccc(NC(=O)Nc4cc(C(C)(C)F)no4)c3)c2cc1OC,CHEMBL2029981,6.809668301829708,6.809668301829708,1
COc1cc2ncnc(Oc3cccc(NC(=O)Nc4cc(C(C)(C)F)on4)c3)c2cc1OC,CHEMBL2029986,6.559090917934782,6.559090917934782,1
COc1cc2ncnc(Oc3cccc(NC(=O)Nc4cc(C(C)(CF)CF)no4)c3)c2cc1OC,CHEMBL2029982,6.4698003017969175,6.4698003017969175,1
COc1cc2ncnc(Oc3cccc(NC(=O)Nc4cc(C(C)(CF)CF)on4)c3)c2cc1OC,CHEMBL2029987,6.962573502059376,6.962573502059376,1
COc1cc2ncnc(Oc3cccc(NC(=O)Nc4cc(C(C)(F)F)no4)c3)c2cc1OC,CHEMBL2029980,6.1904402853647325,6.1904402853647325,1
COc1cc2ncnc(Oc3cccc(NC(=O)Nc4cc(C(C)C)no4)c3)c2cc1OC,CHEMBL2029974,6.468521082957745,6.468521082957745,1
COc1cc2ncnc(Oc3cccc(NC(=O)Nc4cc(C(C)C)on4)c3)c2cc1OC,CHEMBL2029971,6.449771646944906,6.449771646944906,1
COc1cc2ncnc(Oc3cccc(NC(=O)Nc4cc(C(F)(F)F)no4)c3)c2cc1OC,CHEMBL2029979,5.651889931519762,5.651889931519762,1
COc1cc2ncnc(Oc3cccc(NC(=O)Nc4cc(C5(C(F)(F)F)CC5)on4)c3)c2cc1OC,CHEMBL2029989,6.73754891026957,6.73754891026957,1
COc1cc2ncnc(Oc3cccc(NC(=O)Nc4cc(C5(C(F)(F)F)CCC5)no4)c3)c2cc1OC,CHEMBL2029984,6.511449283499555,6.511449283499555,1
COc1cc2ncnc(Oc3cccc(NC(=O)Nc4cc(C5CCCC5)no4)c3)c2cc1OC,CHEMBL2029975,5.945386945443112,5.945386945443112,1
COc1cc2ncnc(Oc3cccc(NC(=O)Nc4cc(C5CCCC5)on4)c3)c2cc1OC,CHEMBL2029972,6.872895201635192,6.872895201635192,1
COc1cc2ncnc(Oc3cccc(NC(=O)Nc4ccc(C(C)(C)C)cc4)c3)c2cc1OC,CHEMBL1824076,6.537602002101044,6.537602002101044,2
COc1cc2ncnc(Oc3cccc(NC(=O)Nc4ccc(Cl)c(C(F)(F)F)c4)c3)c2cc1OC,CHEMBL1824077,6.157390760389438,6.157390760389438,1
COc1cc2ncnc(Oc3cccc(NC(=O)Nc4ccc(Cl)cc4)c3)c2cc1OC,CHEMBL1824075,5.732828271596986,5.732828271596986,1
COc1cc2ncnc(Oc3cccc(NC(=O)Nc4cccc(C(C)(C)C)c4)c3)c2cc1OC,CHEMBL1824073,6.47755576649368,6.47755576649368,2
COc1cc2ncnc(Oc3cccc(NC(=O)Nc4cccc(C(F)(F)F)c4)c3)c2cc1OC,CHEMBL1824072,5.778846678045294,5.778846678045294,1
COc1cc2ncnc(Oc3cccc(NC(=O)Nc4cnn(C(C)(C)C)c4)c3)c2cc1OC,CHEMBL2029968,5.946537395074545,5.946537395074545,1
COc1cc2ncnc(Sc3cccc(NC(=O)Nc4cc(C(C)(C)C(F)(F)F)on4)c3)c2cc1OC,CHEMBL2029991,6.847711655616944,6.847711655616944,1
COc1cc2ncnc(Sc3cccc(NC(=O)Nc4cc(C(C)(C)C)on4)c3)c2cc1OC,CHEMBL1824070,6.928117992693874,6.928117992693874,1
COc1cc2ncnc(Sc3cccc(NC(=O)Nc4cc(C(C)(C)F)no4)c3)c2cc1OC,CHEMBL2029993,7.075720713938118,7.075720713938118,1
COc1cc2ncnc(Sc3cccc(NC(=O)Nc4cc(C(C)(CF)CF)on4)c3)c2cc1OC,CHEMBL2029990,7.031517051446065,7.031517051446065,1
COc1cc2ncnc(Sc3cccc(NC(=O)Nc4cc(C5(C(F)(F)F)CC5)on4)c3)c2cc1OC,CHEMBL2029992,6.328827157284916,6.328827157284916,1
COc1ccc(-c2c(C#N)c(N)nc3sc(C(N)=O)c(N)c23)cc1OC,CHEMBL5619316,4.790030382461179,4.790030382461179,2
COc1ccc(-c2cc(C(=O)N3N=C(c4cccnc4)CC3c3ccccc3O)no2)cc1,CHEMBL1782339,7.074860723740981,7.074860723740981,2
COc1ccc(-c2ccc(C(=O)N3N=C(c4cccnc4)CC3c3ccccc3O)o2)cc1,CHEMBL1782334,6.588262885414849,6.588262885414849,2
COc1ccc(-c2ccc3nccc(Nc4cccc5[nH]ncc45)c3c2)cc1C=O,CHEMBL3661291,6.967148909399961,6.967148909399961,2
COc1ccc(-c2ccc3nccc(Nc4cccc5[nH]ncc45)c3c2)cc1Cl,CHEMBL3661290,6.564572471908482,6.564572471908482,2
COc1ccc(-c2ccc3nccc(Nc4cccc5[nH]ncc45)c3c2)cc1F,CHEMBL3661287,6.712203405135391,6.712203405135391,2
COc1ccc(-c2ccc3nccc(Nc4cccc5[nH]ncc45)c3c2)cc1OC,CHEMBL3661288,6.558323469114011,6.558323469114011,2
COc1ccc(-c2ccc3ncnc(Nc4cccc(O)c4)c3c2)cc1,CHEMBL3661243,7.09264186289316,7.09264186289316,2
COc1ccc(-c2ccc3ncnc(Nc4cccc5[nH]ncc45)c3c2)c(C)c1,CHEMBL3661254,6.09833495337368,6.09833495337368,2
COc1ccc(-c2ccc3ncnc(Nc4cccc5[nH]ncc45)c3c2)cc1,CHEMBL3661312,6.119566631538037,6.119566631538037,2
COc1ccc(-c2ccc3ncnc(Nc4cccc5[nH]ncc45)c3c2)cc1C,CHEMBL3661255,6.230386451718404,6.230386451718404,2
COc1ccc(-c2ccc3ncnc(Nc4cccc5[nH]ncc45)c3c2)cc1C=O,CHEMBL3661274,7.055497139478733,7.055497139478733,2
COc1ccc(-c2ccc3ncnc(Nc4cccc5[nH]ncc45)c3c2)cc1Cl,CHEMBL3661253,6.642878847420214,6.642878847420214,2
COc1ccc(-c2ccc3ncnc(Nc4cccc5[nH]ncc45)c3c2)cc1F,CHEMBL3661252,6.730188993677951,6.730188993677951,2
COc1ccc(-c2ccc3ncnc(Nc4cccc5[nH]ncc45)c3c2)cc1OC,CHEMBL3661265,6.637724855113851,6.637724855113851,2
COc1ccc(-c2ccc3ncnc(Oc4cccc(O)c4)c3c2)cc1,CHEMBL3661314,6.792698982731283,6.792698982731283,2
COc1ccc(-c2n[nH]c(/N=C/c3ccc(O)c(OC)c3)n2)cc1,CHEMBL5281074,6.154901959985743,6.154901959985743,1
COc1ccc(-c2nc3sccn3c2-c2ccnc(NCCNS(=O)(=O)c3ccc(C)cc3)n2)cc1,CHEMBL5077227,4.64567059772975,4.64567059772975,2
COc1ccc(-c2nc3sccn3c2-c2ccnc(NCCNS(=O)(=O)c3ccc(F)cc3)n2)cc1,CHEMBL5075700,4.956762245765162,4.956762245765162,2
COc1ccc(-c2nc3sccn3c2-c2ccnc(NCCNS(=O)(=O)c3ccc(OC)cc3)n2)cc1,CHEMBL5088659,4.792341430158559,4.792341430158559,2
COc1ccc(-c2nc3sccn3c2-c2ccnc(NCCNS(=O)(=O)c3cccc4ccccc34)n2)cc1,CHEMBL5075902,4.6823544567788415,4.6823544567788415,1
COc1ccc(-c2nn(-c3cccc(NC(=O)c4cccc(C(F)(F)F)c4)c3)cc2-c2ccncc2)cc1Cl,CHEMBL4553144,6.801342913045577,6.801342913045577,1
COc1ccc(-n2cc(NC(=O)c3cccc(NC(=O)Nc4ccc(Cl)c(C(F)(F)F)c4)c3)cn2)cc1,CHEMBL5273436,7.056754637413759,7.056754637413759,2
COc1ccc(-n2nc(-c3ccncc3)c(-c3ccc(F)cc3)c2N)cc1,CHEMBL2011294,6.065501548756432,6.065501548756432,2
COc1ccc(/N=N/c2ccc(F)c(C(=O)Nc3cnc4[nH]nc(OC)c4c3)c2F)cc1,CHEMBL4530882,7.036212172654444,7.036212172654444,1
COc1ccc(/N=N/c2cccc(C(=O)Nc3cnc4[nH]nc(OC)c4c3)c2)cc1,CHEMBL4557039,7.0,7.0,1
COc1ccc(/N=N\c2ccc(F)c(C(=O)Nc3cnc4[nH]nc(OC)c4c3)c2F)cc1,CHEMBL4519570,6.327902142064282,6.327902142064282,1
COc1ccc(/N=N\c2cccc(C(=O)Nc3cnc4[nH]nc(OC)c4c3)c2)cc1,CHEMBL4441288,6.346787486224656,6.346787486224656,1
COc1ccc(C(=O)CSc2nccc(Nc3ccc(N4CCOCC4)cc3)n2)cc1,CHEMBL4549103,6.356547323513812,6.356547323513812,1
COc1ccc(C(=O)N2CCN(c3nnc(Cc4ccccc4)c4ccccc34)CC2)cc1,CHEMBL5417371,5.330869152626668,5.330869152626668,1
COc1ccc(C(=O)Nc2cc(C(C)(C)C)on2)cc1Nc1ncnc2cnc(N(C)C)nc12,CHEMBL3694146,8.096910013008056,8.096910013008056,1
COc1ccc(C(=O)Nc2cc(C(C)(C)C)on2)cc1Nc1ncnc2cnc(N(C)CCN3CCCC3)nc12,CHEMBL3639930,8.397940008672037,8.397940008672037,1
COc1ccc(C(=O)Nc2cc(C(C)(C)C)on2)cc1Nc1ncnc2cnc(N3CCCC3)nc12,CHEMBL3694145,7.698970004336019,7.698970004336019,1
COc1ccc(C(=O)Nc2cc(C(C)(C)C)on2)cc1Nc1ncnc2cnc(N3CCCCCC3)nc12,CHEMBL3694150,8.522878745280337,8.522878745280337,1
COc1ccc(C(=O)Nc2cc(C(C)(C)C)on2)cc1Nc1ncnc2cnc(N3CCCN(C)CC3)nc12,CHEMBL3694159,8.698970004336019,8.698970004336019,1
COc1ccc(C(=O)Nc2cc(C(C)(C)C)on2)cc1Nc1ncnc2cnc(N3CCN(C)CC3)nc12,CHEMBL3694158,8.698970004336019,8.698970004336019,1
COc1ccc(C(=O)Nc2cc(C(C)(C)C)on2)cc1Nc1ncnc2cnc(N3CCOCC3)nc12,CHEMBL3694144,8.698970004336019,8.698970004336019,1
COc1ccc(C(=O)Nc2ccc(C)c(-c3cc(N4CCOCC4)c(=O)n(C)c3)c2)cc1C(F)(F)F,CHEMBL5771321,8.744727494896694,8.744727494896694,2
COc1ccc(C(=O)Nc2ccc(C)c(C(=O)Nc3ccc(-c4ncc[nH]4)nc3)c2)cc1,CHEMBL3393800,4.393618634889395,4.393618634889395,1
COc1ccc(C(=O)Nc2ccc(C)c(C(=O)Nc3cccnc3)c2)cc1,CHEMBL475864,6.939302159646388,6.939302159646388,1
COc1ccc(C(=O)Nc2ccc(C)c(Nc3ncnc4cnc(N(C)C)nc34)c2)cc1C(F)(F)F,CHEMBL3641222,8.522878745280337,8.522878745280337,1
COc1ccc(C(=O)Nc2ccc(C)c(Nc3ncnc4cnc(N5CCN(C)CC5)nc34)c2)cc1C(F)(F)F,CHEMBL3641213,7.886056647693163,7.886056647693163,1
COc1ccc(C(=O)Nc2ccc(OC)c(C(F)(F)F)c2)cc1Nc1ncnc2cnc(N(C)C)nc12,CHEMBL3694092,8.698970004336019,8.698970004336019,1
COc1ccc(C(=O)Nc2ccc(OC)c(C(F)(F)F)c2)cc1Nc1ncnc2cnc(N(C)CCN(C)C)nc12,CHEMBL3694081,8.397940008672037,8.397940008672037,1
COc1ccc(C(=O)Nc2ccc(OC)c(C(F)(F)F)c2)cc1Nc1ncnc2cnc(N(C)CCN3CCCC3)nc12,CHEMBL3694084,8.522878745280337,8.522878745280337,1
COc1ccc(C(=O)Nc2ccc(OC)c(C(F)(F)F)c2)cc1Nc1ncnc2cnc(N3CCCC3)nc12,CHEMBL3694089,7.619788758288394,7.619788758288394,1
COc1ccc(C(=O)Nc2ccc(OC)c(C(F)(F)F)c2)cc1Nc1ncnc2cnc(N3CCCCC3)nc12,CHEMBL3694086,8.154901959985743,8.154901959985743,1
COc1ccc(C(=O)Nc2ccc(OC)c(C(F)(F)F)c2)cc1Nc1ncnc2cnc(N3CCCCCC3)nc12,CHEMBL3694082,9.0,9.0,1
COc1ccc(C(=O)Nc2ccc(OC)c(C(F)(F)F)c2)cc1Nc1ncnc2cnc(N3CCCN(C)CC3)nc12,CHEMBL3694083,8.522878745280337,8.522878745280337,1
COc1ccc(C(=O)Nc2ccc(OC)c(C(F)(F)F)c2)cc1Nc1ncnc2cnc(N3CCN(C)CC3)nc12,CHEMBL3694085,8.221848749616356,8.221848749616356,1
COc1ccc(C(=O)Nc2ccc(OC)c(C(F)(F)F)c2)cc1Nc1ncnc2cnc(N3CCOCC3)nc12,CHEMBL3694088,8.698970004336019,8.698970004336019,1
COc1ccc(C(=O)Nc2ccc(OC)c(C(F)(F)F)c2)cc1Nc1ncnc2cnc(NCCCN3CCOCC3)nc12,CHEMBL3694087,8.301029995663981,8.301029995663981,1
COc1ccc(C(=O)Nc2ccc(OC)c(C(F)(F)F)c2)cc1Nc1ncnc2cnc(NCCN(C)C)nc12,CHEMBL3694090,8.096910013008056,8.096910013008056,1
COc1ccc(C(=O)Nc2ccc(OC)c(C(F)(F)F)c2)cc1Nc1ncnc2cnc(NCCN3CCOCC3)nc12,CHEMBL3694091,8.522878745280337,8.522878745280337,1
COc1ccc(C(=O)Nc2cccc(C(F)(F)F)c2)cc1Nc1ncnc2c(N)nc(N3CCCN(C)CC3)nc12,CHEMBL3689930,7.236572006437063,7.236572006437063,1
COc1ccc(C(=O)Nc2cccc(C(F)(F)F)c2)cc1Nc1ncnc2c(N)nc(N3CCN(C)CC3)nc12,CHEMBL3689929,7.455931955649724,7.455931955649724,1
COc1ccc(C(=O)Nc2cccc(C(F)(F)F)c2)cc1Nc1ncnc2c(N)nc(N3CCN(C4CCN(C)CC4)CC3)nc12,CHEMBL3689931,7.853871964321762,7.853871964321762,1
COc1ccc(C(=O)Nc2cccc(C(F)(F)F)c2)cc1Nc1ncnc2c(N)nc(N3CCN(CC4CCN(C)CC4)CC3)nc12,CHEMBL3689932,7.920818753952375,7.920818753952375,1
COc1ccc(C(=O)Nc2cnc(C)c(-c3cc(N4CCOCC4)c(=O)n(C)c3)c2)cc1C(F)(F)F,CHEMBL3937040,8.574465779501736,8.572394995584325,5
COc1ccc(C(=O)Nc2cnc(C)c(-c3ccnc(N4CCOCC4)c3)c2)cc1C(F)(F)F,CHEMBL3964522,8.041436116778033,8.041273784172272,5
COc1ccc(C(=O)Nc2cnc(Cl)c(-c3cc(N4CCOCC4)c(=O)n(C)c3)c2)cc1C(F)(F)F,CHEMBL6064551,8.167491087293763,8.167491087293763,2
COc1ccc(C(C)(C)C)cc1NC(=O)c1ccc(C)c(Nc2ncnc3c(N)nc(N4CCN(C)CC4)nc23)c1,CHEMBL3689944,7.6777807052660805,7.6777807052660805,1
COc1ccc(C(C)(C)C)cc1NC(=O)c1ccc(C)c(Nc2ncnc3cnc(N(C)CCN(C)C)nc23)c1,CHEMBL3697786,8.397940008672037,8.397940008672037,1
COc1ccc(C(C)(C)C)cc1NC(=O)c1ccc(C)c(Nc2ncnc3cnc(N4CCCCC4)nc23)c1,CHEMBL3697795,8.0,8.0,1
COc1ccc(C(C)(C)C)cc1NC(=O)c1ccc(C)c(Nc2ncnc3cnc(N4CCCN(C)CC4)nc23)c1,CHEMBL3697771,8.698970004336019,8.698970004336019,1
COc1ccc(C(C)(C)C)cc1NC(=O)c1ccc(C)c(Nc2ncnc3cnc(N4CCN(C)CC4)nc23)c1,CHEMBL3697776,8.221848749616356,8.221848749616356,1
COc1ccc(C(C)(C)C)cc1NC(=O)c1ccc(C)c(Nc2ncnc3cnc(N4CCN(CC5CCN(C)CC5)CC4)nc23)c1,CHEMBL3641042,8.522878745280337,8.522878745280337,1
COc1ccc(C(C)(C)C)cc1NC(=O)c1ccc(C)c(Nc2ncnc3cnc(N4CCNCC4)nc23)c1,CHEMBL3697887,8.698970004336019,8.698970004336019,1
COc1ccc(C(C)(C)C)cc1NC(=O)c1ccc(C)c(Nc2ncnc3cnc(N4CCOCC4)nc23)c1,CHEMBL3697851,8.397940008672037,8.397940008672037,1
COc1ccc(C(C)(C)C)cc1NC(=O)c1ccc(C)c(Nc2ncnc3cnc(N4CC[C@H](F)C4)nc23)c1,CHEMBL3697836,7.6777807052660805,7.6777807052660805,1
COc1ccc(C(F)(F)F)cc1NC(=O)Nc1ccc(Oc2ccnc3[nH]c(=O)[nH]c23)cc1,CHEMBL490455,7.920818753952375,7.920818753952375,1
COc1ccc(C(F)(F)F)cc1NC(=O)c1ccc(C)c(Nc2ncnc3cnc(N(C)CCN(C)C)nc23)c1,CHEMBL3697780,7.823908740944319,7.823908740944319,1
COc1ccc(C(F)(F)F)cc1NC(=O)c1ccc(C)c(Nc2ncnc3cnc(N4CCCC4)nc23)c1,CHEMBL3697814,6.920818753952375,6.920818753952375,1
COc1ccc(C(F)(F)F)cc1NC(=O)c1ccc(C)c(Nc2ncnc3cnc(N4CCCCC4)nc23)c1,CHEMBL3697808,8.045757490560675,8.045757490560675,1
COc1ccc(C(F)(F)F)cc1NC(=O)c1ccc(C)c(Nc2ncnc3cnc(N4CCCN(C)CC4)nc23)c1,CHEMBL3697765,8.096910013008056,8.096910013008056,1
COc1ccc(C(F)(F)F)cc1NC(=O)c1ccc(C)c(Nc2ncnc3cnc(N4CCN(C)CC4)nc23)c1,CHEMBL3697844,8.301029995663981,8.301029995663981,1
COc1ccc(C(F)(F)F)cc1NC(=O)c1ccc(C)c(Nc2ncnc3cnc(N4CC[C@H](F)C4)nc23)c1,CHEMBL3697833,8.698970004336019,8.698970004336019,1
COc1ccc(C(F)(F)F)cc1NC(=O)c1ccc(C)c(Nc2ncnc3cnc(NC4CCOC4)nc23)c1,CHEMBL3697891,9.0,9.0,1
COc1ccc(C(c2ccc3cccnc3c2O)N2CCOCC2)cc1,CHEMBL2087790,5.721848749616356,5.721848749616356,2
COc1ccc(C2=NN(C(=O)c3ccc(Cl)cc3O)C(c3ccc(Cl)cc3)C2)cc1,CHEMBL2159053,6.09151498112135,6.09151498112135,1
COc1ccc(C=C2C(=O)NC(=S)NC2=O)cc1OC(=O)c1ccccc1,CHEMBL2069320,5.396855627379818,5.396855627379818,1
COc1ccc(CNC(=O)N[C@@H]2[C@H]3Oc4ccc(Oc5ccnc6c5CCC(=O)N6)cc4[C@@H]23)cc1,CHEMBL5887784,4.3979400086720375,4.3979400086720375,1
COc1ccc(Cc2nnc(N3CCN(C(=O)Nc4ccc(Cl)c(C(F)(F)F)c4)CC3)c3ccccc23)cc1,CHEMBL5409788,5.548367052543009,5.548367052543009,1
COc1ccc(Cc2nnc(N3CCN(C(=O)Nc4ccc(OC)cc4)CC3)c3ccccc23)cc1,CHEMBL5440832,5.431446287950557,5.431446287950557,1
COc1ccc(Cc2nnc(N3CCN(C(=O)Nc4ccccc4)CC3)c3ccccc23)cc1,CHEMBL5417190,5.323032185705241,5.323032185705241,1
COc1ccc(Cc2nnc(N3CCN(C(=O)c4ccccc4)CC3)c3ccccc23)cc1,CHEMBL5404411,5.48704892002751,5.48704892002751,1
COc1ccc(Cc2nnc(N3CCN(C(=S)Nc4ccc(Cl)cc4)CC3)c3ccccc23)cc1,CHEMBL5436647,5.608006927740288,5.608006927740288,1
COc1ccc(Cc2nnc(N3CCN(C(=S)Nc4ccc(OC)cc4)CC3)c3ccccc23)cc1,CHEMBL5431456,5.515557792357593,5.515557792357593,1
COc1ccc(Cc2nnc(N3CCN(C(=S)Nc4cccc(Cl)c4)CC3)c3ccccc23)cc1,CHEMBL5411187,5.0894823144827335,5.0894823144827335,1
COc1ccc(Cc2nnc(N3CCN(C(=S)Nc4ccccc4)CC3)c3ccccc23)cc1,CHEMBL5396190,5.324771746406936,5.324771746406936,1
COc1ccc(Cl)c(NC(=O)N[C@@H]2[C@H]3Oc4ccc(Oc5ccnc6c5CCC(=O)N6)cc4[C@@H]23)c1,CHEMBL6005211,5.657577319177793,5.657577319177793,1
COc1ccc(Cl)cc1N1C(=O)c2ccccc2C1(O)c1ccc2c(c1)NC(=O)CO2,CHEMBL3916543,6.0,6.0,1
COc1ccc(Cn2ncc(NC(=O)c3cc(NC(=O)Nc4ccc(Cl)c(C(F)(F)F)c4)ccc3C)c2N)cc1,CHEMBL1684800,8.478861916295964,8.478861916295964,1
COc1ccc(N2CCN(c3c(CO)c(=O)oc4ccccc34)CC2)cc1,CHEMBL3976407,5.735182176990463,5.735182176990463,1
COc1ccc(NC(=O)N2CCN(c3nnc(Cc4ccccc4)c4ccccc34)CC2)cc1,CHEMBL5438882,5.61457248519487,5.61457248519487,1
COc1ccc(NC(=O)N[C@@H]2[C@H]3Oc4ccc(Oc5ccnc6c5CCC(=O)N6)cc4[C@@H]23)c(Cl)c1,CHEMBL5906751,5.7447274948966935,5.7447274948966935,1
COc1ccc(NC(=O)N[C@@H]2[C@H]3Oc4ccc(Oc5ccnc6c5CCC(=O)N6)cc4[C@@H]23)cc1,CHEMBL5838633,6.096910013008056,6.096910013008056,1
COc1ccc(NC(=O)N[C@@H]2[C@H]3Oc4ccc(Oc5ccnc6c5CCC(=O)N6)cc4[C@@H]23)cc1C(F)(F)F,CHEMBL6021950,4.8996294548824375,4.8996294548824375,1
COc1ccc(NC(=O)N[C@@H]2[C@H]3Oc4ccc(Oc5ccnc6c5CCC(=O)N6)cc4[C@@H]23)cc1OC,CHEMBL5838615,5.638272163982407,5.638272163982407,1
COc1ccc(NC(=O)Nc2ccc(Oc3ccc(C(=O)c4ncc[nH]4)cc3)cc2)cc1,CHEMBL5273551,5.769551078621726,5.769551078621726,1
COc1ccc(NC(=O)Nc2cnc(Oc3ccnc(NC(=O)C4CC4)c3)c(C)c2)cc1C(F)(F)F,CHEMBL3964796,8.065501548756432,8.065501548756432,1
COc1ccc(NC(=O)c2cc(NC(=O)c3cccc(C(C)(C)C#N)c3)ccc2C)cn1,CHEMBL475044,6.935542010773082,6.935542010773082,1
COc1ccc(NC(=O)c2ccc(C(F)(F)F)c(Nc3ncnc4cnc(N(C)C)nc34)c2)cc1C(F)(F)F,CHEMBL3694117,6.265200170411153,6.265200170411153,1
COc1ccc(NC(=O)c2ccc(C(F)(F)F)c(Nc3ncnc4cnc(N(C)CCN(C)C)nc34)c2)cc1C(F)(F)F,CHEMBL3694106,6.012333735073725,6.012333735073725,1
COc1ccc(NC(=O)c2ccc(C(F)(F)F)c(Nc3ncnc4cnc(N(C)CCN5CCCC5)nc34)c2)cc1C(F)(F)F,CHEMBL3694109,6.345823458122039,6.345823458122039,1
COc1ccc(NC(=O)c2ccc(C(F)(F)F)c(Nc3ncnc4cnc(N5CCCC5)nc34)c2)cc1C(F)(F)F,CHEMBL3694114,6.41907502432438,6.41907502432438,1
COc1ccc(NC(=O)c2ccc(C(F)(F)F)c(Nc3ncnc4cnc(N5CCCN(C)CC5)nc34)c2)cc1C(F)(F)F,CHEMBL3694108,6.548213564475709,6.548213564475709,1
COc1ccc(NC(=O)c2ccc(C(F)(F)F)c(Nc3ncnc4cnc(N5CCN(C)CC5)nc34)c2)cc1C(F)(F)F,CHEMBL3694110,7.022276394711152,7.022276394711152,1
COc1ccc(NC(=O)c2ccc(C(F)(F)F)c(Nc3ncnc4cnc(N5CCOCC5)nc34)c2)cc1C(F)(F)F,CHEMBL3694113,8.301029995663981,8.301029995663981,1
COc1ccc(NC(=O)c2ccc(C(F)(F)F)c(Nc3ncnc4cnc(NCCCN5CCOCC5)nc34)c2)cc1C(F)(F)F,CHEMBL3694112,6.231361898752386,6.231361898752386,1
COc1ccc(NC(=O)c2ccc(C(F)(F)F)c(Nc3ncnc4cnc(NCCN(C)C)nc34)c2)cc1C(F)(F)F,CHEMBL3694115,5.651500429716162,5.651500429716162,1
COc1ccc(NC(=O)c2ccc(C(F)(F)F)c(Nc3ncnc4cnc(NCCN5CCOCC5)nc34)c2)cc1C(F)(F)F,CHEMBL3694116,6.497572880015568,6.497572880015568,1
COc1ccc(NC(=O)c2ccc(C)c(N(C)c3ncnc4cnc(N5CCOCC5)nc34)c2)cc1C(F)(F)F,CHEMBL3641192,7.7447274948966935,7.7447274948966935,1
COc1ccc(NC(=O)c2ccc(C)c(N(C)c3ncnc4cnc(N5CC[C@H](F)C5)nc34)c2)cc1C(F)(F)F,CHEMBL3639400,7.187086643357144,7.187086643357144,1
COc1ccc(NC(=O)c2ccc(C)c(N(C)c3ncnc4cnc(NC5CCOC5)nc34)c2)cc1C(F)(F)F,CHEMBL3641193,7.568636235841012,7.568636235841012,1
COc1ccc(NC(=O)c2ccc(C)c(Nc3ncnc4c(N)nc(N5CCCN(C)CC5)nc34)c2)cc1C(F)(F)F,CHEMBL3689916,9.0,9.0,1
COc1ccc(NC(=O)c2ccc(C)c(Nc3ncnc4c(N)nc(N5CCN(C)CC5)nc34)c2)cc1C(F)(F)F,CHEMBL3689901,7.585026652029182,7.585026652029182,1
COc1ccc(NC(=O)c2ccc(C)c(Nc3ncnc4c(N)nc(N5CCN(C6CCN(C)CC6)CC5)nc34)c2)cc1C(F)(F)F,CHEMBL3689914,9.0,9.0,1
COc1ccc(NC(=O)c2ccc(C)c(Nc3ncnc4c(N)nc(N5CCN(CC6CCN(C)CC6)CC5)nc34)c2)cc1C(F)(F)F,CHEMBL3689915,9.0,9.0,1
COc1ccc(NC(=O)c2ccc(C)c(Nc3ncnc4ccc(N(C)C)nc34)c2)cc1C(F)(F)F,CHEMBL3659923,7.356547323513812,7.356547323513812,1
COc1ccc(NC(=O)c2ccc(C)c(Nc3ncnc4ccc(N5CCN(C)CC5)nc34)c2)cc1C(F)(F)F,CHEMBL3659920,7.2441251443275085,7.2441251443275085,1
COc1ccc(NC(=O)c2ccc(C)c(Nc3ncnc4ccc(N5CCN(CC6CCN(C)CC6)CC5)nc34)c2)cc1C(F)(F)F,CHEMBL3659922,7.585026652029182,7.585026652029182,1
COc1ccc(NC(=O)c2ccc(C)c(Nc3ncnc4ccc(N5CCOCC5)nc34)c2)cc1C(F)(F)F,CHEMBL3659908,7.958607314841775,7.958607314841775,1
COc1ccc(NC(=O)c2ccc(C)c(Nc3ncnc4cnc(-n5cnc(C)c5)nc34)c2)cc1C(F)(F)F,CHEMBL3641164,8.096910013008056,8.096910013008056,1
COc1ccc(NC(=O)c2ccc(C)c(Nc3ncnc4cnc(N(C)C5CCN(C)C5)nc34)c2)cc1C(F)(F)F,CHEMBL3641178,9.0,9.0,1
COc1ccc(NC(=O)c2ccc(C)c(Nc3ncnc4cnc(N(C)C5CCOC5)nc34)c2)cc1C(F)(F)F,CHEMBL3641163,8.522878745280337,8.522878745280337,1
COc1ccc(NC(=O)c2ccc(C)c(Nc3ncnc4cnc(N(C)CC5CCCCO5)nc34)c2)cc1C(F)(F)F,CHEMBL3641036,8.045757490560675,8.045757490560675,1
COc1ccc(NC(=O)c2ccc(C)c(Nc3ncnc4cnc(N(C)CC5CCCO5)nc34)c2)cc1C(F)(F)F,CHEMBL3641158,8.522878745280337,8.522878745280337,1
COc1ccc(NC(=O)c2ccc(C)c(Nc3ncnc4cnc(N5CCC(CN(C)C)CC5)nc34)c2)cc1C(F)(F)F,CHEMBL3641203,9.0,9.0,1
COc1ccc(NC(=O)c2ccc(C)c(Nc3ncnc4cnc(N5CCC(N(C)C)C5)nc34)c2)cc1C(F)(F)F,CHEMBL3641177,8.698970004336019,8.698970004336019,1
COc1ccc(NC(=O)c2ccc(C)c(Nc3ncnc4cnc(N5CCC(N(C)C)CC5)nc34)c2)cc1C(F)(F)F,CHEMBL3641061,9.0,9.0,1
COc1ccc(NC(=O)c2ccc(C)c(Nc3ncnc4cnc(N5CCC(N6CCCC6)CC5)nc34)c2)cc1C(F)(F)F,CHEMBL3641175,8.154901959985743,8.154901959985743,1
COc1ccc(NC(=O)c2ccc(C)c(Nc3ncnc4cnc(N5CCC(N6CCCCC6)CC5)nc34)c2)cc1C(F)(F)F,CHEMBL3641171,8.154901959985743,8.154901959985743,1
COc1ccc(NC(=O)c2ccc(C)c(Nc3ncnc4cnc(N5CCC(N6CCOCC6)CC5)nc34)c2)cc1C(F)(F)F,CHEMBL3641173,7.638272163982407,7.638272163982407,1
COc1ccc(NC(=O)c2ccc(C)c(Nc3ncnc4cnc(N5CCC(N6C[C@@H](C)O[C@@H](C)C6)CC5)nc34)c2)cc1C(F)(F)F,CHEMBL3641174,7.853871964321762,7.853871964321762,1
COc1ccc(NC(=O)c2ccc(C)c(Nc3ncnc4cnc(N5CCCC5)cc34)c2)cc1C(F)(F)F,CHEMBL3659906,6.500312917381596,6.500312917381596,1
COc1ccc(NC(=O)c2ccc(C)c(Nc3ncnc4cnc(N5CCCC5)nc34)c2)cc1C(F)(F)F,CHEMBL3641071,8.698970004336019,8.698970004336019,1
COc1ccc(NC(=O)c2ccc(C)c(Nc3ncnc4cnc(N5CCCN(C)CC5)nc34)c2)cc1C(F)(F)F,CHEMBL3641069,9.0,9.0,1
COc1ccc(NC(=O)c2ccc(C)c(Nc3ncnc4cnc(N5CCCOCC5)nc34)c2)cc1C(F)(F)F,CHEMBL3641166,9.0,9.0,1
COc1ccc(NC(=O)c2ccc(C)c(Nc3ncnc4cnc(N5CCC[C@H]5CO)nc34)c2)cc1C(F)(F)F,CHEMBL3641161,8.397940008672037,8.397940008672037,1
COc1ccc(NC(=O)c2ccc(C)c(Nc3ncnc4cnc(N5CCN(C(C)C)CC5)nc34)c2)cc1C(F)(F)F,CHEMBL3641063,8.698970004336019,8.698970004336019,1
COc1ccc(NC(=O)c2ccc(C)c(Nc3ncnc4cnc(N5CCN(C)CC5)cc34)c2)cc1C(F)(F)F,CHEMBL3639587,6.649751981665837,6.649751981665837,1
COc1ccc(NC(=O)c2ccc(C)c(Nc3ncnc4cnc(N5CCN(C)CC5)nc34)c2)cc1C(F)(F)F,CHEMBL3694064,8.698970004336019,8.698970004336019,1
COc1ccc(NC(=O)c2ccc(C)c(Nc3ncnc4cnc(N5CCN(C6CC6)CC5)nc34)c2)cc1C(F)(F)F,CHEMBL3641060,8.154901959985743,8.154901959985743,1
COc1ccc(NC(=O)c2ccc(C)c(Nc3ncnc4cnc(N5CCN(C6CCN(C)CC6)CC5)nc34)c2)cc1C(F)(F)F,CHEMBL3641172,8.397940008672037,8.397940008672037,1
COc1ccc(NC(=O)c2ccc(C)c(Nc3ncnc4cnc(N5CCN(CC(C)C)CC5)nc34)c2)cc1C(F)(F)F,CHEMBL3641070,8.397940008672037,8.397940008672037,1
COc1ccc(NC(=O)c2ccc(C)c(Nc3ncnc4cnc(N5CCN(CC6CCCN(C)C6)CC5)nc34)c2)cc1C(F)(F)F,CHEMBL3641169,8.522878745280337,8.522878745280337,1
COc1ccc(NC(=O)c2ccc(C)c(Nc3ncnc4cnc(N5CCN(CC6CCN(C)CC6)CC5)nc34)c2)cc1C(F)(F)F,CHEMBL3641046,9.0,9.0,2
COc1ccc(NC(=O)c2ccc(C)c(Nc3ncnc4cnc(N5CCN(CC6CCOC6)CC5)nc34)c2)cc1C(F)(F)F,CHEMBL3641059,8.221848749616356,8.221848749616356,1
COc1ccc(NC(=O)c2ccc(C)c(Nc3ncnc4cnc(N5CCN(CCCN6CCCC6)CC5)nc34)c2)cc1C(F)(F)F,CHEMBL3641168,8.698970004336019,8.698970004336019,1
COc1ccc(NC(=O)c2ccc(C)c(Nc3ncnc4cnc(N5CCN(CCN6CCOCC6)CC5)nc34)c2)cc1C(F)(F)F,CHEMBL3641167,7.769551078621726,7.769551078621726,1
COc1ccc(NC(=O)c2ccc(C)c(Nc3ncnc4cnc(N5CCN6CCCCC6C5)nc34)c2)cc1C(F)(F)F,CHEMBL3641170,7.7447274948966935,7.7447274948966935,1
COc1ccc(NC(=O)c2ccc(C)c(Nc3ncnc4cnc(N5CCOCC5)cc34)c2)cc1C(F)(F)F,CHEMBL3659905,6.97469413473523,6.97469413473523,1
COc1ccc(NC(=O)c2ccc(C)c(Nc3ncnc4cnc(N5CC[C@H](F)C5)nc34)c2)cc1C(F)(F)F,CHEMBL3641038,8.522878745280337,8.522878745280337,1
COc1ccc(NC(=O)c2ccc(C)c(Nc3ncnc4cnc(N5C[C@@H](C)N[C@@H](C)C5)nc34)c2)cc1C(F)(F)F,CHEMBL3641062,8.698970004336019,8.698970004336019,1
COc1ccc(NC(=O)c2ccc(C)c(Nc3ncnc4cnc(N5C[C@@H](C)O[C@@H](C)C5)nc34)c2)cc1C(F)(F)F,CHEMBL3641165,8.397940008672037,8.397940008672037,1
COc1ccc(NC(=O)c2ccc(C)c(Nc3ncnc4cnc(N5C[C@H]6C[C@@H]5CN6C)nc34)c2)cc1C(F)(F)F,CHEMBL3641058,8.522878745280337,8.522878745280337,1
COc1ccc(NC(=O)c2ccc(C)c(Nc3ncnc4cnc(NC5CC(N6CCN(C)CC6)C5)nc34)c2)cc1C(F)(F)F,CHEMBL3641197,9.0,9.0,1
COc1ccc(NC(=O)c2ccc(C)c(Nc3ncnc4cnc(NCC5CCCCO5)nc34)c2)cc1C(F)(F)F,CHEMBL3641159,9.0,9.0,1
COc1ccc(NC(=O)c2ccc(Cl)c(Nc3ncnc4cnc(N(C)C)nc34)c2)cc1C(F)(F)F,CHEMBL3694079,8.698970004336019,8.698970004336019,1
COc1ccc(NC(=O)c2ccc(Cl)c(Nc3ncnc4cnc(N(C)CCN(C)C)nc34)c2)cc1C(F)(F)F,CHEMBL3694068,8.698970004336019,8.698970004336019,1
COc1ccc(NC(=O)c2ccc(Cl)c(Nc3ncnc4cnc(N(C)CCN5CCCC5)nc34)c2)cc1C(F)(F)F,CHEMBL3694071,8.522878745280337,8.522878745280337,1
COc1ccc(NC(=O)c2ccc(Cl)c(Nc3ncnc4cnc(N5CCCC5)nc34)c2)cc1C(F)(F)F,CHEMBL3694076,8.045757490560675,8.045757490560675,1
COc1ccc(NC(=O)c2ccc(Cl)c(Nc3ncnc4cnc(N5CCCCC5)nc34)c2)cc1C(F)(F)F,CHEMBL3694073,8.221848749616356,8.221848749616356,1
COc1ccc(NC(=O)c2ccc(Cl)c(Nc3ncnc4cnc(N5CCCCCC5)nc34)c2)cc1C(F)(F)F,CHEMBL3694069,8.154901959985743,8.154901959985743,1
COc1ccc(NC(=O)c2ccc(Cl)c(Nc3ncnc4cnc(N5CCCN(C)CC5)nc34)c2)cc1C(F)(F)F,CHEMBL3694070,9.0,9.0,1
COc1ccc(NC(=O)c2ccc(Cl)c(Nc3ncnc4cnc(N5CCN(C)CC5)nc34)c2)cc1C(F)(F)F,CHEMBL3694072,8.154901959985743,8.154901959985743,1
COc1ccc(NC(=O)c2ccc(Cl)c(Nc3ncnc4cnc(N5CCOCC5)nc34)c2)cc1C(F)(F)F,CHEMBL3694075,8.698970004336019,8.698970004336019,1
COc1ccc(NC(=O)c2ccc(Cl)c(Nc3ncnc4cnc(NCCCN5CCOCC5)nc34)c2)cc1C(F)(F)F,CHEMBL3694074,8.397940008672037,8.397940008672037,1
COc1ccc(NC(=O)c2ccc(Cl)c(Nc3ncnc4cnc(NCCN(C)C)nc34)c2)cc1C(F)(F)F,CHEMBL3694077,8.522878745280337,8.522878745280337,1
COc1ccc(NC(=O)c2ccc(Cl)c(Nc3ncnc4cnc(NCCN5CCOCC5)nc34)c2)cc1C(F)(F)F,CHEMBL3694078,8.301029995663981,8.301029995663981,1
COc1ccc(NC(=O)c2ccc(F)c(Nc3ncnc4cnc(N(C)C)nc34)c2)cc1C(F)(F)F,CHEMBL3694104,9.0,9.0,1
COc1ccc(NC(=O)c2ccc(F)c(Nc3ncnc4cnc(N(C)CCN5CCCC5)nc34)c2)cc1C(F)(F)F,CHEMBL3694096,9.0,9.0,1
COc1ccc(NC(=O)c2ccc(F)c(Nc3ncnc4cnc(N5CCC(N(C)C)CC5)nc34)c2)cc1C(F)(F)F,CHEMBL3641033,8.522878745280337,8.522878745280337,1
COc1ccc(NC(=O)c2ccc(F)c(Nc3ncnc4cnc(N5CCCC5)nc34)c2)cc1C(F)(F)F,CHEMBL3694101,8.301029995663981,8.301029995663981,1
COc1ccc(NC(=O)c2ccc(F)c(Nc3ncnc4cnc(N5CCCCC5)nc34)c2)cc1C(F)(F)F,CHEMBL3694098,8.301029995663981,8.301029995663981,1
COc1ccc(NC(=O)c2ccc(F)c(Nc3ncnc4cnc(N5CCCCCC5)nc34)c2)cc1C(F)(F)F,CHEMBL3694095,9.0,9.0,1
COc1ccc(NC(=O)c2ccc(F)c(Nc3ncnc4cnc(N5CCN(C(C)C)CC5)nc34)c2)cc1C(F)(F)F,CHEMBL3641030,8.522878745280337,8.522878745280337,1
COc1ccc(NC(=O)c2ccc(F)c(Nc3ncnc4cnc(N5CCN(C)CC5)nc34)c2)cc1C(F)(F)F,CHEMBL3694097,8.698970004336019,8.698970004336019,1
COc1ccc(NC(=O)c2ccc(F)c(Nc3ncnc4cnc(N5CCN(CC6CC6)CC5)nc34)c2)cc1C(F)(F)F,CHEMBL3641031,8.221848749616356,8.221848749616356,1
COc1ccc(NC(=O)c2ccc(F)c(Nc3ncnc4cnc(N5CCOCC5)nc34)c2)cc1C(F)(F)F,CHEMBL3694100,8.397940008672037,8.397940008672037,1
COc1ccc(NC(=O)c2ccc(F)c(Nc3ncnc4cnc(NCCCN5CCOCC5)nc34)c2)cc1C(F)(F)F,CHEMBL3694099,8.522878745280337,8.522878745280337,1
COc1ccc(NC(=O)c2ccc(F)c(Nc3ncnc4cnc(NCCN(C)C)nc34)c2)cc1C(F)(F)F,CHEMBL3694102,8.698970004336019,8.698970004336019,1
COc1ccc(NC(=O)c2ccc(F)c(Nc3ncnc4cnc(NCCN5CCOCC5)nc34)c2)cc1C(F)(F)F,CHEMBL3694103,8.698970004336019,8.698970004336019,1
COc1ccc(NC(=O)c2cccc(C(F)(F)F)c2)cc1-c1ccnc2c(-c3cn[nH]c3)cnn12,CHEMBL1080437,7.008773924307505,7.008773924307505,1
COc1ccc(NC(=O)c2cccc(OC(F)(F)F)c2)cc1Oc1cccc2[nH]c(=O)[nH]c12,CHEMBL589802,6.468521082957745,6.468521082957745,1
COc1ccc(NC(=S)N2CCN(c3nnc(Cc4ccccc4)c4ccccc34)CC2)cc1,CHEMBL5424372,5.3472703039307525,5.3472703039307525,1
COc1ccc(Nc2cncc(-c3cccc(NC(C)=O)c3)n2)c(OC)c1,CHEMBL201272,4.6777807052660805,4.6777807052660805,1
COc1ccc(Nc2cncc(-c3cccc(NC(C)=O)c3)n2)cc1,CHEMBL199798,4.585026652029182,4.585026652029182,1
COc1ccc(Nc2cncc(-c3cccc(NC(C)=O)c3)n2)cc1OC,CHEMBL203093,5.886056647693163,5.886056647693163,1
COc1ccc(Nc2nccc3c(NC(=O)c4csc5c(N)ncnc45)c(C)ccc23)cc1,CHEMBL3894601,7.659379381312206,7.659379381312206,2
COc1ccc(Nc2ncnc3ccc(-c4ccc(O)c(OC)c4)cc23)cc1O,CHEMBL3661215,6.015466390765836,6.015466390765836,2
COc1ccc(OCCNc2cncc(-c3cccc(NC(C)=O)c3)n2)cc1,CHEMBL198400,4.236572006437063,4.236572006437063,1
COc1ccc(S(=O)(=O)NCCCCNc2nccc(-c3c(-c4cccc(N)c4)nc4sccn34)n2)cc1,CHEMBL4795335,8.920818753952375,8.920818753952375,1
COc1ccc(S(=O)(=O)NCCCNc2nccc(-c3[nH]c(-c4ccccc4)nc3-c3ccc(Cl)c(O)c3)n2)cc1,CHEMBL4741154,8.1073489661227,8.1073489661227,1
COc1ccc(S(=O)(=O)NCCCNc2nccc(-c3[nH]c(-c4ccccc4)nc3-c3ccc(F)c(O)c3)n2)cc1,CHEMBL4793723,8.603800652904264,8.603800652904264,1
COc1ccc(S(=O)(=O)NCCCNc2nccc(-c3c(-c4ccc(F)c(O)c4)nc4occn34)n2)cc1,CHEMBL5982580,10.096910013008056,10.096910013008056,1
COc1ccc(S(=O)(=O)NCCCNc2nccc(-c3c(-c4ccc(F)c(O)c4)nc4sccn34)n2)cc1,CHEMBL5850574,10.301029995663981,10.301029995663981,1
COc1ccc(S(=O)(=O)NCCCNc2nccc(-c3c(-c4cccc(F)c4)nc4sccn34)n2)cc1,CHEMBL4793221,7.4295873398335885,7.4295873398335885,2
COc1ccc(S(=O)(=O)NCCCNc2nccc(-c3c(-c4cccc(OC)c4)nc4sccn34)n2)cc1,CHEMBL5087208,6.518380053429218,6.518380053429218,2
COc1ccc(S(=O)(=O)NCCCNc2nccc(-c3c(-c4ccccc4)nc4sccn34)n2)cc1,CHEMBL5088456,6.852063676094965,6.852063676094965,2
COc1ccc(S(=O)(=O)NCCCNc2nccc(-n3ccc4cccnc43)n2)cc1,CHEMBL4641369,6.102372908709558,6.102372908709558,1
COc1ccc(S(=O)(=O)NCCNc2nccc(-c3c(-c4cccc(N)c4)nc4sccn34)n2)cc1,CHEMBL4756122,7.6307841425898575,7.6307841425898575,1
COc1ccc(S(=O)(=O)NCCNc2nccc(-c3c(-c4cccc(OC)c4)nc4sccn34)n2)cc1,CHEMBL5079253,6.4618618722978916,6.4618618722978916,2
COc1ccc(S(=O)(=O)NCCNc2nccc(-c3c(-c4ccccc4)nc4sccn34)n2)cc1,CHEMBL5075200,6.724442805978214,6.725379798422824,6
COc1ccc(S(=O)(=O)Nc2ccc(F)c(Nc3ncccc3-c3ncnc4[nH]cnc34)c2F)cc1OC,CHEMBL3930284,5.920818753952375,5.920818753952375,1
COc1ccc2nc(C3C4Oc5ccc(Oc6ccnc7c6CCC(=O)N7)cc5C43)[nH]c2c1,CHEMBL3961208,7.823908740944319,7.823908740944319,3
COc1ccc2ncnc(Oc3ccc(NC(=O)Nc4cccc(C(F)(F)F)c4)cc3)c2c1,CHEMBL4868251,6.3979400086720375,6.3979400086720375,1
COc1cccc(-c2c(-c3ccncc3)nn3c(-c4ccc(N5CC6CCC(C5)N6C)cc4)ccnc23)c1,CHEMBL1080832,7.769551078621726,7.769551078621726,1
COc1cccc(-c2c(-c3ccncc3)nn3c(-c4ccc(N5C[C@@H]6C[C@H]5CN6)cc4)ccnc23)c1,CHEMBL1080651,7.920818753952375,7.920818753952375,1
COc1cccc(-c2c(-c3ccncc3)nn3c(-c4ccc(N5C[C@@H]6C[C@H]5CN6)cc4F)ccnc23)c1,CHEMBL1080652,9.356547323513812,9.356547323513812,1
COc1cccc(-c2c(-c3ccncc3)nn3c(-c4ccc(N5C[C@@H]6C[C@H]5CN6C)cc4)ccnc23)c1,CHEMBL1080615,8.086186147616283,8.086186147616283,1
COc1cccc(-c2c(-c3ccncc3)nn3c(C4CC5CCC(C4)N5)ccnc23)c1,CHEMBL569735,7.149966742310231,7.149966742310231,1
COc1cccc(-c2cc(C(=O)N3N=C(c4cccnc4)CC3c3ccccc3O)no2)c1,CHEMBL1782338,7.102721124372619,7.102721124372619,2
COc1cccc(-c2ccc3nccc(Nc4cccc5[nH]ncc45)c3c2)c1,CHEMBL3661297,6.474987315135758,6.449466218171339,4
COc1cccc(-c2ccc3nccc(Nc4cccc5[nH]ncc45)c3c2)c1F,CHEMBL3661286,7.039634230568139,7.039634230568139,2
COc1cccc(-c2ccc3ncnc(Nc4cccc(O)c4)c3c2)c1,CHEMBL3661245,6.922606701974829,6.922606701974829,2
COc1cccc(-c2ccc3ncnc(Nc4cccc5[nH]ncc45)c3c2)c1,CHEMBL3661311,6.418258107726424,6.418258107726424,2
COc1cccc(-c2ccc3ncnc(Nc4cccc5[nH]ncc45)c3c2)c1F,CHEMBL3661251,6.899953310758493,6.899953310758493,2
COc1cccc(-c2ccc3ncnc(Nc4cccc5[nH]ncc45)c3c2)c1OC,CHEMBL3661281,6.354261738702044,6.354261738702044,2
COc1cccc(-c2ccc3ncnc(Nc4ccccc4)c3c2)c1,CHEMBL1357167,5.475914167739055,5.475914167739055,2
COc1cccc(-c2nc(NC3CC3)nc3sc(C(N)=O)c(N)c23)c1,CHEMBL1934510,5.536037786028346,5.536037786028346,2
COc1cccc(-c2nc3sccn3c2-c2ccnc(NCCCNS(=O)(=O)c3ccc(C)cc3)n2)c1,CHEMBL5078889,6.41167659973911,6.41167659973911,2
COc1cccc(-c2nc3sccn3c2-c2ccnc(NCCCNS(=O)(=O)c3ccc(F)cc3)n2)c1,CHEMBL5093355,6.705421897053453,6.705421897053453,2
COc1cccc(-c2nc3sccn3c2-c2ccnc(NCCCNS(=O)(=O)c3ccc4ccccc4c3)n2)c1,CHEMBL5092853,6.428601982143222,6.428601982143222,2
COc1cccc(-c2nc3sccn3c2-c2ccnc(NCCCNS(=O)(=O)c3cccc(F)c3)n2)c1,CHEMBL5081210,6.635207042042172,6.635207042042172,2
COc1cccc(-c2nc3sccn3c2-c2ccnc(NCCCNS(=O)(=O)c3ccccc3)n2)c1,CHEMBL5090199,6.552319118669974,6.552319118669974,2
COc1cccc(-c2nc3sccn3c2-c2ccnc(NCCN3CC(C)(C)NS3(=O)=O)n2)c1,CHEMBL5092112,7.963448897575544,7.963448897575544,2
COc1cccc(-c2nc3sccn3c2-c2ccnc(NCCN3CCCN(C(=O)OC(C)(C)C)S3(=O)=O)n2)c1,CHEMBL5076765,7.766374991760145,7.766374991760145,2
COc1cccc(-c2nc3sccn3c2-c2ccnc(NCCN3CCCN(C)S3(=O)=O)n2)c1,CHEMBL5073246,8.332359330679935,8.332359330679935,2
COc1cccc(-c2nc3sccn3c2-c2ccnc(NCCN3CCCNS3(=O)=O)n2)c1,CHEMBL5089022,7.871432016102085,7.871432016102085,2
COc1cccc(-c2nc3sccn3c2-c2ccnc(NCCN3CCN(C)S3(=O)=O)n2)c1,CHEMBL5080553,8.517135815280636,8.517135815280636,2
COc1cccc(-c2nc3sccn3c2-c2ccnc(NCCN3CCN(Cc4ccccc4)S3(=O)=O)n2)c1,CHEMBL5088157,7.919622917439828,7.919622917439828,2
COc1cccc(-c2nc3sccn3c2-c2ccnc(NCCN3CCNS3(=O)=O)n2)c1,CHEMBL5075811,7.835236790179938,7.835236790179938,2
COc1cccc(-c2nc3sccn3c2-c2ccnc(NCCNS(=O)(=O)c3ccc(C(F)(F)F)cc3)n2)c1,CHEMBL5073858,6.5856871277802504,6.585834771676069,6
COc1cccc(-c2nc3sccn3c2-c2ccnc(NCCNS(=O)(=O)c3ccc(C)cc3)n2)c1,CHEMBL5084985,6.378854790484278,6.378854790484278,2
COc1cccc(-c2nc3sccn3c2-c2ccnc(NCCNS(=O)(=O)c3ccc(F)cc3)n2)c1,CHEMBL5077093,6.610815828322063,6.610815828322063,2
COc1cccc(-c2nc3sccn3c2-c2ccnc(NCCNS(=O)(=O)c3ccc4ccccc4c3)n2)c1,CHEMBL5086784,6.403926832594738,6.403926832594738,2
COc1cccc(-c2nc3sccn3c2-c2ccnc(NCCNS(=O)(=O)c3cccc(F)c3)n2)c1,CHEMBL5082423,6.600909558036828,6.600909558036828,2
COc1cccc(-c2nc3sccn3c2-c2ccnc(NCCNS(=O)(=O)c3ccccc3)n2)c1,CHEMBL5087580,6.473614565262559,6.473614565262559,2
COc1cccc(-c2nn(-c3ccccc3)cc2-c2ccnc(NCCCNC(=O)Nc3ccc(Cl)c(Cl)c3)c2)c1,CHEMBL4642983,6.113509274827518,6.113509274827518,1
COc1cccc(-c2nn(-c3ccccc3)cc2-c2ccncc2)c1,CHEMBL4518235,5.84163750790475,5.84163750790475,1
COc1cccc(-n2nc(C(C)(C)C)cc2NC(=O)Nc2ccc(Oc3ccnc4[nH]c(=O)cnc34)cc2F)c1,CHEMBL5867185,7.712406077536169,7.712406077536169,2
COc1cccc(C(=O)Nc2ccc(C)c(C(=O)Nc3ccc(-c4ncc[nH]4)nc3)c2)c1,CHEMBL3393796,5.607303046740334,5.607303046740334,1
COc1cccc(C(=O)Nc2ccc(C)c(Nc3ncccc3-c3ncnc4[nH]cnc34)c2)c1,CHEMBL3354839,8.920818753952375,8.920818753952375,1
COc1cccc(C(=O)Nc2cccc(-c3ccnc4cc(-c5ccncc5)nn34)c2)c1,CHEMBL1090081,5.3979400086720375,5.3979400086720375,1
COc1cccc(CC(=O)Nc2ccc(Oc3ccnc4[nH]c(=O)[nH]c34)cc2)c1,CHEMBL522581,5.0,5.0,1
COc1cccc(N2C(=O)/C(=C\c3ccc(CN(CCC#N)S(C)(=O)=O)o3)C(=O)NC2=S)c1,CHEMBL2070588,5.735182176990463,5.735182176990463,1
COc1cccc(N2C(=O)c3ccccc3C2(O)c2ccc3c(c2)NC(=O)CO3)c1,CHEMBL3908184,7.0,7.0,1
COc1cccc(N2CCN(c3c(CO)c(=O)oc4ccccc34)CC2)c1,CHEMBL3905661,5.75448733218585,5.75448733218585,1
COc1cccc(NC(=O)N[C@@H]2[C@H]3Oc4ccc(Oc5ccnc6c5CCC(=O)N6)cc4[C@@H]23)c1Cl,CHEMBL5787456,5.721246399047171,5.721246399047171,1
COc1cccc(NC(=O)Nc2cccc(-c3csc4c(-c5cccnc5)cnc(N)c34)c2)c1,CHEMBL2315077,8.017728766960431,8.017728766960431,1
COc1cccc(NC(=O)Nc2cccc(Oc3ncnc4cc(OC)c(OC)cc34)c2)c1,CHEMBL1824074,5.0,5.0,1
COc1cccc(NC(=O)c2ccc(C)c(-c3cc(N4CCOCC4)c(=O)n(C)c3)c2)c1,CHEMBL5947745,7.027103277067095,7.027103277067095,2
COc1cccc(NC(=S)N2CCN(c3nnc(Cc4ccccc4)c4ccccc34)CC2)c1,CHEMBL5436482,5.411392195257314,5.411392195257314,1
COc1cccc(Nc2cncc(-c3cccc(NC(C)=O)c3)n2)c1,CHEMBL373006,5.318758762624412,5.318758762624412,1
COc1cccc(Nc2ncnc3ccc(-c4ccc(O)c(OC)c4)cc23)c1,CHEMBL3661212,6.264714643870525,6.264714643870525,2
COc1cccc(S(=O)(=O)Nc2ccc(F)c(-n3cc(-c4cnc5[nH]nc(OC)c5c4)nn3)c2F)c1,CHEMBL4526537,6.565431095965801,6.565431095965801,1
COc1cccc2nc(Nc3cccc(NC(=O)c4cc(-n5cnc(C)c5)cc(C(F)(F)F)c4)c3)ccc12,CHEMBL4800457,5.495529669311456,5.495529669311456,2
COc1cccc2nc(Nc3cccc(NC(=O)c4cc(C(F)(F)F)cc(C(F)(F)F)c4)c3)ccc12,CHEMBL4782569,5.0245681914907365,5.0245681914907365,1
COc1cccc2nc(Nc3cccc(NC(=O)c4cc(N5CCOCC5)cc(C(F)(F)F)c4)c3)ccc12,CHEMBL4781021,5.529087815170056,5.529087815170056,2
COc1cccc2nc(Nc3cccc(NC(=O)c4ccc(N5CCN(C)CC5)c(C(F)(F)F)c4)c3)ccc12,CHEMBL4745330,5.683649906901703,5.683649906901703,2
COc1cccc2nc(Nc3cccc(NC(=O)c4ccc(N5CCOCC5)c(C(F)(F)F)c4)c3)ccc12,CHEMBL4743339,4.864180245961403,4.864180245961403,2
COc1ccccc1/N=N/c1ccc(F)c(C(=O)Nc2cnc3[nH]nc(OC)c3c2)c1F,CHEMBL4586188,6.522878745280337,6.522878745280337,1
COc1ccccc1/N=N\c1ccc(F)c(C(=O)Nc2cnc3[nH]nc(OC)c3c2)c1F,CHEMBL4546383,6.443697499232712,6.443697499232712,1
COc1ccccc1N1CCN(c2c(CO)c(=O)oc3ccccc23)CC1,CHEMBL3896718,4.99481948749622,4.99481948749622,1
COc1ccccc1Nc1cncc(-c2cccc(NC(C)=O)c2)n1,CHEMBL201023,4.130768280269024,4.130768280269024,1
COc1cncc(-c2nc(NC(C)(C)CO)nc3sc(C(N)=O)c(N)c23)c1,CHEMBL1934652,6.61612531632721,6.61612531632721,2
COc1cncc(-c2nc(NC3CC3)nc3sc(C(N)=O)c(N)c23)c1,CHEMBL1934641,6.96693025356465,6.96693025356465,2
COc1cncc(-c2nc(N[C@H](C)CO)nc3sc(C(N)=O)c(N)c23)c1,CHEMBL1934651,6.4991331435954995,6.4991331435954995,2
COc1cncc(NC(=O)c2cc(NC(=O)c3cccc(C(C)(C)C#N)c3)ccc2C)c1,CHEMBL473622,7.853871964321762,7.853871964321762,1
COc1cncc(NC(=O)c2ccc(C)c(-c3cc(N4CCOCC4)c(=O)n(C)c3)c2)c1,CHEMBL5789488,7.162097086101597,7.162097086101597,2
COc1n[nH]c2ncc(-c3cn(-c4c(Cl)ccc(NS(=O)(=O)c5cccc(Cl)c5)c4Cl)nn3)cc12,CHEMBL4582776,6.360513510731414,6.360513510731414,1
COc1n[nH]c2ncc(-c3cn(-c4c(F)ccc(NC(=O)Cc5cccc(Cl)c5)c4F)nn3)cc12,CHEMBL4444385,7.080398976215889,7.080398976215889,1
COc1n[nH]c2ncc(-c3cn(-c4c(F)ccc(NC(=O)Nc5cccc(Cl)c5)c4F)nn3)cc12,CHEMBL4532800,7.287350298372789,7.287350298372789,1
COc1n[nH]c2ncc(-c3cn(-c4c(F)ccc(NC(=O)c5cccc(Cl)c5)c4F)nn3)cc12,CHEMBL4523007,7.943095148663527,7.943095148663527,1
COc1n[nH]c2ncc(-c3cn(-c4c(F)ccc(NS(=O)(=O)c5ccc6ccccc6c5)c4F)nn3)cc12,CHEMBL4448690,6.0675262353228465,6.0675262353228465,1
COc1n[nH]c2ncc(-c3cn(-c4c(F)ccc(NS(=O)(=O)c5cccc(Br)c5)c4F)nn3)cc12,CHEMBL4542865,6.564952358660035,6.564952358660035,1
COc1n[nH]c2ncc(-c3cn(-c4c(F)ccc(NS(=O)(=O)c5cccc(C#N)c5)c4F)nn3)cc12,CHEMBL4579609,6.327625021253921,6.327625021253921,1
COc1n[nH]c2ncc(-c3cn(-c4c(F)ccc(NS(=O)(=O)c5cccc(C(C)C)c5)c4F)nn3)cc12,CHEMBL4449013,6.721246399047171,6.721246399047171,1
COc1n[nH]c2ncc(-c3cn(-c4c(F)ccc(NS(=O)(=O)c5cccc(C)c5)c4F)nn3)cc12,CHEMBL4454493,6.343901797987169,6.343901797987169,1
COc1n[nH]c2ncc(-c3cn(-c4c(F)ccc(NS(=O)(=O)c5cccc(Cl)c5)c4F)nn3)cc12,CHEMBL4524151,6.703334809738469,6.703334809738469,1
COc1n[nH]c2ncc(-c3cn(-c4c(F)ccc(NS(=O)(=O)c5cccc6ccccc56)c4F)nn3)cc12,CHEMBL4468296,6.900664722314042,6.900664722314042,1
COc1n[nH]c2ncc(-c3cn(-c4c(F)ccc(NS(=O)(=O)c5ccccc5)c4F)nn3)cc12,CHEMBL4446003,7.4089353929735005,7.4089353929735005,1
COc1n[nH]c2ncc(-c3cn(-c4cc(NS(=O)(=O)c5cccc(Cl)c5)ccc4F)nn3)cc12,CHEMBL4457930,6.476253533188435,6.476253533188435,1
COc1n[nH]c2ncc(-c3cn(-c4cccc(NS(=O)(=O)c5cccc(Cl)c5)c4F)nn3)cc12,CHEMBL4574656,6.0996328713435295,6.0996328713435295,1
COc1n[nH]c2ncc(C#Cc3c(F)ccc(NS(=O)(=O)c4cccc(Cl)c4)c3F)cc12,CHEMBL4096439,6.044889769029448,6.044889769029448,1
COc1n[nH]c2ncc(C#Cc3c(F)ccc(NS(=O)(=O)c4ccccc4)c3F)cc12,CHEMBL4080626,6.771599641296995,6.771599641296995,1
COc1n[nH]c2ncc(C#Cc3c(F)ccc(NS(=O)(=O)c4cccnc4)c3F)cc12,CHEMBL3582391,7.769551078621726,7.769551078621726,1
COc1n[nH]c2ncc(NC(=O)c3c(F)ccc(/N=N/c4ccc(C)cc4)c3F)cc12,CHEMBL4445595,7.494850021680094,7.494850021680094,1
COc1n[nH]c2ncc(NC(=O)c3c(F)ccc(/N=N/c4ccc(F)cc4)c3F)cc12,CHEMBL4435526,5.585026652029182,5.585026652029182,1
COc1n[nH]c2ncc(NC(=O)c3c(F)ccc(/N=N/c4ccccc4)c3F)cc12,CHEMBL4470156,5.774690718274137,5.774690718274137,1
COc1n[nH]c2ncc(NC(=O)c3c(F)ccc(/N=N/c4ccccc4C)c3F)cc12,CHEMBL4588836,5.769551078621726,5.769551078621726,1
COc1n[nH]c2ncc(NC(=O)c3c(F)ccc(/N=N/c4ccccc4F)c3F)cc12,CHEMBL4539692,6.494850021680094,6.494850021680094,1
COc1n[nH]c2ncc(NC(=O)c3c(F)ccc(/N=N\c4ccc(C)cc4)c3F)cc12,CHEMBL4547542,8.045757490560675,8.045757490560675,1
COc1n[nH]c2ncc(NC(=O)c3c(F)ccc(/N=N\c4ccc(F)cc4)c3F)cc12,CHEMBL4459079,5.09151498112135,5.09151498112135,1
COc1n[nH]c2ncc(NC(=O)c3c(F)ccc(/N=N\c4ccccc4)c3F)cc12,CHEMBL4527473,6.804100347590767,6.804100347590767,1
COc1n[nH]c2ncc(NC(=O)c3c(F)ccc(/N=N\c4ccccc4C)c3F)cc12,CHEMBL4571674,6.267606240177031,6.267606240177031,1
COc1n[nH]c2ncc(NC(=O)c3c(F)ccc(/N=N\c4ccccc4F)c3F)cc12,CHEMBL4448871,6.180456064458131,6.180456064458131,1
COc1n[nH]c2ncc(NC(=O)c3c(F)ccc(NC(=O)c4cccc(C(C)(C)C#N)c4)c3F)cc12,CHEMBL2153510,7.69149982943955,7.69149982943955,2
COc1n[nH]c2ncc(NC(=O)c3c(F)ccc(NC(=O)c4ccccc4)c3F)cc12,CHEMBL2153509,7.4089353929735005,7.4089353929735005,1
COc1n[nH]c2ncc(NC(=O)c3c(F)ccc(NS(=O)(=O)C4CC4)c3F)cc12,CHEMBL1822092,7.200659450546418,7.200659450546418,1
COc1n[nH]c2ncc(NC(=O)c3c(F)ccc(NS(=O)(=O)CC(C)C)c3F)cc12,CHEMBL1822090,8.346787486224656,8.346787486224656,1
COc1n[nH]c2ncc(NC(=O)c3c(F)ccc(NS(=O)(=O)CC4CC4)c3F)cc12,CHEMBL1822091,7.769551078621726,7.769551078621726,1
COc1n[nH]c2ncc(NC(=O)c3c(F)ccc(NS(=O)(=O)CCCF)c3F)cc12,CHEMBL1822089,8.886056647693163,8.886056647693163,1
COc1n[nH]c2ncc(NC(=O)c3c(F)ccc(NS(=O)(=O)Cc4ccccc4)c3F)cc12,CHEMBL1822093,6.721246399047171,6.721246399047171,1
COc1n[nH]c2ncc(NC(=O)c3c(F)ccc(NS(=O)(=O)N(C)C)c3F)cc12,CHEMBL1822097,7.7447274948966935,7.7447274948966935,1
COc1n[nH]c2ncc(NC(=O)c3c(F)ccc(NS(=O)(=O)N4CCCC4)c3F)cc12,CHEMBL1822099,8.065501548756432,8.065501548756432,1
COc1n[nH]c2ncc(NC(=O)c3c(F)ccc(NS(=O)(=O)NC(C)C)c3F)cc12,CHEMBL1822095,6.958607314841775,6.958607314841775,1
COc1n[nH]c2ncc(NC(=O)c3c(F)ccc(NS(=O)(=O)NCC(F)F)c3F)cc12,CHEMBL1822096,7.886056647693163,7.886056647693163,1
COc1n[nH]c2ncc(NC(=O)c3c(F)ccc(NS(=O)(=O)c4cc(F)ccc4F)c3F)cc12,CHEMBL1822259,9.0,9.0,1
COc1n[nH]c2ncc(NC(=O)c3c(F)ccc(NS(=O)(=O)c4ccc(F)cc4)c3F)cc12,CHEMBL1822260,7.337242168318426,7.337242168318426,1
COc1n[nH]c2ncc(NC(=O)c3c(F)ccc(NS(=O)(=O)c4cccc(F)c4)c3F)cc12,CHEMBL1822258,9.154901959985743,9.154901959985743,1
COc1n[nH]c2ncc(NC(=O)c3c(F)ccc(NS(=O)(=O)c4ccccc4)c3F)cc12,CHEMBL1822256,8.226728668260934,8.226728668260934,2
COc1n[nH]c2ncc(NC(=O)c3c(F)ccc(NS(=O)(=O)c4ccccc4F)c3F)cc12,CHEMBL1822257,8.744727494896694,8.744727494896694,1
COc1n[nH]c2ncc(NC(=O)c3c(F)ccc(NS(=O)(=O)c4ccccn4)c3F)cc12,CHEMBL1822261,7.795880017344075,7.795880017344075,1
COc1n[nH]c2ncc(NC(=O)c3c(F)ccc(NS(=O)(=O)c4cccnc4)c3F)cc12,CHEMBL1822262,9.301029995663981,9.301029995663981,1
COc1n[nH]c2ncc(NC(=O)c3c(F)ccc(NS(=O)(=O)c4ccco4)c3F)cc12,CHEMBL1822265,9.154901959985743,9.154901959985743,1
COc1n[nH]c2ncc(NC(=O)c3c(F)ccc(NS(=O)(=O)c4cccs4)c3F)cc12,CHEMBL1822264,9.698970004336019,9.698970004336019,1
COc1n[nH]c2ncc(NC(=O)c3c(F)ccc(NS(=O)(=O)c4cn(C)cn4)c3F)cc12,CHEMBL1822263,6.494850021680094,6.494850021680094,1
COc1n[nH]c2ncc(NC(=O)c3cc(C(=O)Nc4cccc(C(F)(F)F)c4)ccc3C)cc12,CHEMBL2153638,7.732226360411666,7.732226360411666,2
COc1n[nH]c2ncc(NC(=O)c3cc(NC(=O)c4ccc(Cl)c(C(F)(F)F)c4)ccc3F)cc12,CHEMBL2153634,7.951892707326797,7.951892707326797,2
COc1n[nH]c2ncc(NC(=O)c3cc(NC(=O)c4cccc(C(C)(C)C#N)c4)ccc3C)cc12,CHEMBL2153636,8.232986946971932,8.232986946971932,2
COc1n[nH]c2ncc(NC(=O)c3cc(NC(=O)c4cccc(C(C)(C)C#N)c4)ccc3Cl)cc12,CHEMBL2153635,8.289198036565084,8.289198036565084,2
COc1n[nH]c2ncc(NC(=O)c3cc(NC(=O)c4cccc(C(C)(C)C#N)c4)ccc3F)cc12,CHEMBL2153513,8.34948500216801,8.34948500216801,2
COc1n[nH]c2ncc(NC(=O)c3cccc(C(=O)Nc4ccccc4)c3)cc12,CHEMBL2153637,7.096910013008056,7.096910013008056,1
COc1n[nH]c2ncc(NC(=O)c3cccc(NC(=O)c4cccc(C(C)(C)C#N)c4)c3)cc12,CHEMBL2153514,7.949814727441218,7.949814727441218,2
COc1n[nH]c2ncc(NC(=O)c3cccc(NC(=O)c4cccc(C(C)(C)C#N)c4)c3F)cc12,CHEMBL2153633,7.018578659399378,7.018578659399378,2
COc1ncc(-c2cc(C(=O)Nc3cccc(C(C)(C)C#N)c3)ccc2C)cc1C1(O)COC1,CHEMBL5964998,5.4800408192479315,5.4800408192479315,1
COc1ncc(-c2cc(C(=O)Nc3ccnc(S(C)(=O)=O)c3)ccc2C)cc1C1(O)COC1,CHEMBL5907389,4.3075055924969154,4.3075055924969154,1
COc1ncc(-c2cc(NC(=O)c3cc(C(C)(C)C#N)ccn3)ccc2C)cc1C1(F)COC1,CHEMBL5966397,5.447940465812115,5.447940465812115,1
COc1ncc(-c2cc(NC(=O)c3cc(C(C)(C)C#N)ccn3)ccc2C)cc1C1(O)COC1,CHEMBL6048857,5.1888943929820694,5.1888943929820694,1
COc1ncc(-c2cc(NC(=O)c3cc(C(C)(C)C#N)ccn3)cnc2C)cc1C1(F)COC1,CHEMBL5888171,4.832416852034159,4.832416852034159,1
COc1ncc(-c2cc(NC(=O)c3cc(C(C)(C)F)ccn3)ccc2C)cc1C1(O)COC1,CHEMBL5834364,5.406603157699793,5.406603157699793,1
COc1ncc(-c2cc(NC(=O)c3cc(C(C)(C)F)ccn3)cnc2C)cc1C1(F)COC1,CHEMBL5858114,5.095338542084475,5.095338542084475,1
COc1ncc(-c2cc(NC(=O)c3cc(C(C)(C)F)ccn3)cnc2C)cc1C1(O)COC1,CHEMBL5884776,4.497928108793339,4.497928108793339,1
COc1ncc(-c2cc(NC(=O)c3cc(C(C)(C)N)cc(C(F)(F)F)c3)ccc2C)cc1C1(C(F)F)COC1,CHEMBL6065306,5.915781313260761,5.915781313260761,1
COc1ncc(-c2cc(NC(=O)c3cc(C(C)(C)N)cc(C(F)(F)F)c3)ccc2C)cc1C1(CF)COC1,CHEMBL5794819,5.744004273277598,5.744004273277598,1
COc1ncc(-c2cc(NC(=O)c3cc(C(C)(C)N)cc(C(F)(F)F)c3)ccc2C)cc1C1(F)COC1,CHEMBL5743179,5.528121800692709,5.528121800692709,1
COc1ncc(-c2cc(NC(=O)c3cc(C(C)(C)N)cc(C(F)(F)F)c3)ccc2C)cc1C1(O)COC1,CHEMBL6060032,5.194431182451444,5.194431182451444,1
COc1ncc(-c2cc(NC(=O)c3cc(C(C)(C)N)cc(C(F)(F)F)c3)cnc2C)cc1C1(C#N)COC1,CHEMBL5917669,4.756515477993542,4.756515477993542,1
COc1ncc(-c2cc(NC(=O)c3cc(C(C)(C)N)cc(C(F)(F)F)c3)cnc2C)cc1C1(C(F)F)COC1,CHEMBL5918762,5.323763783236688,5.323763783236688,1
COc1ncc(-c2cc(NC(=O)c3cc(C(C)(C)N)cc(C(F)(F)F)c3)cnc2C)cc1C1(CF)COC1,CHEMBL5829692,5.022276394711152,5.022276394711152,1
COc1ncc(-c2cc(NC(=O)c3cc(C(C)(C)N)cc(C(F)(F)F)c3)cnc2C)cc1C1(F)COC1,CHEMBL6030955,4.880975179885217,4.880975179885217,1
COc1ncc(-c2cc(NC(=O)c3cc(C(C)(C)O)ccn3)ccc2C)cc1C1(F)COC1,CHEMBL5782062,5.380384994257193,5.380384994257193,1
COc1ncc(-c2cc(NC(=O)c3cc(C(C)(F)F)ccn3)ccc2C)cc1C1(F)COC1,CHEMBL6009602,5.925183559354825,5.925183559354825,1
COc1ncc(-c2cc(NC(=O)c3cc(C(C)(F)F)ccn3)ccc2C)cc1C1(O)COC1,CHEMBL5782391,5.657182685364267,5.657182685364267,1
COc1ncc(-c2cc(NC(=O)c3cc(C(C)(F)F)ccn3)cnc2C)cc1C1(F)COC1,CHEMBL5971075,5.442252258358532,5.442252258358532,1
COc1ncc(-c2cc(NC(=O)c3cc(C(C)(F)F)ccn3)cnc2C)cc1C1(O)COC1,CHEMBL5833849,4.884888964495652,4.884888964495652,1
COc1ncc(-c2cc(NC(=O)c3cc(C(F)(F)F)ccn3)ccc2C)cc1C1(F)COC1,CHEMBL6061030,6.029653123769906,6.029653123769906,1
COc1ncc(-c2cc(NC(=O)c3cc(C(F)(F)F)ccn3)ccc2C)cc1C1(O)COC1,CHEMBL5974593,5.656394491895828,5.656394491895828,1
COc1ncc(-c2cc(NC(=O)c3cc(C(F)(F)F)ccn3)cnc2C)cc1C1(F)COC1,CHEMBL6022095,7.226945306635738,7.226945306635738,1
COc1ncc(-c2cc(NC(=O)c3cc(C(F)(F)F)ccn3)cnc2C)cc1C1(O)COC1,CHEMBL5991237,4.6289691005336735,4.6289691005336735,1
COc1ncc(-c2cc(NC(=O)c3cc(CN(C)C)cc(C(F)(F)F)c3)cnc2C)nc1N1CCOCC1,CHEMBL5830311,7.951440787827675,7.951440787827675,2
COc1ncc(-c2cc(NC(=O)c3cccc(C(F)(F)F)c3)ccc2C)cc1N1CCOCC1,CHEMBL3956383,8.97061622231479,8.965812659325584,5
COc1ncc(-c2cc(NC(=O)c3cccc(C(F)(F)F)c3)cnc2C)cc1C1(CF)COC1,CHEMBL5980995,6.328827157284916,6.328827157284916,1
COc1ncc(-c2cc(NC(=O)c3cccc(C(F)(F)F)c3)cnc2C)cc1C1(O)COC1,CHEMBL5995866,4.984556412048898,4.984556412048898,1
COc1ncc(-c2cc(NC(=O)c3cccc(C(F)(F)F)c3)cnc2C)cc1N1CCOCC1,CHEMBL3978705,8.777283528852417,8.755024851194234,5
COc1ncc(-c2cc(NC(=O)c3cccc(C(F)(F)F)c3)nnc2C)cc1N1CCOCC1,CHEMBL5926274,8.3767507096021,8.3767507096021,2
COc1ncc(-c2cc(NC(=O)c3ccnc(C(C)(C)C#N)c3)ccc2C)cc1C1(C=O)COC1,CHEMBL6001779,4.990209280645702,4.990209280645702,1
COc1ncc(-c2cc(NC(=O)c3ccnc(C(C)(C)C#N)c3)ccc2C)cc1C1(CF)COC1,CHEMBL5885604,6.236572006437063,6.236572006437063,1
COc1ncc(-c2cc(NC(=O)c3ccnc(C(C)(C)C#N)c3)ccc2C)cc1C1(F)COC1,CHEMBL5751350,5.88706002391592,5.88706002391592,1
COc1ncc(-c2cc(NC(=O)c3ccnc(C(C)(C)C#N)c3)ccc2C)cc1C1(O)COC1,CHEMBL5951073,5.37716452047848,5.37716452047848,1
COc1ncc(-c2cc(NC(=O)c3ccnc(C(C)(C)C#N)c3)ccc2C)cc1N1CCOCC1,CHEMBL3904596,8.422278475490979,8.42154553651658,5
COc1ncc(-c2cc(NC(=O)c3ccnc(C(C)(C)C#N)c3)cnc2C)cc1N1CCOCC1,CHEMBL3892757,7.871600731282194,7.8562550106285185,5
COc1ncc(-c2cc(NC(=O)c3ccnc(C(C)(C)C#N)c3)cnc2C)nc1N1CCOCC1,CHEMBL5934403,7.90135972093719,7.90135972093719,2
COc1ncc(-c2cc(NC(=O)c3ccnc(C(C)(C)C#N)c3)cnc2Cl)cc1N1CCOCC1,CHEMBL5863577,8.065501548756432,8.065501548756432,2
COc1ncc(-c2cc(NC(=O)c3ccnc(C(C)(C)F)c3)ccc2C)cc1C1(C#N)COC1,CHEMBL5900874,5.561299467099264,5.561299467099264,1
COc1ncc(-c2cc(NC(=O)c3ccnc(C(C)(C)F)c3)ccc2C)cc1C1(CF)COC1,CHEMBL6019679,6.379863945026242,6.379863945026242,1
COc1ncc(-c2cc(NC(=O)c3ccnc(C(C)(C)F)c3)ccc2C)cc1C1(O)COC1,CHEMBL5936399,5.574302786637409,5.574302786637409,1
COc1ncc(-c2cc(NC(=O)c3ccnc(C(C)(C)F)c3)cnc2C)cc1C1(C(F)F)COC1,CHEMBL5925833,5.8474059220725305,5.8474059220725305,1
COc1ncc(-c2cc(NC(=O)c3ccnc(C(C)(C)F)c3)cnc2C)cc1C1(F)COC1,CHEMBL5994203,5.428058364925538,5.428058364925538,1
COc1ncc(-c2cc(NC(=O)c3ccnc(C(C)(C)F)c3)cnc2C)cc1C1(O)COC1,CHEMBL5903773,4.642408152476559,4.642408152476559,1
COc1ncc(-c2cc(NC(=O)c3ccnc(C(C)(C)F)c3)cnc2C)cc1N1CCOCC1,CHEMBL5815543,8.200659450546418,8.200659450546418,2
COc1ncc(-c2cc(NC(=O)c3ccnc(C(C)(C)F)c3)cnc2C)nc1N1CCOCC1,CHEMBL5903277,8.35122916609092,8.35122916609092,2
COc1ncc(-c2cc(NC(=O)c3ccnc(C(C)(C)F)c3)cnc2Cl)cc1N1CCOCC1,CHEMBL6055307,8.468521082957745,8.468521082957745,2
COc1ncc(-c2cc(NC(=O)c3ccnc(C(C)(C)O)c3)ccc2C)cc1C1(O)COC1,CHEMBL5976595,4.631118343823666,4.631118343823666,1
COc1ncc(-c2cc(NC(=O)c3ccnc(C(C)(C)O)c3)cnc2C)cc1C1(F)COC1,CHEMBL6045829,4.457149685817988,4.457149685817988,1
COc1ncc(-c2cc(NC(=O)c3ccnc(C(C)(F)F)c3)ccc2C)cc1C1(CF)COC1,CHEMBL5948555,6.53313237964589,6.53313237964589,1
COc1ncc(-c2cc(NC(=O)c3ccnc(C(C)(F)F)c3)ccc2C)cc1C1(O)COC1,CHEMBL5901122,5.684869682816398,5.684869682816398,1
COc1ncc(-c2cc(NC(=O)c3ccnc(C(C)(F)F)c3)cnc2C)cc1C1(C#N)COC1,CHEMBL6009474,5.206349282292827,5.206349282292827,1
COc1ncc(-c2cc(NC(=O)c3ccnc(C(C)(F)F)c3)cnc2C)cc1C1(O)COC1,CHEMBL6037731,4.619607839942972,4.619607839942972,1
COc1ncc(-c2cc(NC(=O)c3ccnc(C(C)(F)F)c3)cnc2C)nc1N1CCOCC1,CHEMBL5956165,8.278603387030115,8.278603387030115,2
COc1ncc(-c2cc(NC(=O)c3ccnc(C(C)(F)F)c3)cnc2Cl)cc1N1CCOCC1,CHEMBL5773384,8.744727494896694,8.744727494896694,2
COc1ncc(-c2cc(NC(=O)c3ccnc(C(C)C)c3)cnc2C)cc1N1CCOCC1,CHEMBL5935389,7.887733468696958,7.887733468696958,2
COc1ncc(-c2cc(NC(=O)c3ccnc(C(F)(F)F)c3)ccc2C)cc1C1(CF)COC1,CHEMBL5960695,6.490797477668897,6.490797477668897,1
COc1ncc(-c2cc(NC(=O)c3ccnc(C(F)(F)F)c3)ccc2C)cc1C1(O)COC1,CHEMBL5995579,5.546987608878545,5.546987608878545,1
COc1ncc(-c2cc(NC(=O)c3ccnc(C(F)(F)F)c3)cnc2C)cc1C1(C#N)COC1,CHEMBL5918566,5.154405906839976,5.154405906839976,1
COc1ncc(-c2cc(NC(=O)c3ccnc(C(F)(F)F)c3)cnc2C)cc1C1(O)COC1,CHEMBL5784746,4.757020499265893,4.757020499265893,2
COc1ncc(-c2cc(NC(=O)c3ccnc(C(F)(F)F)c3)cnc2C)cc1N1CCOCC1,CHEMBL5864730,8.130768280269024,8.130768280269024,2
COc1ncc(-c2cc(NC(=O)c3ccnc(C(F)F)c3)ccc2C)cc1C1(O)COC1,CHEMBL5772015,4.884023570545183,4.884023570545183,1
COc1ncc(-c2cc(NC(=O)c3ccnc(C4(C#N)CC4)c3)ccc2C)cc1C1(O)COC1,CHEMBL5838606,5.656985502849232,5.656985502849232,1
COc1ncc(-c2cc(NC(=O)c3ccnc(C4(C#N)CC4)c3)cnc2C)cc1N1CCOCC1,CHEMBL5805337,8.221848749616356,8.221848749616356,2
COc1ncc(-c2cc(NC(=O)c3ccnc(C4(C#N)CC4)c3)cnc2C)nc1N1CCOCC1,CHEMBL5984220,8.3986196563034,8.3986196563034,2
COc1ncc(-c2cc(NC(=O)c3ccnc(C4(C#N)CC4)c3)cnc2Cl)cc1N1CCOCC1,CHEMBL5868357,8.537602002101044,8.537602002101044,2
COc1ncc(-c2cc(NC(=O)c3ccnc(S(C)(=O)=O)c3)ccc2C)nc1N1CCOCC1,CHEMBL5994611,8.301029995663981,8.301029995663981,2
COc1ncc(-c2cc(NC(=O)c3cnnc(C(F)(F)F)c3)cnc2Cl)cc1N1CCOCC1,CHEMBL5833172,8.045757490560675,8.045757490560675,2
COc1ncc(N2CCOCC2)cc1-c1cc(NC(=O)c2cccc(C(F)(F)F)c2)ccc1C,CHEMBL3922193,8.411168274405792,8.410342306750275,5
COc1ncc(NC(=O)c2ccnc(C(C)(C)C#N)c2)cc1-c1ccnc(N2CCOCC2)c1,CHEMBL3942611,7.42712839779952,7.429063454447358,7
COc1ncc2ncnc(Nc3cc(C(=O)Nc4cc(C(C)(C)C)n[nH]4)ccc3C)c2n1,CHEMBL3641186,8.522878745280337,8.522878745280337,1
COc1ncc2ncnc(Nc3cc(C(=O)Nc4cc(C(C)(C)C)nn4C)ccc3C)c2n1,CHEMBL3641179,7.958607314841775,7.958607314841775,1
COc1ncc2ncnc(Nc3cc(C(=O)Nc4cc(C(C)(C)C)on4)ccc3C)c2n1,CHEMBL3641187,8.698970004336019,8.698970004336019,1
COc1ncc2ncnc(Nc3cc(C(=O)Nc4cc(CN5CCCC5)cc(C(F)(F)F)c4)ccc3C)c2n1,CHEMBL3641185,9.0,9.0,1
COc1ncc2ncnc(Nc3cc(C(=O)Nc4cc(N(C)CCN(C)C)cc(C(F)(F)F)c4)ccc3C)c2n1,CHEMBL3641184,8.698970004336019,8.698970004336019,1
COc1ncc2ncnc(Nc3cc(C(=O)Nc4cc(N5CCN(C(C)C)CC5)cc(C(F)(F)F)c4)ccc3C)c2n1,CHEMBL3641180,8.698970004336019,8.698970004336019,1
COc1ncc2ncnc(Nc3cc(C(=O)Nc4ccc(OC)c(C(F)(F)F)c4)ccc3C)c2n1,CHEMBL3641182,8.698970004336019,8.698970004336019,1
COc1ncc2ncnc(Nc3cc(C(=O)Nc4cccc(C(F)(F)F)c4)ccc3C)c2n1,CHEMBL3641181,9.0,9.0,1
COc1ncc2ncnc(Nc3cc(NC(=O)c4cc(N5CCN(C)CC5)cc(C(F)(F)F)c4)ccc3C)c2n1,CHEMBL3641242,8.522878745280337,8.522878745280337,1
COc1ncc2ncnc(Nc3cc(NC(=O)c4ccc(Cl)c(C(F)(F)F)c4)ccc3C)c2n1,CHEMBL3641243,7.229147988357855,7.229147988357855,1
COc1ncc2ncnc(Nc3cc(NC(=O)c4ccc(OC)c(C(F)(F)F)c4)ccc3C)c2n1,CHEMBL3641241,7.886056647693163,7.886056647693163,1
COc1ncc2ncnc(Nc3cc(NC(=O)c4cccc(C(C)(C)C#N)c4)ccc3C)c2n1,CHEMBL3641240,8.698970004336019,8.698970004336019,1
COc1nnc(-c2cc(C(=O)Nc3ccnc(C(C)(F)F)c3)ccc2C)cc1N1CCOCC1,CHEMBL5932867,8.954677021213342,8.954677021213342,2
COc1nnc(-c2cc(C(=O)Nc3ccnc(C(F)(F)F)c3)ccc2C)cc1N1CCOCC1,CHEMBL5868519,9.008773924307505,9.008773924307505,2
COc1nnc(-c2cc(NC(=O)c3cccc(C(F)F)c3)cnc2C)cc1N1CCOCC1,CHEMBL5924921,8.638272163982407,8.638272163982407,2
COc1nnc(-c2cc(NC(=O)c3cccc(S(C)(=O)=O)c3)ccc2C)cc1N1CCOCC1,CHEMBL5800573,8.920818753952375,8.920818753952375,2
COc1nnc(-c2cc(NC(=O)c3ccnc(C(C)(C)C#N)c3)ccc2C)cc1N1CCOCC1,CHEMBL5829476,8.67778070526608,8.67778070526608,2
COc1nnc(-c2cc(NC(=O)c3ccnc(C(C)(C)F)c3)ccc2C)cc1N1CCOCC1,CHEMBL5911416,8.522878745280337,8.522878745280337,4
COc1nnc(-c2cc(NC(=O)c3ccnc(C(C)(C)F)c3)cnc2C)cc1N1CCOCC1,CHEMBL5850631,8.309803919971486,8.309803919971486,2
COc1nnc(-c2cc(NC(=O)c3ccnc(C(C)(C)O)c3)ccc2C)cc1N1CCOCC1,CHEMBL5919653,8.4089353929735,8.4089353929735,2
COc1nnc(-c2cc(NC(=O)c3ccnc(C(C)(F)F)c3)ccc2C)cc1N1CCOCC1,CHEMBL5845755,8.958607314841775,8.958607314841775,2
COc1nnc(-c2cc(NC(=O)c3ccnc(C(C)(F)F)c3)cnc2C)cc1N1CCOCC1,CHEMBL5762577,8.568636235841012,8.568636235841012,2
COc1nnc(-c2cc(NC(=O)c3ccnc(C(F)(F)F)c3)ccc2C)cc1N1CCOCC1,CHEMBL5848474,9.0,9.0,2
COc1nnc(-c2cc(NC(=O)c3ccnc(C(F)(F)F)c3)cnc2C)cc1N1CCOCC1,CHEMBL5840744,8.568636235841012,8.568636235841012,2
COc1nnc(-c2cc(NC(=O)c3ccnc(C4CC4)c3)ccc2C)cc1N1CCOCC1,CHEMBL5760553,8.920818753952375,8.920818753952375,2
COc1nnc(-c2cc(NC(=O)c3ccnc(C4CC4)c3)cnc2C)cc1N1CCOCC1,CHEMBL5745427,8.455931955649724,8.455931955649724,2
COc1nnc(-c2cc(NC(=O)c3cnnc(C(C)(C)C#N)c3)ccc2C)cc1N1CCOCC1,CHEMBL5803955,8.267606240177031,8.267606240177031,2
COc1nnc(-c2cc(NC(=O)c3cnnc(C(F)(F)F)c3)ccc2C)cc1N1CCOCC1,CHEMBL5957055,8.920818753952375,8.920818753952375,4
CS(=O)(=O)CCNC(=O)c1cc(CNc2ccccc2C(=O)Nc2ccc3c(c2)OC(F)(F)O3)ccn1,CHEMBL245804,6.655607726314889,6.655607726314889,1
CS(=O)(=O)N(CCC#N)Cc1ccc(/C=C2/C(=O)NC(=S)N(c3ccc(Br)cc3)C2=O)o1,CHEMBL2070585,6.356547323513812,6.356547323513812,1
CS(=O)(=O)N(CCC#N)Cc1ccc(/C=C2/C(=O)NC(=S)N(c3ccc(Cl)c(Cl)c3)C2=O)o1,CHEMBL2070582,6.086186147616283,6.086186147616283,1
CS(=O)(=O)N1C2CCC1CC(c1ccnc3c(-c4cccc5[nH]ncc45)c(-c4ccncc4)nn13)C2,CHEMBL570453,8.309803919971486,8.309803919971486,1
CS(=O)(=O)Nc1cc(CNc2ccccc2C(=O)Nc2ccc3c(c2)OC(F)(F)O3)ccn1,CHEMBL246423,6.2262135550188065,6.2262135550188065,1
CS(=O)(=O)Nc1cc(Cl)cc(-c2[nH]c(C3CC3)nc2-c2ccnc(N)n2)c1F,CHEMBL3651663,8.397940008672037,8.397940008672037,1
CS(=O)(=O)Nc1cc(Cl)cc(-c2[nH]c(C3CC3)nc2-c2ccnc(NCCC#N)n2)c1F,CHEMBL3651683,10.096910013008056,10.096910013008056,1
CS(=O)(=O)Nc1cc(F)cc(-c2[nH]c(C3CC3)nc2-c2ccnc(N)n2)c1Cl,CHEMBL3651673,7.920818753952375,7.920818753952375,1
CS(=O)(=O)Nc1cc(F)cc(-c2[nH]c(C3CC3)nc2-c2ccncn2)c1Cl,CHEMBL3651691,7.060480747381382,7.060480747381382,1
CS(=O)(=O)Nc1cc(NC(=O)Nc2ccc(Oc3ccnc(NC(=O)C4CC4)c3)c(F)c2)cc(C(F)(F)F)c1,CHEMBL3943475,8.18045606445813,8.18045606445813,1
CS(=O)(=O)Nc1ccc(-c2ccc3ncnc(Nc4cccc5[nH]ncc45)c3c2)cc1,CHEMBL3661250,6.374569462437481,6.374569462437481,2
CS(=O)(=O)Nc1ccc(F)c(Nc2ncccc2-c2ncnc3[nH]cnc23)c1F,CHEMBL3798635,6.443697499232712,6.425783428408901,3
CS(=O)(=O)Nc1cccc(-c2[nH]c(C3CC3)nc2-c2ccnc(NCC3(C#N)CC3)n2)c1Cl,CHEMBL3639505,7.455931955649724,7.455931955649724,1
CS(=O)(=O)Nc1cccc(-c2[nH]c(C3CC3)nc2-c2ccnc(NCCC#N)n2)c1F,CHEMBL3651687,8.397940008672037,8.397940008672037,1
CS(=O)(=O)Nc1cccc(-c2ccc3ncnc(Nc4cccc(O)c4)c3c2)c1,CHEMBL3661249,7.088850564368816,7.088850564368816,2
CS(=O)(=O)Nc1cccc(-c2ccc3ncnc(Nc4cccc5[nH]ncc45)c3c2)c1,CHEMBL3661271,6.319413830367529,6.319413830367529,2
CS(=O)(=O)c1cc(NC(=O)Nc2ccc(Oc3ccnc(NC(=O)C4CC4)c3)c(F)c2)cc(C(F)(F)F)c1,CHEMBL3973002,7.585026652029182,7.585026652029182,1
CS(=O)(=O)c1cc(NC(=O)Nc2ccc(Oc3ccnc(NC(=O)C4CC4)c3)cc2)cc(C(F)(F)F)c1,CHEMBL3928460,8.292429823902063,8.292429823902063,1
CS(=O)(=O)c1cc(NC(=O)Nc2ccc(Oc3ccnc(NC(=O)C4CC4)c3)cn2)cc(C(F)(F)F)c1,CHEMBL3932302,7.537602002101044,7.537602002101044,1
CS(=O)(=O)c1cc(NC(=O)Nc2ccc(Oc3ccnc(NC(=O)C4CC4)c3)nc2)cc(C(F)(F)F)c1,CHEMBL3958722,7.527243550682788,7.527243550682788,1
CS(=O)(=O)c1cc(Oc2ccnc3[nH]c(=O)[nH]c23)ccc1NC(=O)Nc1ccc(Cl)c(C(F)(F)F)c1,CHEMBL495801,6.002182402701225,6.002182402701225,2
CS(=O)(=O)c1ccc(-c2ccc3nccc(Nc4cccc5[nH]ncc45)c3c2)cc1,CHEMBL3661294,6.89891964915152,6.89891964915152,2
CS(=O)(=O)c1ccc(-c2ccc3ncnc(Nc4cccc5[nH]ncc45)c3c2)cc1,CHEMBL3661285,6.585361754076633,6.585361754076633,2
CS(=O)(=O)c1nccc(-c2c(-c3cccc(OCc4ccccc4)c3)nc3sccn23)n1,CHEMBL4860202,4.87942606879415,4.87942606879415,1
CSc1cc(Oc2ccnc3[nH]c(=O)[nH]c23)ccc1NC(=O)Nc1cc(C(C)(C)C)nn1-c1ccc(C)cc1,CHEMBL1092541,7.185499190356504,7.185499190356504,4
CSc1cc(Oc2ccnc3[nH]c(=O)[nH]c23)ccc1NC(=O)Nc1cc(C(F)(F)F)ccc1F,CHEMBL496202,6.717548663735397,6.717548663735397,2
CSc1cc(Oc2ccnc3[nH]c(=O)[nH]c23)ccc1NC(=O)Nc1ccc(Cl)c(C(F)(F)F)c1,CHEMBL496201,7.607335082494616,7.607335082494616,2
CSc1cc(Oc2ccnc3[nH]c(=O)[nH]c23)ccc1NC(=O)Nc1cccc(C(F)(F)F)c1,CHEMBL496009,7.4430283238465815,7.4430283238465815,2
CSc1cc(Oc2ccnc3[nH]c(=O)c(=O)[nH]c23)ccc1NC(=O)Nc1cc(C(F)(F)F)ccc1F,CHEMBL1214000,7.479303657420887,7.479303657420887,2
CSc1cc(Oc2ccnc3[nH]c(=O)c(=O)[nH]c23)ccc1NC(=O)Nc1ccc(Cl)c(C(F)(F)F)c1,CHEMBL1213998,7.376013366819096,7.376013366819096,2
CSc1cc(Oc2ccnc3[nH]c(=O)c(C)nc23)ccc1NC(=O)Nc1cc(C(C)(C)C)nn1-c1ccc(C)cc1,CHEMBL1214057,7.920818753952375,7.920818753952375,2
CSc1cc(Oc2ccnc3[nH]c(=O)c(C)nc23)ccc1NC(=O)Nc1cc(C(C)(C)C)nn1-c1ccccc1,CHEMBL1214055,8.110924374808178,8.110924374808178,2
CSc1cc(Oc2ccnc3[nH]c(=O)c(C)nc23)ccc1NC(=O)Nc1cc(C(F)(F)F)ccc1F,CHEMBL1214001,7.856099135034887,7.856099135034887,2
CSc1cc(Oc2ccnc3[nH]c(=O)cnc23)ccc1NC(=O)Nc1cc(C(C)(C)C)nn1-c1ccc(C)cc1,CHEMBL1214056,8.011138197355576,8.011138197355576,2
CSc1cc(Oc2ccnc3[nH]c(=O)cnc23)ccc1NC(=O)Nc1cc(C(C)(C)C)nn1-c1ccccc1,CHEMBL4204895,8.06246936830415,8.06246936830415,2
CSc1cc(Oc2ccnc3[nH]c(=O)cnc23)ccc1NC(=O)Nc1cc(C(F)(F)F)ccc1F,CHEMBL1213999,7.55395269865476,7.55395269865476,2
CSc1cc(Oc2ccnc3[nH]c(=O)cnc23)ccc1NC(=O)Nc1ccc(Cl)c(C(F)(F)F)c1,CHEMBL1213952,7.563049201067769,7.563049201067769,2
CSc1cc(Oc2ccnc3ncc(=O)[nH]c23)ccc1NC(=O)Nc1cc(C(C)(C)C)nn1-c1ccccc1,CHEMBL1214324,6.6712330562210065,6.6712330562210065,2
CSc1cc(Oc2ccnc3ncc(=O)[nH]c23)ccc1NC(=O)Nc1cc(C(F)(F)F)ccc1F,CHEMBL1214252,5.894760478677376,5.894760478677376,2
CSc1cc(Oc2ccnc3ncc(=O)[nH]c23)ccc1NC(=O)Nc1ccc(Cl)c(C(F)(F)F)c1,CHEMBL1214251,6.2738843777970885,6.2738843777970885,2
CSc1ccc(C2=NN(C(=S)Nc3ccccc3)C(c3ccc4c(c3)OCCO4)C2)cc1,CHEMBL4291854,3.806875401645539,3.806875401645539,1
CSc1csc2cc(-c3nc(-c4ccc(OCCN(C)C)cc4)[nH]c3-c3ccncc3)ccc12,CHEMBL2336821,4.853871964321762,4.853871964321762,1
CSc1nc2c(c(=O)[nH]c(=O)n2C)n1Cc1ccccc1,CHEMBL459931,4.521289244487241,4.521289244487241,1
C[C@@H](NC(=O)C1CCCCN1C)c1ccc(Nc2ncc3cc(-c4ccncc4)ccc3n2)cc1,CHEMBL2335898,6.999241311588248,6.999241311588248,2
C[C@@H](NC(=O)C1CCNCC1)c1ccc(Nc2ncc3cc(-c4ccncc4)ccc3n2)cc1,CHEMBL2335901,6.638272163982407,6.519737439375051,4
C[C@@H](NC(=O)[C@H]1CCCCN1)c1ccc(Nc2ncc3cc(-c4ccncc4)ccc3n2)cc1,CHEMBL2335897,6.597581968726053,6.784279426764206,4
C[C@@H](NC(=O)[C@H]1CCCCN1C)c1ccc(Nc2ncc3cc(-c4ccncc4)ccc3n2)cc1,CHEMBL4282468,6.650849618844491,6.650849618844491,2
C[C@@H](NC(=O)[C@H]1CCCCN1CCO)c1ccc(Nc2ncc3cc(-c4ccncc4)ccc3n2)cc1,CHEMBL2335899,6.991399828238082,7.143714168419267,4
C[C@@H](NC(=O)[C@H]1CCCN1)c1ccc(Nc2ncc3cc(-c4ccncc4)ccc3n2)cc1,CHEMBL2335902,6.669789262889025,6.784983258174471,4
C[C@@H](NC(=O)[C@H]1CCCNC1)c1ccc(Nc2ncc3cc(-c4ccncc4)ccc3n2)cc1,CHEMBL2335900,6.59176003468815,6.65684783028865,4
C[C@@H](NC(=O)c1ncnc(N)c1Cl)c1ncc(C(=O)Nc2cc(C(F)(F)F)c(Cl)cn2)s1,CHEMBL3348923,6.612272693594884,6.612272693594884,2
C[C@@H](NC1=CC(=O)CC1)c1ccc(Nc2ncc3cc(-c4ccncc4)ccc3n2)cc1,CHEMBL2335904,7.028425440285968,7.3461882556590545,4
C[C@@H](NC1=CC(=O)CCC1)c1ccc(Nc2ncc3cc(-c4ccncc4)ccc3n2)cc1,CHEMBL2335903,7.431798275933005,7.672894435610363,4
C[C@@H](NC1=CC(=O)CNC1)c1ccc(Nc2ncc3cc(-c4ccncc4)ccc3n2)cc1,CHEMBL2335906,7.4089353929735005,7.357145158791928,4
C[C@@H](NC1=CC(=O)NCC1)c1ccc(Nc2ncc3cc(-c4ccncc4)ccc3n2)cc1,CHEMBL2335905,6.801342913045577,7.124898493423152,4
C[C@@H](O)CNc1cc(Oc2ccc(NC(=O)Nc3cccc(C(F)(F)F)c3)cc2)ncn1,CHEMBL4847826,6.0,6.0,1
C[C@@H]1CN(Cc2ccc(C(=O)N[C@@H]3[C@H]4Oc5ccc(Oc6ccnc7c6CCC(=O)N7)cc5[C@@H]34)cc2C(F)(F)F)C[C@H](C)O1,CHEMBL5981661,7.0655015487564325,7.0655015487564325,1
C[C@@H]1COCCN1c1nc(-c2cccc3[nH]ccc23)nc2ccc(-c3ccnn3C)cc12,CHEMBL5178459,5.751046384504292,5.751046384504292,1
C[C@H](CO)Cc1nc(-c2ccc(Cl)c(Cl)c2)c2c(N)c(C(N)=O)sc2n1,CHEMBL1934506,5.749093941462453,5.749093941462453,2
C[C@H](CO)Nc1nc(-c2ccc(Cl)c(Cl)c2)c2c(N)c(C(N)=O)sc2n1,CHEMBL1934503,6.295930917193732,6.295930917193732,2
C[C@H](CO)Oc1nc(-c2ccc(Cl)c(Cl)c2)c2c(N)c(C(N)=O)sc2n1,CHEMBL1934505,6.2317207787142355,6.2317207787142355,2
C[C@H](NC(=O)c1ncnc(N)c1Cl)c1ncc(C(=O)Nc2cc(C(F)(F)F)c(Cl)cn2)s1,CHEMBL4204780,7.154901959985743,7.154901959985743,1
C[C@H](O)CNc1cc(Oc2ccc(NC(=O)Nc3cccc(C(F)(F)F)c3)cc2)ncn1,CHEMBL4859309,6.096910013008056,6.096910013008056,1
C[C@H](O)CNc1nccc(-c2nc(C3CC3)[nH]c2-c2cccc(NS(C)(=O)=O)c2F)n1,CHEMBL3651694,7.552841968657781,7.552841968657781,1
C[C@H](O)CNc1nccc(-n2ccnc2Cc2cccc(NC(=O)Nc3ccc(Cl)c(C(F)(F)F)c3)c2)n1,CHEMBL3309549,7.07364414090673,7.07364414090673,2
C[C@H](O)CNc1nccc(C2=C(c3cc(Cl)cc(NS(=O)(=O)c4cc(F)ccc4F)c3F)C(=O)C(C)(C)O2)n1,CHEMBL3974635,7.619788758288394,7.619788758288394,1
C[C@H]1CN(Cc2ccc(C(=O)N[C@@H]3[C@H]4Oc5ccc(Oc6ccnc7c6CCC(=O)N7)cc5[C@@H]34)cc2C(F)(F)F)CCN1,CHEMBL5773114,8.207608310501746,8.207608310501746,1
C[Si](C)(C)CCOCn1cnc2c(Oc3ccc4c(c3)[C@H]3[C@H](NC(=O)Nc5ccc(F)c(C(F)(F)F)c5)[C@H]3O4)ncnc21,CHEMBL5892001,5.0,5.0,1
Cc1c(-c2nc3c(c(N4CCOCC4)n2)CS(=O)(=O)C3)cc(NC(=O)c2cccc(C(F)(F)F)c2)c[n+]1[O-],CHEMBL5905506,5.886056647693163,5.886056647693163,2
Cc1c(Cc2ccc(F)cc2)c(=O)oc2cc(OC(=O)N(C)C)ccc12,CHEMBL78779,6.494850021680094,6.494850021680094,1
Cc1c(Cl)cccc1N1C(=O)/C(=C\c2ccc(-c3ccc(C(=O)O)cc3)o2)C(=O)NC1=S,CHEMBL2070572,5.603800652904264,5.603800652904264,1
Cc1c(Cl)cccc1N1C(=O)c2ccccc2C1(O)c1ccc2c(c1)NC(=O)CO2,CHEMBL3944834,7.0,7.0,1
Cc1c(Cl)cccc1S(=O)(=O)Nc1ccc(F)c(Nc2ncccc2-c2ncnc3[nH]cnc23)c1F,CHEMBL3944643,8.698970004336019,8.698970004336019,1
Cc1c(NC(=O)Nc2ccc(Cl)c(C(F)(F)F)c2)ccc(Oc2ccnc3[nH]c(=O)[nH]c23)c1C,CHEMBL523905,6.33037368298365,6.33037368298365,2
Cc1c(Nc2c(F)c(F)cc(NS(=O)(=O)CCCF)c2Cl)ccc2ncn(C)c(=O)c12,CHEMBL5938245,8.838631997765026,8.838631997765026,2
Cc1c(Nc2c(F)c(F)cc(NS(=O)(=O)CCCF)c2F)ccc2ncn(C)c(=O)c12,CHEMBL6040397,8.756961951313706,8.756961951313706,2
Cc1c(Nc2c(F)ccc(NS(=O)(=O)C3CC3)c2Cl)ccc2ncn(C)c(=O)c12,CHEMBL5563407,6.726420439336291,6.726420439336291,2
Cc1c(Nc2c(F)ccc(NS(=O)(=O)CC(C)C)c2Cl)ccc2ncn(C)c(=O)c12,CHEMBL5564615,7.1979107421182675,7.150878114662873,4
Cc1c(Nc2c(F)ccc(NS(=O)(=O)CC3CC3)c2Cl)ccc2ncn(C)c(=O)c12,CHEMBL5564932,7.17979854051436,7.181155076725242,4
Cc1c(Nc2c(F)ccc(NS(=O)(=O)CCCF)c2Cl)ccc2ncn(C)c(=O)c12,CHEMBL5095256,8.488116639021126,8.306848200312825,10
Cc1c(Nc2c(F)ccc(NS(=O)(=O)CCCF)c2F)ccc2ncn(C)c(=O)c12,CHEMBL5796699,7.847711655616943,7.847711655616943,2
Cc1c(Nc2c(F)ccc(NS(=O)(=O)N3CCCC3)c2Cl)ccc2ncn(C)c(=O)c12,CHEMBL5957718,7.459670525209126,7.459670525209126,2
Cc1c(Nc2c(F)ccc(NS(=O)(=O)N3CC[C@@H](F)C3)c2Cl)ccc2ncn(C)c(=O)c12,CHEMBL6030052,7.863279432843593,7.863279432843593,2
Cc1c(Nc2c(F)ccc(NS(=O)(=O)c3cc(F)ccc3F)c2Cl)ccc2ncn(C)c(=O)c12,CHEMBL5935673,9.468521082957745,9.468521082957745,2
Cc1c(Nc2c(F)ccc(NS(=O)(=O)c3ccccc3)c2Cl)ccc2ncn(C)c(=O)c12,CHEMBL5761585,8.40340290437354,8.40340290437354,2
Cc1c(Nc2c(F)ccc(NS(=O)(=O)c3ccccn3)c2Cl)ccc2ncn(C)c(=O)c12,CHEMBL5933312,7.308034897232639,7.308034897232639,2
Cc1c(Nc2c(F)ccc(NS(=O)(=O)c3ccco3)c2Cl)ccc2ncn(C)c(=O)c12,CHEMBL5806587,9.154901959985743,9.154901959985743,2
Cc1c(Nc2c(F)cnc(NS(=O)(=O)CC3CC3)c2Cl)ccc2ncn(C)c(=O)c12,CHEMBL5874923,7.379863945026242,7.379863945026242,2
Cc1c(Nc2c(F)cnc(NS(=O)(=O)CC3CC3)c2F)ccc2ncn(C)c(=O)c12,CHEMBL5993444,7.219682687859849,7.219682687859849,2
Cc1c(Nc2c(F)cnc(NS(=O)(=O)CCCF)c2Cl)ccc2ncn(C)c(=O)c12,CHEMBL5739974,8.207608310501746,8.207608310501746,2
Cc1c(Nc2c(F)cnc(NS(=O)(=O)CCCF)c2F)ccc2ncn(C)c(=O)c12,CHEMBL5988590,8.013228265733755,8.013228265733755,2
Cc1c(Nc2cc(F)cc(NS(=O)(=O)CCCF)c2Cl)ccc2ncn(C)c(=O)c12,CHEMBL5770252,8.21824462534753,8.21824462534753,2
Cc1c(Nc2cccc(NS(=O)(=O)CCCF)c2Cl)ccc2ncn(C)c(=O)c12,CHEMBL5931327,7.94234455254475,7.94234455254475,4
Cc1c(Oc2c(F)ccc(NS(=O)(=O)CCCF)c2Cl)ccc2ncn(C)c(=O)c12,CHEMBL6011480,8.6259059864969,8.6259059864969,4
Cc1c(Oc2c(F)ccc(NS(=O)(=O)CCCF)c2F)ccc2ncn(C)c(=O)c12,CHEMBL5943269,7.889410289700751,7.889410289700751,2
Cc1c(Oc2c(F)cnc(NS(=O)(=O)CCCF)c2F)ccc2ncn(C)c(=O)c12,CHEMBL5743554,7.982966660701219,7.982966660701219,2
Cc1c(Oc2cc(F)cc(NS(=O)(=O)CCCF)c2F)ccc2ncn(C)c(=O)c12,CHEMBL5957553,8.371611069949688,8.371611069949688,2
Cc1c(Oc2cccc(NS(=O)(=O)CCCF)c2Cl)ccc2ncn(C)c(=O)c12,CHEMBL5862511,8.068033885271827,8.068033885271827,2
Cc1c(Oc2cccc(NS(=O)(=O)CCCF)c2F)ccc2ncn(C)c(=O)c12,CHEMBL5929953,7.681936665037238,7.681936665037238,2
Cc1c[nH]nc1-c1ccc(-c2cn(C)nc2-c2ccncc2)cc1,CHEMBL498468,8.255724641749778,8.255724641749778,2
Cc1c[nH]nc1-c1ccc(-c2nc(-c3ccc(OCCN(C)C)cc3)[nH]c2-c2ccncc2)cc1,CHEMBL1253867,5.807733692252875,5.807733692252875,2
Cc1cc(-c2oc3cnccc3c2Nc2ccc3c(c2)CC/C3=N\O)no1,CHEMBL1668921,6.437707135543525,6.437707135543525,1
Cc1cc(=O)c(C(=O)Nc2cccc(C(F)(F)F)c2)cn1-c1ccnc(N2CCOCC2)c1,CHEMBL6016515,7.096910013008056,7.096910013008056,2
Cc1cc(C(=O)N[C@@H]2[C@H]3Oc4ccc(Oc5ccnc6c5CCC(=O)N6)cc4[C@@H]23)ccc1CN1CCN(C)CC1,CHEMBL5863733,8.259637310505756,8.259637310505756,1
Cc1cc(C(=O)N[C@@H]2[C@H]3Oc4ccc(Oc5ccnc6c5CCC(=O)N6)cc4[C@@H]23)ccc1CO,CHEMBL5945719,9.0,9.0,1
Cc1cc(C(=O)Nc2cc(C(C)(C)C)nn2C)cc(Nc2ncnc3cnc(N4CCN(C)CC4)nc23)c1C,CHEMBL3697914,8.096910013008056,8.096910013008056,1
Cc1cc(C(=O)Nc2cc(C(C)(C)C)nn2C)cc(Nc2ncnc3cnc(N4CCOCC4)nc23)c1C,CHEMBL3697913,8.301029995663981,8.301029995663981,1
Cc1cc(C(=O)Nc2ccc(C)c(-c3cc(N4CCOCC4)c(=O)n(C)c3)c2)n(C)n1,CHEMBL5915422,7.0,7.0,2
Cc1cc(C(=O)Nc2ccc(C)c(Nc3ncccc3-c3ncnc4[nH]cnc34)c2)ccc1Cl,CHEMBL3354837,8.59176003468815,8.59176003468815,1
Cc1cc(C(=O)Nc2cccc(Oc3ccc4nc(NC(=O)C5CC5)nn4c3)c2)n(C)n1,CHEMBL2409775,6.537602002101044,6.537602002101044,1
Cc1cc(C(=O)Nc2cccc(Oc3cccc4[nH]c(=O)[nH]c34)c2)n(C)n1,CHEMBL598652,4.102372908709558,4.102372908709558,1
Cc1cc(C(=O)Nc2cnc(C)c(-c3cc(N4CCOCC4)c(=O)n(C)c3)c2)n(C)n1,CHEMBL5923546,5.552841968657781,5.552841968657781,2
Cc1cc(C(=O)Nc2cnc(C)c(-c3cc4[nH]cnc4c(N4CCOCC4)n3)c2)n(C)n1,CHEMBL5739978,6.698970004336019,6.698970004336019,2
Cc1cc(C)c2c(=O)n(C(=O)c3cccs3)sc2n1,CHEMBL2087789,6.309894379144197,6.309894379144197,2
Cc1cc(C)n(-c2nc3c(c(=O)n(C)c(=O)n3C)n2Cc2ccccc2)n1,CHEMBL518187,4.238748925691337,4.238748925691337,1
Cc1cc(Cl)ccc1NC(=O)N[C@@H]1[C@H]2Oc3ccc(Oc4ccnc5c4CCC(=O)N5)cc3[C@@H]12,CHEMBL5982235,5.958607314841775,5.958607314841775,1
Cc1cc(F)c(NC(=O)NCCC(C)(C)C)cc1-c1cc2cnc(N)nc2nc1C,CHEMBL3577122,8.102372908709558,8.102372908709558,1
Cc1cc(N2C[C@@H]3C[C@H]2CN3C)ccc1-c1ccnc2c(-c3cccc4[nH]ncc34)c(-c3ccncc3)nn12,CHEMBL1276168,9.292429823902063,9.292429823902063,1
Cc1cc(NC(=O)N[C@@H]2[C@H]3Oc4ccc(Oc5ccnc6c5CCC(=O)N6)cc4[C@@H]23)ccc1F,CHEMBL5965604,5.823908740944319,5.823908740944319,1
Cc1cc(NC(=O)Nc2cc(C(C)(F)F)ccc2F)ccc1Oc1cc(NC(=O)C2CC2)ncn1,CHEMBL3914631,6.954677021213342,6.954677021213342,1
Cc1cc(NC(=O)Nc2cc(C(C)(F)F)ccc2F)ccc1Oc1ccnc(NC(=O)C2CC2)c1,CHEMBL3982896,7.795880017344075,7.795880017344075,1
Cc1cc(NC(=O)Nc2cc(C(F)(F)F)ccc2F)cnc1Oc1ccnc(NC(=O)C2CC2)c1,CHEMBL3905711,7.982966660701219,7.982966660701219,1
Cc1cc(NC(=O)Nc2cc(OC(C)C)cc(C(F)(F)F)c2)cnc1Oc1ccnc(NC(=O)C2CC2)c1,CHEMBL3977445,7.211831628858832,7.211831628858832,1
Cc1cc(NC(=O)Nc2ccc(Cl)c(C(C)(F)F)c2)ccc1Oc1ccnc(NC(=O)C2CC2)c1,CHEMBL3954230,7.667679012221937,7.667679012221937,2
Cc1cc(NC(=O)Nc2ccc(Cl)c(C(F)(F)F)c2)ccc1Oc1cc(NC(=O)C2CC2)ncn1,CHEMBL3960088,7.013228265733755,7.013228265733755,1
Cc1cc(NC(=O)Nc2ccc(Cl)c(C(F)(F)F)c2)ccc1Oc1ccnc(NC(=O)C2CC2)c1,CHEMBL3961993,7.6020599913279625,7.6020599913279625,1
Cc1cc(NC(=O)Nc2ccc(Cl)c(C(F)(F)F)c2)ccc1Oc1ccnc2[nH]c(=O)[nH]c12,CHEMBL522724,5.933710076170131,5.933710076170131,2
Cc1cc(NC(=O)Nc2ccc(Cl)c(C(F)(F)F)c2)cnc1Oc1ccnc(NC(=O)C2CC2)c1,CHEMBL3931364,7.804100347590766,7.804100347590766,1
Cc1cc(NC(=O)Nc2ccc(F)c(C(C)(F)F)c2)ccc1Oc1cc(NC(=O)C2CC2)ncn1,CHEMBL3940325,6.53313237964589,6.53313237964589,1
Cc1cc(NC(=O)Nc2ccc(F)c(C(F)(F)F)c2)ccc1Oc1ccnc(NC(=O)C2CC2)c1,CHEMBL3969741,7.684029654543082,7.684029654543082,1
Cc1cc(NC(=O)Nc2ccc(Oc3ccnc4[nH]c(=O)[nH]c34)cc2)n(-c2ccc(Cl)cc2)n1,CHEMBL1092465,5.346251981043394,5.346251981043394,2
Cc1cc(NC(=O)Nc2cccc(C(F)(F)F)c2)ccc1Oc1ccnc(NC(=O)C2CC2)c1,CHEMBL3940199,7.903089986991944,7.903089986991944,1
Cc1cc(NC(=O)Nc2cccc(OC(F)(F)F)c2)ccc1Oc1ccnc(NC(=O)C2CC2)c1,CHEMBL3978101,7.853871964321762,7.853871964321762,1
Cc1cc(NC(=O)c2ccc(C)c(Nc3ncccc3-c3ncnc4[nH]cnc34)c2)ccc1Cl,CHEMBL3354384,8.146910470148134,8.263392436120872,3
Cc1cc(NS(C)(=O)=O)c(Cl)c(-c2[nH]c(C3(C)CC3)nc2-c2ccnc(NCCC#N)n2)c1,CHEMBL3651656,9.537602002101044,9.537602002101044,1
Cc1cc(NS(C)(=O)=O)c(F)c(-c2[nH]c(C3(C)CC3)nc2-c2ccnc(NCCC#N)n2)c1,CHEMBL3651657,9.431798275933005,9.431798275933005,1
Cc1cc(Nc2c(-c3ncccn3)oc3cnccc23)c2cn[nH]c2c1Cl,CHEMBL1667922,9.522878745280337,9.522878745280337,1
Cc1cc(Oc2cc(NC(=O)C3CC3)ncn2)ccc1NC(=O)Nc1ccc(Cl)c(C(C)(F)F)c1,CHEMBL3931966,7.346787486224656,7.346787486224656,1
Cc1cc(Oc2cc(NC(=O)C3CC3)ncn2)ccc1NC(=O)Nc1ccc(Cl)c(C(F)(F)F)c1,CHEMBL3957965,7.4089353929735005,7.4089353929735005,1
Cc1cc(Oc2cc(NC(=O)C3CC3)ncn2)ccc1NC(=O)Nc1ccc(F)c(C(F)(F)F)c1,CHEMBL3913166,6.838631997765026,6.838631997765026,1
Cc1cc(Oc2cc(NC(=O)C3CC3)ncn2)ccc1NC(=O)Nc1cccc(C(F)(F)F)c1,CHEMBL3898689,6.835647144215563,6.835647144215563,1
Cc1cc(Oc2ccc(NC(=O)Nc3cccc(C(F)(F)F)c3)cc2)c2ccccc2n1,CHEMBL4864978,5.899629454882437,5.899629454882437,1
Cc1cc(Oc2ccc(NC(=O)Nc3cccc(C(F)(F)F)c3)cc2)ncn1,CHEMBL4872243,5.899629454882437,5.899629454882437,1
Cc1cc(Oc2ccc3c(c2)CC(c2ncc(-c4ccccc4)[nH]2)CO3)ccn1,CHEMBL5898885,7.2839966563652006,7.2839966563652006,1
Cc1cc(Oc2ccnc(NC(=O)C3CC3)c2)ccc1NC(=O)Nc1cc(OC(F)(F)F)ccc1F,CHEMBL3915341,7.886056647693163,7.886056647693163,1
Cc1cc(Oc2ccnc(NC(=O)C3CC3)c2)ccc1NC(=O)Nc1ccc(Cl)c(C(C)(F)F)c1,CHEMBL3908737,7.931814138253838,7.931814138253838,1
Cc1cc(Oc2ccnc(NC(=O)C3CC3)c2)ccc1NC(=O)Nc1ccc(Cl)c(C(F)(F)F)c1,CHEMBL3976632,7.823908740944319,7.823908740944319,1
Cc1cc(Oc2ccnc(NC(=O)C3CC3)c2)ccc1NC(=O)Nc1ccc(F)c(C(F)(F)F)c1,CHEMBL3900935,8.0,8.0,1
Cc1cc(Oc2ccnc(NC(=O)C3CC3)c2)ccc1NC(=O)Nc1ccc(F)c(OC(F)(F)F)c1,CHEMBL3970841,7.886056647693163,7.886056647693163,1
Cc1cc(Oc2ccnc(NC(=O)C3CC3)c2)ccc1NC(=O)Nc1cccc(C(F)(F)F)c1,CHEMBL3909992,8.167491087293763,8.167491087293763,1
Cc1cc(Oc2ccnc(NC(=O)C3CC3)c2)ccc1NC(=O)Nc1cccc(OC(F)(F)F)c1,CHEMBL3985123,8.05551732784983,8.05551732784983,1
Cc1cc(Oc2ccnc(NC(=O)C3CC3)c2)ncc1NC(=O)Nc1cc(C(C)(F)F)ccc1F,CHEMBL3965770,8.207608310501746,8.207608310501746,1
Cc1cc(Oc2ccnc(NC(=O)C3CC3)c2)ncc1NC(=O)Nc1cc(C(F)(F)F)ccc1F,CHEMBL3948208,8.142667503568731,8.142667503568731,1
Cc1cc(Oc2ccnc3[nH]c(=O)[nH]c23)ccc1NC(=O)Nc1ccc(Cl)c(C(F)(F)F)c1,CHEMBL524801,6.378928138649458,6.378928138649458,2
Cc1cc(Oc2ccnc3c2CCC(=O)N3)cc2c1OC1C(c3nc4ccc(C(F)(F)F)cc4[nH]3)C21,CHEMBL3923954,7.214670164989233,7.214670164989233,3
Cc1cc(S(=O)(=O)Nc2ccc(F)c(Nc3ncccc3-c3ncnc4[nH]cnc34)c2F)c(C(F)(F)F)o1,CHEMBL3953209,7.522878745280337,7.522878745280337,1
Cc1cc(S(=O)(=O)Nc2ccc(F)c(Nc3ncccc3-c3ncnc4[nH]cnc34)c2F)c(C)o1,CHEMBL3908401,7.823908740944319,7.823908740944319,1
Cc1cc2[nH]c(C3C4Oc5ccc(Oc6ccnc7c6CCC(=O)N7)cc5C43)nc2cc1F,CHEMBL3970248,8.619788758288394,8.619788758288394,3
Cc1cc2[nH]c(C3[C@H]4Oc5ccc(Oc6ccnc7c6CCC(=O)N7)cc5[C@@H]34)nc2cc1F,CHEMBL3925378,7.6777807052660805,7.6777807052660805,1
Cc1cc2[nH]c(C3[C@H]4c5cc(Oc6ccnc7c6CCC(=O)N7)ccc5O[C@@H]34)nc2cc1F,CHEMBL4112452,8.468521082957745,8.468521082957745,1
Cc1cc2[nH]c([C@@H]3[C@H]4Oc5ccc(Oc6ccnc7c6CCC(=O)N7)cc5[C@H]43)nc2cc1F,CHEMBL5759715,8.468521082957745,8.468521082957745,2
Cc1cc2[nH]c([C@H]3[C@@H]4Oc5ccc(Oc6ccnc7c6CCC(=O)N7)cc5[C@@H]43)nc2cc1F,CHEMBL5886682,7.6777807052660805,7.6777807052660805,2
Cc1cc2nc(C3C4Oc5cc(Cl)c(Oc6ccnc7c6CCC(=O)N7)cc5C43)[nH]c2cc1F,CHEMBL3902942,6.761953896871205,6.761953896871205,3
Cc1ccc(-c2cc(-c3cccc(NC(=O)Nc4ccc(Cl)c(C(F)(F)F)c4)c3)[nH]n2)cc1,CHEMBL4440668,5.199282921717614,5.199282921717614,1
Cc1ccc(-c2cc(-c3cccc(NC(=O)c4cc(-n5ccnc5C)cc(C(F)(F)F)c4)c3)[nH]n2)cc1,CHEMBL4465192,6.080921907623926,6.080921907623926,1
Cc1ccc(-c2cc(-c3cccc(NC(=O)c4cc(-n5cnc(C)c5)cc(C(F)(F)F)c4)c3)[nH]n2)cc1,CHEMBL4567137,5.488116639021126,5.488116639021126,1
Cc1ccc(-c2cc(-c3cccc(NC(=O)c4cc(N5CCOCC5)cc(C(F)(F)F)c4)c3)[nH]n2)cc1,CHEMBL4440084,5.427128397799519,5.427128397799519,1
Cc1ccc(-c2cc(-c3cccc(NC(=O)c4ccc(C(F)(F)F)c(N5CCOCC5)c4)c3)[nH]n2)cc1,CHEMBL4526774,4.804100347590766,4.804100347590766,1
Cc1ccc(-c2cc(-c3cccc(NC(=O)c4ccc5ccccc5n4)c3)[nH]n2)cc1,CHEMBL4547575,4.5718652059712115,4.5718652059712115,1
Cc1ccc(-c2cc3cccc(C#Cc4nn(C(C)C)c5ncnc(N)c45)c3cn2)cc1,CHEMBL4249028,7.619788758288394,7.619788758288394,1
Cc1ccc(-c2ccc(C(=O)N3N=C(c4cccnc4)CC3c3ccccc3O)o2)cc1,CHEMBL1782190,6.428180382362728,6.428180382362728,2
Cc1ccc(-c2ccnc(-c3ccnc4[nH]ccc34)n2)c(C)n1,CHEMBL5563390,5.508638306165727,5.508638306165727,1
Cc1ccc(-c2nc(NC3CC3)nc3sc(C(N)=O)c(N)c23)cc1O,CHEMBL1934515,7.546294319612707,7.546294319612707,2
Cc1ccc(-c2oc3cnccc3c2Nc2ccc3c(c2)CC/C3=N\O)cc1,CHEMBL1668918,7.110924374808178,7.110924374808178,2
Cc1ccc(-n2nc(-c3ccncc3)c(-c3ccc(F)cc3)c2N)cc1,CHEMBL2011296,6.050609993355087,6.050609993355087,2
Cc1ccc(-n2nc(C(C)(C)C)cc2NC(=O)Nc2ccc(C)c(Nc3nccc(-c4cccnc4)n3)c2)cc1,CHEMBL1213973,6.38310457359924,6.38310457359924,1
Cc1ccc(-n2nc(C(C)(C)C)cc2NC(=O)Nc2ccc(OCCN3CCOCC3)c3ccccc23)cc1,CHEMBL103667,7.150341349489309,7.150341349489309,2
Cc1ccc(-n2nc(C(C)(C)C)cc2NC(=O)Nc2ccc(Oc3ccnc4[nH]c(=O)[nH]c34)c3ccccc23)cc1,CHEMBL1090975,7.0138985808104675,7.0138985808104675,2
Cc1ccc(-n2nc(C(C)(C)C)cc2NC(=O)Nc2ccc(Oc3ccnc4[nH]c(=O)[nH]c34)cc2)cc1,CHEMBL1092817,6.612231182609522,6.612231182609522,2
Cc1ccc(-n2nc(C(C)(C)C)cc2NC(=O)Nc2ccc(Oc3ccnc4[nH]c(=O)[nH]c34)cc2F)cc1,CHEMBL1091849,7.178273661756906,7.178273661756906,4
Cc1ccc(-n2nc(C(C)(C)C)cc2NC(=O)Nc2ccc(Oc3ccnc4[nH]c(=O)c(=O)[nH]c34)cc2F)cc1,CHEMBL1212951,7.085348113584487,7.085348113584487,2
Cc1ccc(-n2nc(C(C)(C)C)cc2NC(=O)Nc2ccc(Oc3ccnc4[nH]c(=O)c(C)nc34)c3ccccc23)cc1,CHEMBL1214135,7.652697400533215,7.652697400533215,2
Cc1ccc(-n2nc(C(C)(C)C)cc2NC(=O)Nc2ccc(Oc3ccnc4[nH]c(=O)c(N)nc34)c3ccccc23)cc1,CHEMBL1214136,7.489405350465031,7.489405350465031,2
Cc1ccc(-n2nc(C(C)(C)C)cc2NC(=O)Nc2ccc(Oc3ccnc4[nH]c(=O)c(N)nc34)cc2F)cc1,CHEMBL1213886,7.226728668260934,7.226728668260934,2
Cc1ccc(-n2nc(C(C)(C)C)cc2NC(=O)Nc2ccc(Oc3ccnc4[nH]c(=O)cnc34)c3ccccc23)cc1,CHEMBL1214134,7.548455006504028,7.548455006504028,2
Cc1ccc(-n2nc(C(C)(C)C)cc2NC(=O)Nc2ccc(Oc3ccnc4[nH]c(=O)cnc34)cc2)cc1,CHEMBL1213823,6.808164113089443,6.808164113089443,2
Cc1ccc(-n2nc(C(C)(C)C)cc2NC(=O)Nc2ccc(Oc3ccnc4[nH]c(=O)cnc34)cc2F)cc1,CHEMBL1213951,7.406804392152253,7.406804392152253,2
Cc1ccc(-n2nc(C(C)(C)C)cc2NC(=O)Nc2ccc(Oc3ccnc4[nH]c(=O)n(C)c34)c3ccccc23)cc1,CHEMBL1090979,6.613545902514364,6.613545902514364,2
Cc1ccc(-n2nc(C(C)(C)C)cc2NC(=O)Nc2ccc(Oc3ccnc4[nH]c(=O)n(C)c34)cc2)cc1,CHEMBL1089347,6.870203060557025,6.870203060557025,2
Cc1ccc(-n2nc(C(C)(C)C)cc2NC(=O)Nc2ccc(Oc3ccnc4[nH]c(S)nc34)cc2F)cc1,CHEMBL1214438,6.884137808335741,6.884137808335741,2
Cc1ccc(-n2nc(C(C)(C)C)cc2NC(=O)Nc2ccc(Oc3ccnc4[nH]nnc34)cc2F)cc1,CHEMBL1214385,5.68595886950466,5.68595886950466,2
Cc1ccc(-n2nc(C(C)(C)C)cc2NC(=O)Nc2ccc(Oc3ccnc4c3NCC(=O)N4)cc2F)cc1,CHEMBL1214440,7.625518569371919,7.625518569371919,2
Cc1ccc(-n2nc(C(C)(C)C)cc2NC(=O)Nc2ccc(Oc3ccnc4c3[nH]c(=O)n4C)c3ccccc23)cc1,CHEMBL1090981,6.1777807052660805,6.1777807052660805,2
Cc1ccc(-n2nc(C(C)(C)C)cc2NC(=O)Nc2ccc(Oc3ccnc4c3[nH]c(=O)n4C)cc2)cc1,CHEMBL1091430,6.59602963939225,6.59602963939225,2
Cc1ccc(-n2nc(C(C)(C)C)cc2NC(=O)Nc2ccc(Oc3ccnc4c3[nH]c(=O)n4C)cc2F)cn1,CHEMBL1092183,6.741666220450478,6.741666220450478,2
Cc1ccc(-n2nc(C(C)(C)C)cc2NC(=O)Nc2ccc(Oc3ccnc4c3n(C)c(=O)n4C)cc2)cc1,CHEMBL1091431,6.232986946971932,6.232986946971932,2
Cc1ccc(-n2nc(C(C)(C)C)cc2NC(=O)Nc2ccc(Oc3ccnc4c3n(C)c(=O)n4C)cc2F)cc1,CHEMBL1092540,6.61545910644089,6.61545910644089,2
Cc1ccc(-n2nc(C(C)(C)C)cc2NC(=O)Nc2ccc(Oc3ccnc4nc(C)c(=O)[nH]c34)c3ccccc23)cc1,CHEMBL1214383,5.762019205403788,5.762019205403788,2
Cc1ccc(-n2nc(C(C)(C)C)cc2NC(=O)Nc2ccc(Oc3ccnc4nc(N)c(=O)[nH]c34)cc2F)cc1,CHEMBL1214250,6.904274492767552,6.904274492767552,2
Cc1ccc(-n2nc(C(C)(C)C)cc2NC(=O)Nc2ccc(Oc3ccnc4nc(N5CCOCC5)cnc34)cc2F)cc1,CHEMBL1213759,6.552841968657781,6.552841968657781,1
Cc1ccc(-n2nc(C(C)(C)C)cc2NC(=O)Nc2ccc(Oc3ccnc4ncc(=O)[nH]c34)cc2)cc1,CHEMBL1214196,5.91903762988919,5.91903762988919,2
Cc1ccc(-n2nc(C(C)(C)C)cc2NC(=O)Nc2ccc(Sc3ccnc4[nH]c(=O)[nH]c34)cc2)cc1,CHEMBL1090706,6.144180730883825,6.144180730883825,2
Cc1ccc(-n2nc(C(C)(C)C)cc2NC(=O)Nc2cccc(Oc3cccc4[nH]c(=O)[nH]c34)c2)cc1,CHEMBL606192,6.486855968988029,6.486855968988029,2
Cc1ccc(-n2nc(C(C)(C)C)cc2NC(=O)Nc2cccc(Oc3ccnc4[nH]c(=O)c(C)nc34)c2)cc1,CHEMBL1214562,7.020288489028447,7.020288489028447,2
Cc1ccc(-n2nc(C(C)(C)C)cc2NC(=O)Nc2cccc(Oc3ccnc4[nH]c(=O)cnc34)c2)cc1,CHEMBL1214507,6.8113650922804965,6.8113650922804965,2
Cc1ccc(-n2nc(C(C)(C)C)cc2NC(=O)Nc2cccc(Oc3ccnc4ncc(=O)[nH]c34)c2)cc1,CHEMBL1214561,6.172238701873291,6.172238701873291,2
Cc1ccc(-n2nc(C(C)(C)C)cc2NC(=O)c2cccc(Oc3cccc4[nH]c(=O)[nH]c34)c2)cc1,CHEMBL598004,5.958697063651051,5.958697063651051,2
Cc1ccc(-n2nc(C(F)(F)F)cc2NC(=O)Nc2ccc(Oc3ccnc4[nH]c(=O)n(C)c34)cc2)cc1,CHEMBL1093064,6.124668676932972,6.124668676932972,2
Cc1ccc(-n2nc(C(F)(F)F)cc2NC(=O)Nc2cccc(Oc3cccc4[nH]c(=O)[nH]c34)c2)cc1,CHEMBL599851,5.858349385648225,5.858349385648225,2
Cc1ccc(-n2nc(C(F)(F)F)cc2NC(=O)c2cccc(Oc3cccc4[nH]c(=O)[nH]c34)c2)cc1,CHEMBL598005,5.565384140134512,5.565384140134512,2
Cc1ccc(C(=O)N(C)C)cc1Nc1ncnc2cnc(NC3CCC(O)CC3)nc12,CHEMBL3903788,5.154901959985743,5.154901959985743,1
Cc1ccc(C(=O)NC2CC2)cc1Nc1ncnc2cnc(N3CCCC3)nc12,CHEMBL3697806,5.698970004336019,5.698970004336019,1
Cc1ccc(C(=O)NC2CC2)cc1Nc1ncnc2cnc(N3CCCCC3)nc12,CHEMBL3697800,5.698970004336019,5.698970004336019,1
Cc1ccc(C(=O)NC2CCCCC2)cc1Nc1ncnc2cnc(N3CCCC3)nc12,CHEMBL3697804,4.823908740944319,4.823908740944319,1
Cc1ccc(C(=O)NC2CCCCC2)cc1Nc1ncnc2cnc(N3CCOCC3)nc12,CHEMBL3697869,5.853871964321762,5.853871964321762,1
Cc1ccc(C(=O)NCC2CCOC2)cc1Nc1ncnc2cnc(N3CCCC3)nc12,CHEMBL3697802,4.823908740944319,4.823908740944319,1
Cc1ccc(C(=O)NCc2ccc(C(C)(C)C)cc2)cc1Nc1ncnc2cnc(N(C)CCN(C)C)nc12,CHEMBL3697779,6.243363891754152,6.243363891754152,1
Cc1ccc(C(=O)NCc2ccc(C(C)(C)C)cc2)cc1Nc1ncnc2cnc(N3CCCC3)nc12,CHEMBL3697813,6.077793722560983,6.077793722560983,1
Cc1ccc(C(=O)NCc2ccc(C(C)(C)C)cc2)cc1Nc1ncnc2cnc(N3CCCCC3)nc12,CHEMBL3697791,6.337242168318426,6.337242168318426,1
Cc1ccc(C(=O)NCc2ccc(C(C)(C)C)cc2)cc1Nc1ncnc2cnc(N3CCCN(C)CC3)nc12,CHEMBL3697764,6.53313237964589,6.53313237964589,1
Cc1ccc(C(=O)NCc2ccc(C(C)(C)C)cc2)cc1Nc1ncnc2cnc(N3CCN(C)CC3)nc12,CHEMBL3697772,6.995678626217357,6.995678626217357,1
Cc1ccc(C(=O)NCc2ccc(C(C)(C)C)cc2)cc1Nc1ncnc2cnc(N3CCOCC3)nc12,CHEMBL3697847,6.939302159646388,6.939302159646388,1
Cc1ccc(C(=O)NCc2ccc(C(C)(C)C)cc2)cc1Nc1ncnc2cnc(N3CC[C@@H](F)C3)nc12,CHEMBL3697787,7.318758762624412,7.318758762624412,1
Cc1ccc(C(=O)NCc2ccc(C(F)(F)F)cc2)cc1Nc1ncnc2cnc(N(C)CCN(C)C)nc12,CHEMBL3697782,5.949233688766958,5.949233688766958,1
Cc1ccc(C(=O)NCc2ccc(C(F)(F)F)cc2)cc1Nc1ncnc2cnc(N3CCCC3)nc12,CHEMBL3697796,7.3979400086720375,7.3979400086720375,1
Cc1ccc(C(=O)NCc2ccc(C(F)(F)F)cc2)cc1Nc1ncnc2cnc(N3CCCCC3)nc12,CHEMBL3697792,7.537602002101044,7.537602002101044,1
Cc1ccc(C(=O)NCc2ccc(C(F)(F)F)cc2)cc1Nc1ncnc2cnc(N3CCCN(C)CC3)nc12,CHEMBL3697767,6.767003889607846,6.767003889607846,1
Cc1ccc(C(=O)NCc2ccc(C(F)(F)F)cc2)cc1Nc1ncnc2cnc(N3CCN(C)CC3)nc12,CHEMBL3697773,7.3872161432802645,7.3872161432802645,1
Cc1ccc(C(=O)NCc2ccc(C(F)(F)F)cc2)cc1Nc1ncnc2cnc(N3CCOCC3)nc12,CHEMBL3697852,6.943095148663527,6.943095148663527,1
Cc1ccc(C(=O)NCc2ccc(C(F)(F)F)cc2)cc1Nc1ncnc2cnc(N3CC[C@@H](F)C3)nc12,CHEMBL3697788,7.721246399047171,7.721246399047171,1
Cc1ccc(C(=O)NCc2cccc(C(C)(C)C)c2)cc1Nc1ncnc2cnc(N(C)CCN(C)C)nc12,CHEMBL3694066,6.928117992693874,6.928117992693874,1
Cc1ccc(C(=O)NCc2cccc(C(C)(C)C)c2)cc1Nc1ncnc2cnc(N3CCCC3)nc12,CHEMBL3697823,7.055517327849831,7.055517327849831,1
Cc1ccc(C(=O)NCc2cccc(C(C)(C)C)c2)cc1Nc1ncnc2cnc(N3CCCCC3)nc12,CHEMBL3697853,7.327902142064282,7.327902142064282,1
Cc1ccc(C(=O)NCc2cccc(C(C)(C)C)c2)cc1Nc1ncnc2cnc(N3CCCN(C)CC3)nc12,CHEMBL3697880,6.853871964321762,6.853871964321762,1
Cc1ccc(C(=O)NCc2cccc(C(C)(C)C)c2)cc1Nc1ncnc2cnc(N3CCN(C)CC3)nc12,CHEMBL3697855,7.301029995663981,7.301029995663981,1
Cc1ccc(C(=O)NCc2cccc(C(C)(C)C)c2)cc1Nc1ncnc2cnc(N3CCOCC3)nc12,CHEMBL3697871,7.251811972993799,7.251811972993799,1
Cc1ccc(C(=O)NCc2cccc(C(F)(F)F)c2)cc1Nc1ncnc2cnc(N(C)CCN(C)C)nc12,CHEMBL3697746,6.012780770091995,6.012780770091995,1
Cc1ccc(C(=O)NCc2cccc(C(F)(F)F)c2)cc1Nc1ncnc2cnc(N3CCCC3)nc12,CHEMBL3697803,7.214670164989233,7.214670164989233,1
Cc1ccc(C(=O)NCc2cccc(C(F)(F)F)c2)cc1Nc1ncnc2cnc(N3CCCCC3)nc12,CHEMBL3697760,7.251811972993799,7.251811972993799,1
Cc1ccc(C(=O)NCc2cccc(C(F)(F)F)c2)cc1Nc1ncnc2cnc(N3CCCN(C)CC3)nc12,CHEMBL3697728,6.610833915635467,6.610833915635467,1
Cc1ccc(C(=O)NCc2cccc(C(F)(F)F)c2)cc1Nc1ncnc2cnc(N3CCN(C)CC3)nc12,CHEMBL3697734,6.982966660701219,6.982966660701219,1
Cc1ccc(C(=O)NCc2cccc(C(F)(F)F)c2)cc1Nc1ncnc2cnc(N3CCOCC3)nc12,CHEMBL3697868,7.259637310505756,7.259637310505756,1
Cc1ccc(C(=O)NCc2cccc(C(F)(F)F)c2)cc1Nc1ncnc2cnc(N3CC[C@@H](F)C3)nc12,CHEMBL3697753,7.958607314841775,7.958607314841775,1
Cc1ccc(C(=O)Nc2cc(-n3ccnc3)cc(C(F)(F)F)c2)cc1Nc1ncnc2cnc(N3CCOCC3)nc12,CHEMBL3641145,6.235077015350111,6.235077015350111,1
Cc1ccc(C(=O)Nc2cc(Br)cc(C(F)(F)F)c2)cc1Nc1ncnc2c(N)nc(N3CCN(C)CC3)nc12,CHEMBL3689902,8.045757490560675,8.045757490560675,1
Cc1ccc(C(=O)Nc2cc(C(C)(C)C)ccn2)cc1-n1cc(-c2cncc(N3CCN(C)CC3)c2)nn1,CHEMBL3947491,7.7447274948966935,7.7447274948966935,1
Cc1ccc(C(=O)Nc2cc(C(C)(C)C)n[nH]2)cc1-n1cc(-c2cncc(N3CCOCC3)c2)nn1,CHEMBL3943675,7.920818753952375,7.920818753952375,1
Cc1ccc(C(=O)Nc2cc(C(C)(C)C)n[nH]2)cc1Nc1ncnc2c(N)nc(N3CCC(N4CCN(C)CC4)CC3)nc12,CHEMBL3689943,7.259637310505756,7.259637310505756,1
Cc1ccc(C(=O)Nc2cc(C(C)(C)C)n[nH]2)cc1Nc1ncnc2c(N)nc(N3CCCN(C)CC3)nc12,CHEMBL3689913,8.522878745280337,8.522878745280337,1
Cc1ccc(C(=O)Nc2cc(C(C)(C)C)n[nH]2)cc1Nc1ncnc2c(N)nc(N3CCN(C)CC3)nc12,CHEMBL3689917,8.522878745280337,8.522878745280337,1
Cc1ccc(C(=O)Nc2cc(C(C)(C)C)n[nH]2)cc1Nc1ncnc2c(N)nc(N3CCN(C4CC4)CC3)nc12,CHEMBL3689941,8.045757490560675,8.045757490560675,1
Cc1ccc(C(=O)Nc2cc(C(C)(C)C)n[nH]2)cc1Nc1ncnc2c(N)nc(N3CCN(C4CCCC4)CC3)nc12,CHEMBL3689938,8.301029995663981,8.301029995663981,1
Cc1ccc(C(=O)Nc2cc(C(C)(C)C)n[nH]2)cc1Nc1ncnc2c(N)nc(N3CCN(C4CCN(C)CC4)CC3)nc12,CHEMBL3689911,8.698970004336019,8.698970004336019,1
Cc1ccc(C(=O)Nc2cc(C(C)(C)C)n[nH]2)cc1Nc1ncnc2c(N)nc(N3CCN(CC(C)C)CC3)nc12,CHEMBL3689936,8.397940008672037,8.397940008672037,1
Cc1ccc(C(=O)Nc2cc(C(C)(C)C)n[nH]2)cc1Nc1ncnc2c(N)nc(N3CCN(CC4CCCN(C)C4)CC3)nc12,CHEMBL3689939,8.522878745280337,8.522878745280337,1
Cc1ccc(C(=O)Nc2cc(C(C)(C)C)n[nH]2)cc1Nc1ncnc2c(N)nc(N3CCN(CC4CCCO4)CC3)nc12,CHEMBL3689937,8.221848749616356,8.221848749616356,1
Cc1ccc(C(=O)Nc2cc(C(C)(C)C)n[nH]2)cc1Nc1ncnc2c(N)nc(N3CCN(CC4CCN(C)CC4)CC3)nc12,CHEMBL3689912,8.397940008672037,8.397940008672037,1
Cc1ccc(C(=O)Nc2cc(C(C)(C)C)n[nH]2)cc1Nc1ncnc2c(N)nc(N3CCN4CCCC4C3)nc12,CHEMBL3689933,8.698970004336019,8.698970004336019,1
Cc1ccc(C(=O)Nc2cc(C(C)(C)C)n[nH]2)cc1Nc1ncnc2c(N)nc(N3CCN4CCCCC4C3)nc12,CHEMBL3689942,8.397940008672037,8.397940008672037,1
Cc1ccc(C(=O)Nc2cc(C(C)(C)C)n[nH]2)cc1Nc1ncnc2c(N)nc(N3C[C@@H](C)N[C@@H](C)C3)nc12,CHEMBL3689934,8.698970004336019,8.698970004336019,1
Cc1ccc(C(=O)Nc2cc(C(C)(C)C)n[nH]2)cc1Nc1ncnc2c(N)nc(N3C[C@@H]4C[C@H]3CN4)nc12,CHEMBL3694026,8.698970004336019,8.698970004336019,1
Cc1ccc(C(=O)Nc2cc(C(C)(C)C)n[nH]2)cc1Nc1ncnc2c(N)nc(N3C[C@H]4C[C@@H]3CN4C)nc12,CHEMBL3689935,8.397940008672037,8.397940008672037,1
Cc1ccc(C(=O)Nc2cc(C(C)(C)C)n[nH]2)cc1Nc1ncnc2ccc(N3CCOCC3)nc12,CHEMBL3659912,8.154901959985743,8.154901959985743,1
Cc1ccc(C(=O)Nc2cc(C(C)(C)C)n[nH]2)cc1Nc1ncnc2cnc(N3CCC(CN4CCCC4)CC3)nc12,CHEMBL3641204,8.522878745280337,8.522878745280337,1
Cc1ccc(C(=O)Nc2cc(C(C)(C)C)n[nH]2)cc1Nc1ncnc2cnc(N3CCCN(C)CC3)nc12,CHEMBL3641072,8.221848749616356,8.221848749616356,1
Cc1ccc(C(=O)Nc2cc(C(C)(C)C)n[nH]2)cc1Nc1ncnc2cnc(N3CCN(C)CC3)nc12,CHEMBL3641074,8.096910013008056,8.096910013008056,1
Cc1ccc(C(=O)Nc2cc(C(C)(C)C)n[nH]2)cc1Nc1ncnc2cnc(N3CCN(CC(C)C)CC3)nc12,CHEMBL3641073,7.886056647693163,7.886056647693163,1
Cc1ccc(C(=O)Nc2cc(C(C)(C)C)n[nH]2)cc1Nc1ncnc2cnc(N3CCN(CC4CCN(C)CC4)CC3)nc12,CHEMBL3641045,8.698970004336019,8.698970004336019,1
Cc1ccc(C(=O)Nc2cc(C(C)(C)C)n[nH]2)cc1Nc1ncnc2cnc(N3CCN(CC4CCOC4)CC3)nc12,CHEMBL3641206,8.045757490560675,8.045757490560675,1
Cc1ccc(C(=O)Nc2cc(C(C)(C)C)n[nH]2)cc1Nc1ncnc2cnc(N3CC[C@H](F)C3)nc12,CHEMBL3641123,8.522878745280337,8.522878745280337,1
Cc1ccc(C(=O)Nc2cc(C(C)(C)C)n[nH]2)cc1Nc1ncnc2cnc(NCc3ccccc3)nc12,CHEMBL3641127,8.698970004336019,8.698970004336019,1
Cc1ccc(C(=O)Nc2cc(C(C)(C)C)n[nH]2)cc1Nc1ncnc2cncnc12,CHEMBL3643297,8.301029995663981,8.301029995663981,1
Cc1ccc(C(=O)Nc2cc(C(C)(C)C)nn2C)cc1-n1cc(-c2cncc(N3CCN(C)CC3)c2)nn1,CHEMBL3925718,7.795880017344075,7.795880017344075,1
Cc1ccc(C(=O)Nc2cc(C(C)(C)C)nn2C)cc1-n1cc(-c2cncc(N3CCOCC3)c2)nn1,CHEMBL3970390,7.721246399047171,7.721246399047171,1
Cc1ccc(C(=O)Nc2cc(C(C)(C)C)nn2C)cc1Nc1ncnc2c(N)nc(N3CCN(C)CC3)nc12,CHEMBL3694029,7.920818753952375,7.920818753952375,1
Cc1ccc(C(=O)Nc2cc(C(C)(C)C)nn2C)cc1Nc1ncnc2c(N)nc(N3CCN(CC(C)C)CC3)nc12,CHEMBL3694041,7.958607314841775,7.958607314841775,1
Cc1ccc(C(=O)Nc2cc(C(C)(C)C)nn2C)cc1Nc1ncnc2c(N)nc(N3CCN4CCCC4C3)nc12,CHEMBL3694042,8.154901959985743,8.154901959985743,1
Cc1ccc(C(=O)Nc2cc(C(C)(C)C)nn2C)cc1Nc1ncnc2ccc(N3CCOCC3)nc12,CHEMBL3659913,7.823908740944319,7.823908740944319,1
Cc1ccc(C(=O)Nc2cc(C(C)(C)C)nn2C)cc1Nc1ncnc2cnc(N(C)CC3CCCCO3)nc12,CHEMBL3639399,7.769551078621726,7.769551078621726,1
Cc1ccc(C(=O)Nc2cc(C(C)(C)C)nn2C)cc1Nc1ncnc2cnc(N3CCN(CC4CCN(C)CC4)CC3)nc12,CHEMBL3641041,8.154901959985743,8.154901959985743,1
Cc1ccc(C(=O)Nc2cc(C(C)(C)C)nn2C)cc1Nc1ncnc2cnc(N3CCOCC3)nc12,CHEMBL3641128,9.0,9.0,1
Cc1ccc(C(=O)Nc2cc(C(C)(C)C)nn2C)cc1Nc1ncnc2cnc(NCC(C)C)nc12,CHEMBL3641114,8.522878745280337,8.522878745280337,1
Cc1ccc(C(=O)Nc2cc(C(C)(C)C)nn2C)cc1Nc1ncnc2cnc(NCc3ccccc3)nc12,CHEMBL3641056,8.698970004336019,8.698970004336019,1
Cc1ccc(C(=O)Nc2cc(C(C)(C)C)nn2C)cc1Nc1ncnc2cncnc12,CHEMBL3643298,7.853871964321762,7.853871964321762,1
Cc1ccc(C(=O)Nc2cc(C(C)(C)C)nn2C)cc1Oc1ncnc2cnc(N3CCOCC3)nc12,CHEMBL3641195,9.0,9.0,1
Cc1ccc(C(=O)Nc2cc(C(C)(C)C)on2)cc1-n1cc(-c2cncc(N(C)C(C)C)c2)nn1,CHEMBL3895201,7.346787486224656,7.346787486224656,1
Cc1ccc(C(=O)Nc2cc(C(C)(C)C)on2)cc1-n1cc(-c2cncc(N(C)C)c2)nn1,CHEMBL3959719,7.886056647693163,7.886056647693163,1
Cc1ccc(C(=O)Nc2cc(C(C)(C)C)on2)cc1-n1cc(-c2cncc(N(C)C3CCOC3)c2)nn1,CHEMBL3969597,8.096910013008056,8.096910013008056,1
Cc1ccc(C(=O)Nc2cc(C(C)(C)C)on2)cc1-n1cc(-c2cncc(N(C)C3CCOCC3)c2)nn1,CHEMBL3921755,8.154901959985743,8.154901959985743,1
Cc1ccc(C(=O)Nc2cc(C(C)(C)C)on2)cc1-n1cc(-c2cncc(N(C)CC3CCCO3)c2)nn1,CHEMBL3940856,7.346787486224656,7.346787486224656,1
Cc1ccc(C(=O)Nc2cc(C(C)(C)C)on2)cc1-n1cc(-c2cncc(N(C)CCN(C)C)c2)nn1,CHEMBL3973582,8.154901959985743,8.154901959985743,1
Cc1ccc(C(=O)Nc2cc(C(C)(C)C)on2)cc1-n1cc(-c2cncc(N3CC(C)NC(C)C3)c2)nn1,CHEMBL3971786,8.045757490560675,8.045757490560675,1
Cc1ccc(C(=O)Nc2cc(C(C)(C)C)on2)cc1-n1cc(-c2cncc(N3CC(N4CCN(C)CC4)C3)c2)nn1,CHEMBL3928229,8.096910013008056,8.096910013008056,1
Cc1ccc(C(=O)Nc2cc(C(C)(C)C)on2)cc1-n1cc(-c2cncc(N3CCC(CN(C)C)CC3)c2)nn1,CHEMBL3933654,7.920818753952375,7.920818753952375,1
Cc1ccc(C(=O)Nc2cc(C(C)(C)C)on2)cc1-n1cc(-c2cncc(N3CCC(N(C)C)CC3)c2)nn1,CHEMBL3936625,7.920818753952375,7.920818753952375,1
Cc1ccc(C(=O)Nc2cc(C(C)(C)C)on2)cc1-n1cc(-c2cncc(N3CCC(N4CCN(C(C)C)CC4)C3)c2)nn1,CHEMBL3903762,8.096910013008056,8.096910013008056,1
Cc1ccc(C(=O)Nc2cc(C(C)(C)C)on2)cc1-n1cc(-c2cncc(N3CCC(N4CCN(C)CC4)C3)c2)nn1,CHEMBL3896026,8.221848749616356,8.221848749616356,1
Cc1ccc(C(=O)Nc2cc(C(C)(C)C)on2)cc1-n1cc(-c2cncc(N3CCC(N4CCN(C)CC4)CC3)c2)nn1,CHEMBL3900402,8.0,8.0,1
Cc1ccc(C(=O)Nc2cc(C(C)(C)C)on2)cc1-n1cc(-c2cncc(N3CCC3)c2)nn1,CHEMBL3928691,7.958607314841775,7.958607314841775,1
Cc1ccc(C(=O)Nc2cc(C(C)(C)C)on2)cc1-n1cc(-c2cncc(N3CCCC3)c2)nn1,CHEMBL3974942,7.3872161432802645,7.3872161432802645,1
Cc1ccc(C(=O)Nc2cc(C(C)(C)C)on2)cc1-n1cc(-c2cncc(N3CCCCC3)c2)nn1,CHEMBL3986476,7.214670164989233,7.214670164989233,1
Cc1ccc(C(=O)Nc2cc(C(C)(C)C)on2)cc1-n1cc(-c2cncc(N3CCCN(C(C)C)CC3)c2)nn1,CHEMBL3939868,7.7447274948966935,7.7447274948966935,1
Cc1ccc(C(=O)Nc2cc(C(C)(C)C)on2)cc1-n1cc(-c2cncc(N3CCCN(C)CC3)c2)nn1,CHEMBL3919327,8.096910013008056,8.096910013008056,1
Cc1ccc(C(=O)Nc2cc(C(C)(C)C)on2)cc1-n1cc(-c2cncc(N3CCCOCC3)c2)nn1,CHEMBL3945363,7.795880017344075,7.795880017344075,1
Cc1ccc(C(=O)Nc2cc(C(C)(C)C)on2)cc1-n1cc(-c2cncc(N3CCN(C(C)(C)C)CC3)c2)nn1,CHEMBL3948705,7.920818753952375,7.920818753952375,1
Cc1ccc(C(=O)Nc2cc(C(C)(C)C)on2)cc1-n1cc(-c2cncc(N3CCN(C(C)C)C(C)C3)c2)nn1,CHEMBL3984004,7.698970004336019,7.698970004336019,1
Cc1ccc(C(=O)Nc2cc(C(C)(C)C)on2)cc1-n1cc(-c2cncc(N3CCN(C(C)C)CC3)c2)nn1,CHEMBL3949481,7.958607314841775,7.958607314841775,1
Cc1ccc(C(=O)Nc2cc(C(C)(C)C)on2)cc1-n1cc(-c2cncc(N3CCN(C)C(C)C3)c2)nn1,CHEMBL3957464,7.6777807052660805,7.6777807052660805,1
Cc1ccc(C(=O)Nc2cc(C(C)(C)C)on2)cc1-n1cc(-c2cncc(N3CCN(C)CC3)c2)nn1,CHEMBL3893769,8.096910013008056,8.096910013008056,1
Cc1ccc(C(=O)Nc2cc(C(C)(C)C)on2)cc1-n1cc(-c2cncc(N3CCN(C4CC4)CC3)c2)nn1,CHEMBL3978677,7.552841968657781,7.552841968657781,1
Cc1ccc(C(=O)Nc2cc(C(C)(C)C)on2)cc1-n1cc(-c2cncc(N3CCN(C4CCCC4)CC3)c2)nn1,CHEMBL3977879,7.853871964321762,7.853871964321762,1
Cc1ccc(C(=O)Nc2cc(C(C)(C)C)on2)cc1-n1cc(-c2cncc(N3CCN(CC(C)C)CC3)c2)nn1,CHEMBL3934332,7.886056647693163,7.886056647693163,1
Cc1ccc(C(=O)Nc2cc(C(C)(C)C)on2)cc1-n1cc(-c2cncc(N3CCN(CC(F)(F)F)CC3)c2)nn1,CHEMBL3937752,7.008773924307505,7.008773924307505,1
Cc1ccc(C(=O)Nc2cc(C(C)(C)C)on2)cc1-n1cc(-c2cncc(N3CCN(CC4CCCO4)CC3)c2)nn1,CHEMBL3891182,7.657577319177793,7.657577319177793,1
Cc1ccc(C(=O)Nc2cc(C(C)(C)C)on2)cc1-n1cc(-c2cncc(N3CCN(CCN4CCOCC4)CC3)c2)nn1,CHEMBL3974774,7.853871964321762,7.853871964321762,1
Cc1ccc(C(=O)Nc2cc(C(C)(C)C)on2)cc1-n1cc(-c2cncc(N3CCOCC3)c2)nn1,CHEMBL3943788,8.0,8.0,1
Cc1ccc(C(=O)Nc2cc(C(C)(C)C)on2)cc1-n1cc(-c2cncc(N3C[C@@H](C)O[C@@H](C)C3)c2)nn1,CHEMBL3898280,7.585026652029182,7.585026652029182,1
Cc1ccc(C(=O)Nc2cc(C(C)(C)C)on2)cc1-n1cc(-c2cncc(NC(C)(C)C)c2)nn1,CHEMBL3916575,7.7447274948966935,7.7447274948966935,1
Cc1ccc(C(=O)Nc2cc(C(C)(C)C)on2)cc1-n1cc(-c2cncc(NC(C)C)c2)nn1,CHEMBL3958901,7.769551078621726,7.769551078621726,1
Cc1ccc(C(=O)Nc2cc(C(C)(C)C)on2)cc1-n1cc(-c2cncc(NC3CC3)c2)nn1,CHEMBL3949533,8.0,8.0,1
Cc1ccc(C(=O)Nc2cc(C(C)(C)C)on2)cc1-n1cc(-c2cncc(NC3CCCC3)c2)nn1,CHEMBL3957755,7.42021640338319,7.42021640338319,1
Cc1ccc(C(=O)Nc2cc(C(C)(C)C)on2)cc1-n1cc(-c2cncc(NC3CCOC3)c2)nn1,CHEMBL3936474,8.221848749616356,8.221848749616356,1
Cc1ccc(C(=O)Nc2cc(C(C)(C)C)on2)cc1-n1cc(-c2cncc(NC3CCOCC3)c2)nn1,CHEMBL3948985,8.0,8.0,1
Cc1ccc(C(=O)Nc2cc(C(C)(C)C)on2)cc1-n1cc(-c2cncc(NCC(F)(F)F)c2)nn1,CHEMBL3954880,7.301029995663981,7.301029995663981,1
Cc1ccc(C(=O)Nc2cc(C(C)(C)C)on2)cc1-n1cc(-c2cncc(NCC(F)F)c2)nn1,CHEMBL3948626,7.292429823902063,7.292429823902063,1
Cc1ccc(C(=O)Nc2cc(C(C)(C)C)on2)cc1-n1cc(-c2cncc(NCC3CCCO3)c2)nn1,CHEMBL3960659,8.045757490560675,8.045757490560675,1
Cc1ccc(C(=O)Nc2cc(C(C)(C)C)on2)cc1-n1cc(-c2cncc(NCCF)c2)nn1,CHEMBL3922809,7.795880017344075,7.795880017344075,1
Cc1ccc(C(=O)Nc2cc(C(C)(C)C)on2)cc1-n1cc(-c2cncc(NCCN(C)C)c2)nn1,CHEMBL3973303,8.154901959985743,8.154901959985743,1
Cc1ccc(C(=O)Nc2cc(C(C)(C)C)on2)cc1N(C)c1ncnc2cnc(N3CCOCC3)nc12,CHEMBL3641188,7.552841968657781,7.552841968657781,1
Cc1ccc(C(=O)Nc2cc(C(C)(C)C)on2)cc1N(C)c1ncnc2cnc(N3CC[C@H](F)C3)nc12,CHEMBL3641191,7.494850021680094,7.494850021680094,1
Cc1ccc(C(=O)Nc2cc(C(C)(C)C)on2)cc1N(C)c1ncnc2cnc(NC3CCOC3)nc12,CHEMBL3641189,7.481486060122112,7.481486060122112,1
Cc1ccc(C(=O)Nc2cc(C(C)(C)C)on2)cc1Nc1ncnc2c(N)nc(N3CCCN(C)CC3)nc12,CHEMBL3689910,9.0,9.0,1
Cc1ccc(C(=O)Nc2cc(C(C)(C)C)on2)cc1Nc1ncnc2c(N)nc(N3CCN(C)CC3)nc12,CHEMBL3689908,8.522878745280337,8.522878745280337,1
Cc1ccc(C(=O)Nc2cc(C(C)(C)C)on2)cc1Nc1ncnc2c(N)nc(N3CCN(C4CCN(C)CC4)CC3)nc12,CHEMBL3689909,9.0,9.0,1
Cc1ccc(C(=O)Nc2cc(C(C)(C)C)on2)cc1Nc1ncnc2ccc(C3=CCNCC3)nc12,CHEMBL3659958,7.638272163982407,7.638272163982407,1
Cc1ccc(C(=O)Nc2cc(C(C)(C)C)on2)cc1Nc1ncnc2ccc(N(C)C)nc12,CHEMBL3659924,8.045757490560675,8.045757490560675,1
Cc1ccc(C(=O)Nc2cc(C(C)(C)C)on2)cc1Nc1ncnc2ccc(N3CCN(C)CC3)nc12,CHEMBL3659917,7.920818753952375,7.920818753952375,1
Cc1ccc(C(=O)Nc2cc(C(C)(C)C)on2)cc1Nc1ncnc2ccc(N3CCN(CC4CCN(C)CC4)CC3)nc12,CHEMBL3659919,7.920818753952375,7.920818753952375,1
Cc1ccc(C(=O)Nc2cc(C(C)(C)C)on2)cc1Nc1ncnc2ccc(N3CCOCC3)nc12,CHEMBL3659909,7.494850021680094,7.494850021680094,1
Cc1ccc(C(=O)Nc2cc(C(C)(C)C)on2)cc1Nc1ncnc2cnc(N(C)C3CC(N4CCN(C)CC4)C3)nc12,CHEMBL3641200,8.698970004336019,8.698970004336019,1
Cc1ccc(C(=O)Nc2cc(C(C)(C)C)on2)cc1Nc1ncnc2cnc(N(C)C3CCOC3)nc12,CHEMBL3697907,9.0,9.0,1
Cc1ccc(C(=O)Nc2cc(C(C)(C)C)on2)cc1Nc1ncnc2cnc(N(C)CC3CCCCO3)nc12,CHEMBL3641096,8.397940008672037,8.397940008672037,1
Cc1ccc(C(=O)Nc2cc(C(C)(C)C)on2)cc1Nc1ncnc2cnc(N(C)CC3CCOC3)nc12,CHEMBL3697903,8.522878745280337,8.522878745280337,1
Cc1ccc(C(=O)Nc2cc(C(C)(C)C)on2)cc1Nc1ncnc2cnc(N3CC(F)(F)C3)nc12,CHEMBL3697908,8.221848749616356,8.221848749616356,1
Cc1ccc(C(=O)Nc2cc(C(C)(C)C)on2)cc1Nc1ncnc2cnc(N3CCC(N(C)C)CC3)nc12,CHEMBL3641111,8.698970004336019,8.698970004336019,1
Cc1ccc(C(=O)Nc2cc(C(C)(C)C)on2)cc1Nc1ncnc2cnc(N3CCC(N4CCCC4)CC3)nc12,CHEMBL3641106,8.698970004336019,8.698970004336019,1
Cc1ccc(C(=O)Nc2cc(C(C)(C)C)on2)cc1Nc1ncnc2cnc(N3CCC(N4CCCCC4)CC3)nc12,CHEMBL3641101,8.522878745280337,8.522878745280337,1
Cc1ccc(C(=O)Nc2cc(C(C)(C)C)on2)cc1Nc1ncnc2cnc(N3CCC(N4CCOCC4)CC3)nc12,CHEMBL3641105,9.0,9.0,1
Cc1ccc(C(=O)Nc2cc(C(C)(C)C)on2)cc1Nc1ncnc2cnc(N3CCC(N4C[C@@H](C)O[C@@H](C)C4)CC3)nc12,CHEMBL3641104,8.221848749616356,8.221848749616356,1
Cc1ccc(C(=O)Nc2cc(C(C)(C)C)on2)cc1Nc1ncnc2cnc(N3CCC4(CCN(C)C4)C3)nc12,CHEMBL3641207,9.0,9.0,1
Cc1ccc(C(=O)Nc2cc(C(C)(C)C)on2)cc1Nc1ncnc2cnc(N3CCCOCC3)nc12,CHEMBL3697911,8.698970004336019,8.698970004336019,1
Cc1ccc(C(=O)Nc2cc(C(C)(C)C)on2)cc1Nc1ncnc2cnc(N3CCN(C(C)C)CC3)nc12,CHEMBL3641108,8.698970004336019,8.698970004336019,1
Cc1ccc(C(=O)Nc2cc(C(C)(C)C)on2)cc1Nc1ncnc2cnc(N3CCN(C)CC3)nc12,CHEMBL3641119,8.698970004336019,8.698970004336019,1
Cc1ccc(C(=O)Nc2cc(C(C)(C)C)on2)cc1Nc1ncnc2cnc(N3CCN(C4CC4)CC3)nc12,CHEMBL3641109,8.301029995663981,8.301029995663981,1
Cc1ccc(C(=O)Nc2cc(C(C)(C)C)on2)cc1Nc1ncnc2cnc(N3CCN(C4CCN(C)CC4)CC3)nc12,CHEMBL3641102,8.397940008672037,8.397940008672037,1
Cc1ccc(C(=O)Nc2cc(C(C)(C)C)on2)cc1Nc1ncnc2cnc(N3CCN(CC(C)C)CC3)nc12,CHEMBL3641110,8.397940008672037,8.397940008672037,1
Cc1ccc(C(=O)Nc2cc(C(C)(C)C)on2)cc1Nc1ncnc2cnc(N3CCN(CC4CCCN(C)C4)CC3)nc12,CHEMBL3641099,9.0,9.0,1
Cc1ccc(C(=O)Nc2cc(C(C)(C)C)on2)cc1Nc1ncnc2cnc(N3CCN(CC4CCN(C)CC4)CC3)nc12,CHEMBL3641047,9.0,9.0,1
Cc1ccc(C(=O)Nc2cc(C(C)(C)C)on2)cc1Nc1ncnc2cnc(N3CCN(CC4CCOC4)CC3)nc12,CHEMBL3641098,8.397940008672037,8.397940008672037,1
Cc1ccc(C(=O)Nc2cc(C(C)(C)C)on2)cc1Nc1ncnc2cnc(N3CCN(CCCN4CCCC4)CC3)nc12,CHEMBL3641097,9.0,9.0,1
Cc1ccc(C(=O)Nc2cc(C(C)(C)C)on2)cc1Nc1ncnc2cnc(N3CCN(CCN4CCOCC4)CC3)nc12,CHEMBL3697912,9.0,9.0,1
Cc1ccc(C(=O)Nc2cc(C(C)(C)C)on2)cc1Nc1ncnc2cnc(N3CCN4CCCC4C3)nc12,CHEMBL3641100,8.522878745280337,8.522878745280337,1
Cc1ccc(C(=O)Nc2cc(C(C)(C)C)on2)cc1Nc1ncnc2cnc(N3CC[C@H](F)C3)nc12,CHEMBL3641039,8.301029995663981,8.301029995663981,1
Cc1ccc(C(=O)Nc2cc(C(C)(C)C)on2)cc1Nc1ncnc2cnc(N3C[C@@H](C)N[C@@H](C)C3)nc12,CHEMBL3641112,8.698970004336019,8.698970004336019,1
Cc1ccc(C(=O)Nc2cc(C(C)(C)C)on2)cc1Nc1ncnc2cnc(N3C[C@@H](C)O[C@@H](C)C3)nc12,CHEMBL3697910,7.853871964321762,7.853871964321762,1
Cc1ccc(C(=O)Nc2cc(C(C)(C)C)on2)cc1Nc1ncnc2cnc(N3C[C@H]4C[C@@H]3CN4C)nc12,CHEMBL3641113,8.698970004336019,8.698970004336019,1
Cc1ccc(C(=O)Nc2cc(C(C)(C)C)on2)cc1Nc1ncnc2cnc(NCC(C)C)nc12,CHEMBL3641103,7.886056647693163,7.886056647693163,1
Cc1ccc(C(=O)Nc2cc(C(C)(C)C)on2)cc1Nc1ncnc2cnc(NCC3CCCCO3)nc12,CHEMBL3697904,8.698970004336019,8.698970004336019,1
Cc1ccc(C(=O)Nc2cc(C(C)(C)C)on2)cc1Nc1ncnc2cnc(NCC3CCOC3)nc12,CHEMBL3697902,8.698970004336019,8.698970004336019,1
Cc1ccc(C(=O)Nc2cc(C(C)(C)C)on2)cc1Nc1ncnc2cnc(NCc3ccccc3)nc12,CHEMBL3641136,8.698970004336019,8.698970004336019,1
Cc1ccc(C(=O)Nc2cc(C(C)(C)C)on2)cc1Nc1ncnc2cncnc12,CHEMBL3643295,8.698970004336019,8.698970004336019,1
Cc1ccc(C(=O)Nc2cc(C(F)(F)F)ccn2)cc1-n1cc(-c2cncc(N(C)C)c2)nn1,CHEMBL3980390,7.619788758288394,7.619788758288394,1
Cc1ccc(C(=O)Nc2cc(C(F)(F)F)ccn2)cc1-n1cc(-c2cncc(N(C)C3CCN(C)C3)c2)nn1,CHEMBL3955018,8.397940008672037,8.397940008672037,1
Cc1ccc(C(=O)Nc2cc(C(F)(F)F)ccn2)cc1-n1cc(-c2cncc(N(C)C3CCN(C)CC3)c2)nn1,CHEMBL3973958,7.920818753952375,7.920818753952375,1
Cc1ccc(C(=O)Nc2cc(C(F)(F)F)ccn2)cc1-n1cc(-c2cncc(N(C)C3CCOC3)c2)nn1,CHEMBL3891259,8.154901959985743,8.154901959985743,1
Cc1ccc(C(=O)Nc2cc(C(F)(F)F)ccn2)cc1-n1cc(-c2cncc(N(C)C3CCOCC3)c2)nn1,CHEMBL3934962,7.522878745280337,7.522878745280337,1
Cc1ccc(C(=O)Nc2cc(C(F)(F)F)ccn2)cc1-n1cc(-c2cncc(N(C)CC3CCCO3)c2)nn1,CHEMBL3898308,7.356547323513812,7.356547323513812,1
Cc1ccc(C(=O)Nc2cc(C(F)(F)F)ccn2)cc1-n1cc(-c2cncc(N(C)CCN(C)C)c2)nn1,CHEMBL3968107,8.0,8.0,1
Cc1ccc(C(=O)Nc2cc(C(F)(F)F)ccn2)cc1-n1cc(-c2cncc(N(C)CCN3CCCC3)c2)nn1,CHEMBL3956709,8.045757490560675,8.045757490560675,1
Cc1ccc(C(=O)Nc2cc(C(F)(F)F)ccn2)cc1-n1cc(-c2cncc(N3CCC(N(C)C)C3)c2)nn1,CHEMBL3911586,8.154901959985743,8.154901959985743,1
Cc1ccc(C(=O)Nc2cc(C(F)(F)F)ccn2)cc1-n1cc(-c2cncc(N3CCC(N(C)C)CC3)c2)nn1,CHEMBL3901325,8.096910013008056,8.096910013008056,1
Cc1ccc(C(=O)Nc2cc(C(F)(F)F)ccn2)cc1-n1cc(-c2cncc(N3CCC3)c2)nn1,CHEMBL3985973,7.795880017344075,7.795880017344075,1
Cc1ccc(C(=O)Nc2cc(C(F)(F)F)ccn2)cc1-n1cc(-c2cncc(N3CCCC3)c2)nn1,CHEMBL3906033,8.154901959985743,8.154901959985743,1
Cc1ccc(C(=O)Nc2cc(C(F)(F)F)ccn2)cc1-n1cc(-c2cncc(N3CCCCC3)c2)nn1,CHEMBL3985373,7.161150909262744,7.161150909262744,1
Cc1ccc(C(=O)Nc2cc(C(F)(F)F)ccn2)cc1-n1cc(-c2cncc(N3CCCOCC3)c2)nn1,CHEMBL3971252,7.619788758288394,7.619788758288394,1
Cc1ccc(C(=O)Nc2cc(C(F)(F)F)ccn2)cc1-n1cc(-c2cncc(N3CCN(C(C)C)CC3)c2)nn1,CHEMBL3927531,8.096910013008056,8.096910013008056,1
Cc1ccc(C(=O)Nc2cc(C(F)(F)F)ccn2)cc1-n1cc(-c2cncc(N3CCN(C)CC3)c2)nn1,CHEMBL3924110,8.154901959985743,8.154901959985743,1
Cc1ccc(C(=O)Nc2cc(C(F)(F)F)ccn2)cc1-n1cc(-c2cncc(N3CCNCC3)c2)nn1,CHEMBL3902578,8.301029995663981,8.301029995663981,1
Cc1ccc(C(=O)Nc2cc(C(F)(F)F)ccn2)cc1-n1cc(-c2cncc(N3CCOCC3)c2)nn1,CHEMBL3986040,7.920818753952375,7.920818753952375,1
Cc1ccc(C(=O)Nc2cc(C(F)(F)F)ccn2)cc1-n1cc(-c2cncc(N3CC[C@@H](N(C)C)C3)c2)nn1,CHEMBL4112487,7.823908740944319,7.823908740944319,1
Cc1ccc(C(=O)Nc2cc(C(F)(F)F)ccn2)cc1-n1cc(-c2cncc(N3CC[C@H](N(C)C)C3)c2)nn1,CHEMBL3960521,8.045757490560675,8.045757490560675,1
Cc1ccc(C(=O)Nc2cc(C(F)(F)F)ccn2)cc1-n1cc(-c2cncc(N3C[C@@H]4C[C@H]3CN4)c2)nn1,CHEMBL3897088,8.397940008672037,8.397940008672037,1
Cc1ccc(C(=O)Nc2cc(C(F)(F)F)ccn2)cc1-n1cc(-c2cncc(N3C[C@@H]4C[C@H]3CN4C)c2)nn1,CHEMBL3951820,8.221848749616356,8.221848749616356,1
Cc1ccc(C(=O)Nc2cc(C(F)(F)F)ccn2)cc1-n1cc(-c2cncc(NC3CC3)c2)nn1,CHEMBL3896590,7.356547323513812,7.356547323513812,1
Cc1ccc(C(=O)Nc2cc(C(F)(F)F)ccn2)cc1-n1cc(-c2cncc(NC3CCN(C)C3)c2)nn1,CHEMBL3977418,8.221848749616356,8.221848749616356,1
Cc1ccc(C(=O)Nc2cc(C(F)(F)F)ccn2)cc1-n1cc(-c2cncc(NC3CCN(C)CC3)c2)nn1,CHEMBL3973571,7.6777807052660805,7.6777807052660805,1
Cc1ccc(C(=O)Nc2cc(C(F)(F)F)ccn2)cc1-n1cc(-c2cncc(NC3CCOC3)c2)nn1,CHEMBL3893752,7.958607314841775,7.958607314841775,1
Cc1ccc(C(=O)Nc2cc(C(F)(F)F)ccn2)cc1-n1cc(-c2cncc(NC3CCOCC3)c2)nn1,CHEMBL3929515,8.0,8.0,1
Cc1ccc(C(=O)Nc2cc(C(F)(F)F)ccn2)cc1-n1cc(-c2cncc(NCC3CCCO3)c2)nn1,CHEMBL3899376,7.958607314841775,7.958607314841775,1
Cc1ccc(C(=O)Nc2cc(C(F)(F)F)ccn2)cc1-n1cc(-c2cncc(NCCN(C)C)c2)nn1,CHEMBL3979849,8.0,8.0,1
Cc1ccc(C(=O)Nc2cc(C(F)(F)F)ccn2)cc1Nc1ncnc2c(N)nc(N3CCN(C)CC3)nc12,CHEMBL3694030,8.698970004336019,8.698970004336019,1
Cc1ccc(C(=O)Nc2cc(C(F)(F)F)ccn2)cc1Nc1ncnc2cnc(N(C)CCN(C)C)nc12,CHEMBL3697824,8.221848749616356,8.221848749616356,1
Cc1ccc(C(=O)Nc2cc(C(F)(F)F)ccn2)cc1Nc1ncnc2cnc(N3CCCC3)nc12,CHEMBL3697821,8.698970004336019,8.698970004336019,1
Cc1ccc(C(=O)Nc2cc(C(F)(F)F)ccn2)cc1Nc1ncnc2cnc(N3CCCCC3)nc12,CHEMBL3697879,8.096910013008056,8.096910013008056,1
Cc1ccc(C(=O)Nc2cc(C(F)(F)F)ccn2)cc1Nc1ncnc2cnc(N3CCCN(C)CC3)nc12,CHEMBL3697828,8.522878745280337,8.522878745280337,1
Cc1ccc(C(=O)Nc2cc(C(F)(F)F)ccn2)cc1Nc1ncnc2cnc(N3CCN(CC(C)C)CC3)nc12,CHEMBL3641075,8.522878745280337,8.522878745280337,1
Cc1ccc(C(=O)Nc2cc(C(F)(F)F)ccn2)cc1Nc1ncnc2cnc(N3CC[C@H](F)C3)nc12,CHEMBL3697889,9.0,9.0,1
Cc1ccc(C(=O)Nc2cc(C(F)(F)F)ccn2)cc1Nc1ncnc2cnc(NCc3ccccc3)nc12,CHEMBL3641137,8.522878745280337,8.522878745280337,1
Cc1ccc(C(=O)Nc2cc(CN3CCCC3)c(Cl)c(C(F)(F)F)c2)cc1Nc1ncnc2cnc(N3CCOCC3)nc12,CHEMBL3641143,8.698970004336019,8.698970004336019,1
Cc1ccc(C(=O)Nc2cc(CN3CCCC3)cc(C(F)(F)F)c2)cc1Nc1ncnc2ccc(N3CCOCC3)nc12,CHEMBL3659916,8.397940008672037,8.397940008672037,1
Cc1ccc(C(=O)Nc2cc(CN3CCCC3)cc(C(F)(F)F)c2)cc1Nc1ncnc2cnc(N(C)C)nc12,CHEMBL3694177,8.698970004336019,8.698970004336019,1
Cc1ccc(C(=O)Nc2cc(CN3CCCC3)cc(C(F)(F)F)c2)cc1Nc1ncnc2cnc(N3CCC(F)(F)CC3)nc12,CHEMBL3694164,8.397940008672037,8.397940008672037,1
Cc1ccc(C(=O)Nc2cc(CN3CCCC3)cc(C(F)(F)F)c2)cc1Nc1ncnc2cnc(N3CCC(F)CC3)nc12,CHEMBL3694165,8.698970004336019,8.698970004336019,1
Cc1ccc(C(=O)Nc2cc(CN3CCCC3)cc(C(F)(F)F)c2)cc1Nc1ncnc2cnc(N3CCC3)nc12,CHEMBL3694162,8.397940008672037,8.397940008672037,1
Cc1ccc(C(=O)Nc2cc(CN3CCCC3)cc(C(F)(F)F)c2)cc1Nc1ncnc2cnc(N3CCCC3)nc12,CHEMBL3694171,8.698970004336019,8.698970004336019,1
Cc1ccc(C(=O)Nc2cc(CN3CCCC3)cc(C(F)(F)F)c2)cc1Nc1ncnc2cnc(N3CCCCC3)nc12,CHEMBL3694168,8.698970004336019,8.698970004336019,1
Cc1ccc(C(=O)Nc2cc(CN3CCCC3)cc(C(F)(F)F)c2)cc1Nc1ncnc2cnc(N3CCSCC3)nc12,CHEMBL3694161,8.301029995663981,8.301029995663981,1
Cc1ccc(C(=O)Nc2cc(CN3CCCC3)cc(C(F)(F)F)c2)cc1Nc1ncnc2cnc(N3CC[C@H](F)C3)nc12,CHEMBL3641082,8.698970004336019,8.698970004336019,1
Cc1ccc(C(=O)Nc2cc(CN3CCCC3)cc(C(F)(F)F)c2)cc1Nc1ncnc2cnc(NCC(C)C)nc12,CHEMBL3694174,8.698970004336019,8.698970004336019,1
Cc1ccc(C(=O)Nc2cc(CN3CCCC3)cc(C(F)(F)F)c2)cc1Nc1ncnc2cnc(NCC3CCOC3)nc12,CHEMBL3694166,9.0,9.0,1
Cc1ccc(C(=O)Nc2cc(CN3CCCC3)cc(C(F)(F)F)c2)cc1Nc1ncnc2cnc(NCCF)nc12,CHEMBL3694163,9.0,9.0,1
Cc1ccc(C(=O)Nc2cc(CN3CCCC3)cc(C(F)(F)F)c2)cc1Nc1ncnc2cnc(NCCc3ccccc3)nc12,CHEMBL3694180,8.698970004336019,8.698970004336019,1
Cc1ccc(C(=O)Nc2cc(CN3CCCC3)cc(C(F)(F)F)c2)cc1Nc1ncnc2cnc(NCc3ccccc3)nc12,CHEMBL3694167,8.522878745280337,8.522878745280337,1
Cc1ccc(C(=O)Nc2cc(CN3CCCC3)cc(C(F)(F)F)c2)cc1Nc1ncnc2cnc(NCc3ccccn3)nc12,CHEMBL3694175,8.698970004336019,8.698970004336019,1
Cc1ccc(C(=O)Nc2cc(CN3CCCC3)cc(C(F)(F)F)c2)cc1Nc1ncnc2cnc(NCc3cccnc3)nc12,CHEMBL3694169,9.0,9.0,1
Cc1ccc(C(=O)Nc2cc(CN3CCCC3)cc(C(F)(F)F)c2)cc1Nc1ncnc2cnc(NCc3ccncc3)nc12,CHEMBL3694176,8.698970004336019,8.698970004336019,1
Cc1ccc(C(=O)Nc2cc(CN3CCCC3)cc(C(F)(F)F)c2)cc1Nc1ncnc2cncnc12,CHEMBL3643296,8.397940008672037,8.397940008672037,1
Cc1ccc(C(=O)Nc2cc(N(C)CCN(C)C)cc(C(F)(F)F)c2)cc1Nc1ncnc2c(N)nc(N(C)C)nc12,CHEMBL3694035,8.096910013008056,8.096910013008056,1
Cc1ccc(C(=O)Nc2cc(N(C)CCN(C)C)cc(C(F)(F)F)c2)cc1Nc1ncnc2c(N)nc(N3CCCOCC3)nc12,CHEMBL3694027,8.522878745280337,8.522878745280337,1
Cc1ccc(C(=O)Nc2cc(N(C)CCN(C)C)cc(C(F)(F)F)c2)cc1Nc1ncnc2c(N)nc(N3CCOCC3)nc12,CHEMBL3694033,9.0,9.0,1
Cc1ccc(C(=O)Nc2cc(N(C)CCN(C)C)cc(C(F)(F)F)c2)cc1Nc1ncnc2c(N)nc(N3CC[C@H](F)C3)nc12,CHEMBL3694043,8.397940008672037,8.397940008672037,1
Cc1ccc(C(=O)Nc2cc(N(C)CCN(C)C)cc(C(F)(F)F)c2)cc1Nc1ncnc2cnc(N(C)C)nc12,CHEMBL3697721,8.698970004336019,8.698970004336019,1
Cc1ccc(C(=O)Nc2cc(N(C)CCN(C)C)cc(C(F)(F)F)c2)cc1Nc1ncnc2cnc(N(C)CC3CCCCO3)nc12,CHEMBL3641034,8.0,8.0,1
Cc1ccc(C(=O)Nc2cc(N(C)CCN(C)C)cc(C(F)(F)F)c2)cc1Nc1ncnc2cnc(N3CCC(F)(F)CC3)nc12,CHEMBL3694225,8.045757490560675,8.045757490560675,1
Cc1ccc(C(=O)Nc2cc(N(C)CCN(C)C)cc(C(F)(F)F)c2)cc1Nc1ncnc2cnc(N3CCC(F)CC3)nc12,CHEMBL3694226,8.698970004336019,8.698970004336019,1
Cc1ccc(C(=O)Nc2cc(N(C)CCN(C)C)cc(C(F)(F)F)c2)cc1Nc1ncnc2cnc(N3CCC3)nc12,CHEMBL3694222,8.522878745280337,8.522878745280337,1
Cc1ccc(C(=O)Nc2cc(N(C)CCN(C)C)cc(C(F)(F)F)c2)cc1Nc1ncnc2cnc(N3CCCC3)nc12,CHEMBL3641066,6.565431095965801,6.565431095965801,1
Cc1ccc(C(=O)Nc2cc(N(C)CCN(C)C)cc(C(F)(F)F)c2)cc1Nc1ncnc2cnc(N3CCCCC3)nc12,CHEMBL3694229,8.301029995663981,8.301029995663981,1
Cc1ccc(C(=O)Nc2cc(N(C)CCN(C)C)cc(C(F)(F)F)c2)cc1Nc1ncnc2cnc(N3CCCCCC3)nc12,CHEMBL3694220,8.154901959985743,8.154901959985743,1
Cc1ccc(C(=O)Nc2cc(N(C)CCN(C)C)cc(C(F)(F)F)c2)cc1Nc1ncnc2cnc(N3CCOCC3)nc12,CHEMBL3641068,9.0,9.0,1
Cc1ccc(C(=O)Nc2cc(N(C)CCN(C)C)cc(C(F)(F)F)c2)cc1Nc1ncnc2cnc(N3CCSCC3)nc12,CHEMBL3694221,8.301029995663981,8.301029995663981,1
Cc1ccc(C(=O)Nc2cc(N(C)CCN(C)C)cc(C(F)(F)F)c2)cc1Nc1ncnc2cnc(N3CC[C@H](F)C3)nc12,CHEMBL3641064,8.221848749616356,8.221848749616356,1
Cc1ccc(C(=O)Nc2cc(N(C)CCN(C)C)cc(C(F)(F)F)c2)cc1Nc1ncnc2cnc(N3CC[S+]([O-])CC3)nc12,CHEMBL3694223,8.221848749616356,8.221848749616356,1
Cc1ccc(C(=O)Nc2cc(N(C)CCN(C)C)cc(C(F)(F)F)c2)cc1Nc1ncnc2cnc(NCC(C)C)nc12,CHEMBL3697718,8.522878745280337,8.522878745280337,1
Cc1ccc(C(=O)Nc2cc(N(C)CCN(C)C)cc(C(F)(F)F)c2)cc1Nc1ncnc2cnc(NCC(F)(F)F)nc12,CHEMBL3697724,8.698970004336019,8.698970004336019,1
Cc1ccc(C(=O)Nc2cc(N(C)CCN(C)C)cc(C(F)(F)F)c2)cc1Nc1ncnc2cnc(NCCc3ccccc3)nc12,CHEMBL3639965,8.397940008672037,8.397940008672037,1
Cc1ccc(C(=O)Nc2cc(N(C)CCN(C)C)cc(C(F)(F)F)c2)cc1Nc1ncnc2cnc(NCc3ccccc3)nc12,CHEMBL3694228,8.397940008672037,8.397940008672037,1
Cc1ccc(C(=O)Nc2cc(N(C)CCN(C)C)cc(C(F)(F)F)c2)cc1Nc1ncnc2cnc(NCc3ccccn3)nc12,CHEMBL3697719,8.698970004336019,8.698970004336019,1
Cc1ccc(C(=O)Nc2cc(N(C)CCN(C)C)cc(C(F)(F)F)c2)cc1Nc1ncnc2cnc(NCc3ccncc3)nc12,CHEMBL3697720,9.0,9.0,1
Cc1ccc(C(=O)Nc2cc(N3CCCN(C)CC3)cc(C(F)(F)F)c2)cc1Nc1ncnc2ccc(N3CCOCC3)nc12,CHEMBL3659915,8.301029995663981,8.301029995663981,1
Cc1ccc(C(=O)Nc2cc(N3CCCN(C)CC3)cc(C(F)(F)F)c2)cc1Nc1ncnc2cnc(N(C)CCF)nc12,CHEMBL3641129,9.0,9.0,1
Cc1ccc(C(=O)Nc2cc(N3CCCN(C)CC3)cc(C(F)(F)F)c2)cc1Nc1ncnc2cnc(N3CCOCC3)nc12,CHEMBL3641086,8.698970004336019,8.698970004336019,1
Cc1ccc(C(=O)Nc2cc(N3CCCN(C)CC3)cc(C(F)(F)F)c2)cc1Nc1ncnc2cnc(N3CC[C@H](F)C3)nc12,CHEMBL3641081,9.0,9.0,1
Cc1ccc(C(=O)Nc2cc(N3CCN(C(C)C)CC3)cc(C(F)(F)F)c2)cc1Nc1ncnc2cnc(N3CCOCC3)nc12,CHEMBL3641084,8.698970004336019,8.698970004336019,1
Cc1ccc(C(=O)Nc2cc(N3CCN(C(C)C)CC3)cc(C(F)(F)F)c2)cc1Nc1ncnc2cnc(N3CC[C@H](F)C3)nc12,CHEMBL3641079,8.522878745280337,8.522878745280337,1
Cc1ccc(C(=O)Nc2cc(N3CCN(C)CC3)c(F)c(C(F)(F)F)c2)cc1Nc1ncnc2cnc(N3CCN(CC4CCN(C)CC4)CC3)nc12,CHEMBL3641124,8.301029995663981,8.301029995663981,1
Cc1ccc(C(=O)Nc2cc(N3CCN(C)CC3)c(F)c(C(F)(F)F)c2)cc1Nc1ncnc2cnc(N3CCOCC3)nc12,CHEMBL3641118,9.0,9.0,1
Cc1ccc(C(=O)Nc2cc(N3CCN(C)CC3)c(F)c(C(F)(F)F)c2)cc1Nc1ncnc2cnc(N3CC[C@H](F)C3)nc12,CHEMBL3641126,8.397940008672037,8.397940008672037,1
Cc1ccc(C(=O)Nc2cc(N3CCN(C)CC3)c(F)c(C(F)(F)F)c2)cc1Nc1ncnc2cnc(NC3CCOC3)nc12,CHEMBL3641121,8.397940008672037,8.397940008672037,1
Cc1ccc(C(=O)Nc2cc(N3CCN(C)CC3)cc(C(F)(F)F)c2)cc1Nc1ncnc2ccc(N3CCOCC3)nc12,CHEMBL3659914,8.397940008672037,8.397940008672037,1
Cc1ccc(C(=O)Nc2cc(N3CCN(C)CC3)cc(C(F)(F)F)c2)cc1Nc1ncnc2cnc(N(C)CCF)nc12,CHEMBL3641133,8.698970004336019,8.698970004336019,1
Cc1ccc(C(=O)Nc2cc(N3CCN(C)CC3)cc(C(F)(F)F)c2)cc1Nc1ncnc2cnc(N3CCOCC3)nc12,CHEMBL3641085,9.0,9.0,1
Cc1ccc(C(=O)Nc2cc(N3CCN(C)CC3)cc(C(F)(F)F)c2)cc1Nc1ncnc2cnc(N3CC[C@H](F)C3)nc12,CHEMBL3641080,8.397940008672037,8.397940008672037,1
Cc1ccc(C(=O)Nc2cc(N3CCN(CC(C)C)CC3)cc(C(F)(F)F)c2)cc1Nc1ncnc2cnc(N3CCOCC3)nc12,CHEMBL3641083,8.397940008672037,8.397940008672037,1
Cc1ccc(C(=O)Nc2cc(N3CCN(CC(C)C)CC3)cc(C(F)(F)F)c2)cc1Nc1ncnc2cnc(N3CC[C@H](F)C3)nc12,CHEMBL3641078,8.096910013008056,8.096910013008056,1
Cc1ccc(C(=O)Nc2cc(N3CCN(CCO)CC3)cc(C(F)(F)F)c2)cc1Nc1ncnc2cnc(N3CCOCC3)nc12,CHEMBL3641141,8.397940008672037,8.397940008672037,1
Cc1ccc(C(=O)Nc2cc(N3CCOCC3)cc(C(F)(F)F)c2)cc1Nc1ncnc2cnc(N3CCOCC3)nc12,CHEMBL3641140,8.522878745280337,8.522878745280337,1
Cc1ccc(C(=O)Nc2cc(N3C[C@@H](C)N[C@@H](C)C3)cc(C(F)(F)F)c2)cc1Nc1ncnc2cnc(N3CCOCC3)nc12,CHEMBL3641139,8.522878745280337,8.522878745280337,1
Cc1ccc(C(=O)Nc2cc(OCCN(C)C)cc(C(F)(F)F)c2)cc1Nc1ncnc2cnc(N(C)C)nc12,CHEMBL3694217,8.698970004336019,8.698970004336019,1
Cc1ccc(C(=O)Nc2cc(OCCN(C)C)cc(C(F)(F)F)c2)cc1Nc1ncnc2cnc(N3CCC(F)CC3)nc12,CHEMBL3694207,8.698970004336019,8.698970004336019,1
Cc1ccc(C(=O)Nc2cc(OCCN(C)C)cc(C(F)(F)F)c2)cc1Nc1ncnc2cnc(N3CCC3)nc12,CHEMBL3694205,8.698970004336019,8.698970004336019,1
Cc1ccc(C(=O)Nc2cc(OCCN(C)C)cc(C(F)(F)F)c2)cc1Nc1ncnc2cnc(N3CCCC3)nc12,CHEMBL3694212,8.698970004336019,8.698970004336019,1
Cc1ccc(C(=O)Nc2cc(OCCN(C)C)cc(C(F)(F)F)c2)cc1Nc1ncnc2cnc(N3CCSCC3)nc12,CHEMBL3694204,8.522878745280337,8.522878745280337,1
Cc1ccc(C(=O)Nc2cc(OCCN(C)C)cc(C(F)(F)F)c2)cc1Nc1ncnc2cnc(NCc3ccccc3)nc12,CHEMBL3694209,9.0,9.0,1
Cc1ccc(C(=O)Nc2cc(OCCN(C)C)cc(C(F)(F)F)c2)cc1Nc1ncnc2cnc(NCc3ccccn3)nc12,CHEMBL3694216,8.397940008672037,8.397940008672037,1
Cc1ccc(C(=O)Nc2cc(OCCN(C)C)cc(C(F)(F)F)c2)cc1Nc1ncnc2cnc(NCc3cccnc3)nc12,CHEMBL3694210,9.0,9.0,1
Cc1ccc(C(=O)Nc2cc(OCCN3CCCC3)cc(C(F)(F)F)c2)cc1Nc1ncnc2cnc(N3CCOCC3)nc12,CHEMBL3641138,9.0,9.0,1
Cc1ccc(C(=O)Nc2cc(OCCN3CCOCC3)cc(C(F)(F)F)c2)cc1Nc1ncnc2cnc(N3CCOCC3)nc12,CHEMBL3641144,8.522878745280337,8.522878745280337,1
Cc1ccc(C(=O)Nc2ccc(C#N)c(C(F)(F)F)c2)cc1Nc1ncnc2c(N)nc(N3CCN(C)CC3)nc12,CHEMBL3694028,8.154901959985743,8.154901959985743,1
Cc1ccc(C(=O)Nc2ccc(C#N)c(C(F)(F)F)c2)cc1Nc1ncnc2cnc(N(C)CCN(C)C)nc12,CHEMBL3697826,8.301029995663981,8.301029995663981,1
Cc1ccc(C(=O)Nc2ccc(C#N)c(C(F)(F)F)c2)cc1Nc1ncnc2cnc(N3CCCC3)nc12,CHEMBL3697819,7.508638306165727,7.508638306165727,1
Cc1ccc(C(=O)Nc2ccc(C#N)c(C(F)(F)F)c2)cc1Nc1ncnc2cnc(N3CCCCC3)nc12,CHEMBL3697877,7.251811972993799,7.251811972993799,1
Cc1ccc(C(=O)Nc2ccc(C#N)c(C(F)(F)F)c2)cc1Nc1ncnc2cnc(N3CCCN(C)CC3)nc12,CHEMBL3697829,8.522878745280337,8.522878745280337,1
Cc1ccc(C(=O)Nc2ccc(C#N)c(C(F)(F)F)c2)cc1Nc1ncnc2cnc(N3CCN(C)CC3)nc12,CHEMBL3697856,8.698970004336019,8.698970004336019,1
Cc1ccc(C(=O)Nc2ccc(C#N)c(C(F)(F)F)c2)cc1Nc1ncnc2cnc(N3CCOCC3)nc12,CHEMBL3697884,8.397940008672037,8.397940008672037,1
Cc1ccc(C(=O)Nc2ccc(C#N)c(C(F)(F)F)c2)cc1Nc1ncnc2cnc(N3CC[C@H](F)C3)nc12,CHEMBL3697837,7.443697499232712,7.443697499232712,1
Cc1ccc(C(=O)Nc2ccc(C(F)(F)F)c(Cl)c2)cc1NC(=O)C1(c2cc(NCCCN3CCN(C)CC3)ncn2)CC1,CHEMBL4282601,8.190557757502274,8.190557757502274,2
Cc1ccc(C(=O)Nc2ccc(C(F)(F)F)c(Cl)c2)cc1NC(=O)C1(c2ccnc(NCCN3CCN(C)CC3)n2)CC1,CHEMBL4289810,7.899629454882437,7.834930894534427,3
Cc1ccc(C(=O)Nc2ccc(C(F)(F)F)cc2)cc1Nc1ncccc1-c1ncnc2[nH]cnc12,CHEMBL3354387,8.823908740944319,8.823908740944319,1
Cc1ccc(C(=O)Nc2ccc(C(F)(F)F)cc2)cc1Nc1ncnc2c(N)nc(N3CCCN(C)CC3)nc12,CHEMBL3639887,8.045757490560675,8.045757490560675,1
Cc1ccc(C(=O)Nc2ccc(C(F)(F)F)cc2)cc1Nc1ncnc2c(N)nc(N3CCN(C)CC3)nc12,CHEMBL3689904,8.301029995663981,8.301029995663981,1
Cc1ccc(C(=O)Nc2ccc(C(F)(F)F)cc2)cc1Nc1ncnc2c(N)nc(N3CCN(C4CCN(C)CC4)CC3)nc12,CHEMBL3689906,8.522878745280337,8.522878745280337,1
Cc1ccc(C(=O)Nc2ccc(C(F)(F)F)cc2)cc1Nc1ncnc2c(N)nc(N3CCN(CC4CCN(C)CC4)CC3)nc12,CHEMBL3689907,8.698970004336019,8.698970004336019,1
Cc1ccc(C(=O)Nc2ccc(C(F)(F)F)cc2)cc1Nc1ncnc2c(N)nc(N3CCNCC3)nc12,CHEMBL3689903,8.154901959985743,8.154901959985743,1
Cc1ccc(C(=O)Nc2ccc(C(F)(F)F)cc2)cc1Nc1ncnc2c(N)nc(NCCN(C)C)nc12,CHEMBL3689905,7.167491087293763,7.167491087293763,1
Cc1ccc(C(=O)Nc2ccc(CN3CCN(C)CC3)c(C(F)(F)F)c2)cc1NC(=O)c1ccc2[nH]ccc2c1,CHEMBL3234754,6.657577319177793,6.657577319177793,1
Cc1ccc(C(=O)Nc2ccc(CN3CCN(C)CC3)c(C(F)(F)F)c2)cc1NC(=O)c1ccccc1,CHEMBL3234739,6.619788758288394,6.619788758288394,1
Cc1ccc(C(=O)Nc2ccc(CN3CCN(C)CC3)c(C(F)(F)F)c2)cc1NC(=O)c1ccccn1,CHEMBL3234737,6.24184537803261,6.24184537803261,1
Cc1ccc(C(=O)Nc2ccc(CN3CCN(C)CC3)c(C(F)(F)F)c2)cc1NC(=O)c1cccnc1,CHEMBL3234736,6.2588484011482155,6.2588484011482155,1
Cc1ccc(C(=O)Nc2ccc(CN3CCN(C)CC3)c(C(F)(F)F)c2)cc1NC(=O)c1ccncc1,CHEMBL3234738,6.958607314841775,6.958607314841775,1
Cc1ccc(C(=O)Nc2ccc(CN3CCN(C)CC3)c(C(F)(F)F)c2)cc1NC(=O)c1cnc(N(C)C)nc1,CHEMBL3234751,6.522878745280337,6.522878745280337,1
Cc1ccc(C(=O)Nc2ccc(CN3CCN(C)CC3)c(C(F)(F)F)c2)cc1NC(=O)c1cnc(N)nc1,CHEMBL3234742,6.3872161432802645,6.3872161432802645,1
Cc1ccc(C(=O)Nc2ccc(CN3CCN(C)CC3)c(C(F)(F)F)c2)cc1NC(=O)c1cnc(NC(C)C)nc1,CHEMBL3234746,6.468521082957745,6.468521082957745,1
Cc1ccc(C(=O)Nc2ccc(CN3CCN(C)CC3)c(C(F)(F)F)c2)cc1NC(=O)c1cnc(NC2CC2)nc1,CHEMBL3234747,6.4089353929735005,6.4089353929735005,1
Cc1ccc(C(=O)Nc2ccc(CN3CCN(C)CC3)c(C(F)(F)F)c2)cc1NC(=O)c1cnc(NC2CCCC2)nc1,CHEMBL3234748,6.638272163982407,6.638272163982407,1
Cc1ccc(C(=O)Nc2ccc(CN3CCN(C)CC3)c(C(F)(F)F)c2)cc1NC(=O)c1cnc(NC2CCCCC2)nc1,CHEMBL3234749,7.431798275933005,7.431798275933005,1
Cc1ccc(C(=O)Nc2ccc(CN3CCN(C)CC3)c(C(F)(F)F)c2)cc1NC(=O)c1cnc(Nc2ccccc2)nc1,CHEMBL3234750,6.6777807052660805,6.6777807052660805,1
Cc1ccc(C(=O)Nc2ccc(CN3CCN(C)CC3)c(C(F)(F)F)c2)cc1NC(=O)c1cnc2[nH]ccc2c1,CHEMBL3234752,7.292429823902063,7.292429823902063,1
Cc1ccc(C(=O)Nc2ccc(CN3CCN(C)CC3)c(C(F)(F)F)c2)cc1NC(=O)c1cnc2[nH]ncc2c1,CHEMBL3234753,7.318758762624412,7.318758762624412,1
Cc1ccc(C(=O)Nc2ccc(CN3CCN(C)CC3)c(C(F)(F)F)c2)cc1NC(=O)c1cnccn1,CHEMBL3234740,6.552841968657781,6.552841968657781,1
Cc1ccc(C(=O)Nc2ccc(CN3CCN(C)CC3)c(C(F)(F)F)c2)cc1NC(=O)c1cncnc1,CHEMBL3234741,6.173925197299173,6.173925197299173,1
Cc1ccc(C(=O)Nc2ccc(CNC(=O)OC(C)(C)C)c(C(F)(F)F)c2)cc1-c1cc(N2CCOCC2)c(=O)n(C)c1,CHEMBL5786543,7.919016691817962,7.919016691817962,2
Cc1ccc(C(=O)Nc2ccc(Cl)c(Br)c2)cc1Nc1ncccc1-c1ncnc2[nH]cnc12,CHEMBL3354386,8.441291429466835,8.441291429466835,1
Cc1ccc(C(=O)Nc2ccc(Cl)c(C(F)(F)F)c2)cc1NC(=O)C(C)(C)c1cc(NCC2CCN(C)CC2)ncn1,CHEMBL4074595,6.838631997765026,6.838631997765026,1
Cc1ccc(C(=O)Nc2ccc(Cl)c(C(F)(F)F)c2)cc1NC(=O)C(C)(C)c1ncnc2[nH]ccc12,CHEMBL4457131,8.207608310501746,8.207608310501746,1
Cc1ccc(C(=O)Nc2ccc(Cl)c(C(F)(F)F)c2)cc1NC(=O)C1(c2cc(NC(C)C)ncn2)CC1,CHEMBL4068160,6.853871964321762,6.853871964321762,1
Cc1ccc(C(=O)Nc2ccc(Cl)c(C(F)(F)F)c2)cc1NC(=O)C1(c2cc(NC3CCN(C)CC3)ncn2)CC1,CHEMBL4063679,7.669586226650809,7.669586226650809,1
Cc1ccc(C(=O)Nc2ccc(Cl)c(C(F)(F)F)c2)cc1NC(=O)C1(c2cc(NCC3CCN(C)CC3)ncn2)CC1,CHEMBL4085294,7.622390445230625,7.622390445230625,2
Cc1ccc(C(=O)Nc2ccc(Cl)c(C(F)(F)F)c2)cc1NC(=O)C1(c2cc(NCCC(=O)O)ncn2)CC1,CHEMBL4079957,7.095825631715837,7.095825631715837,1
Cc1ccc(C(=O)Nc2ccc(Cl)c(C(F)(F)F)c2)cc1NC(=O)C1(c2cc(NCCCN(C)C)ncn2)CC1,CHEMBL4087837,7.599620846592923,7.599620846592923,2
Cc1ccc(C(=O)Nc2ccc(Cl)c(C(F)(F)F)c2)cc1NC(=O)C1(c2cc(NCCCN3CCN(C)CC3)ncn2)CC1,CHEMBL4075036,7.720441860004019,7.720441860004019,2
Cc1ccc(C(=O)Nc2ccc(Cl)c(C(F)(F)F)c2)cc1NC(=O)C1(c2cc(NCCCN3CCOCC3)ncn2)CC1,CHEMBL4093166,7.73754891026957,7.73754891026957,1
Cc1ccc(C(=O)Nc2ccc(Cl)c(C(F)(F)F)c2)cc1NC(=O)C1(c2cc(NCCN(C)C)ncn2)CC1,CHEMBL4059496,7.166215625343521,7.166215625343521,1
Cc1ccc(C(=O)Nc2ccc(Cl)c(C(F)(F)F)c2)cc1NC(=O)C1(c2cc(NCCN3CCCC3)ncn2)CC1,CHEMBL4082425,7.496563832668979,7.496563832668979,2
Cc1ccc(C(=O)Nc2ccc(Cl)c(C(F)(F)F)c2)cc1NC(=O)C1(c2cc(NCCN3CCCCC3)ncn2)CC1,CHEMBL4060531,7.426316446103106,7.426316446103106,2
Cc1ccc(C(=O)Nc2ccc(Cl)c(C(F)(F)F)c2)cc1NC(=O)C1(c2cc(NCCN3CCN(C)CC3)ncn2)CC1,CHEMBL4101717,7.856985199745905,7.856985199745905,1
Cc1ccc(C(=O)Nc2ccc(Cl)c(C(F)(F)F)c2)cc1NC(=O)C1(c2cc(NCCN3CCOCC3)ncn2)CC1,CHEMBL4082762,7.665546248849069,7.665546248849069,1
Cc1ccc(C(=O)Nc2ccc(Cl)c(C(F)(F)F)c2)cc1NC(=O)C1(c2cc(NCCO)ncn2)CC1,CHEMBL4103293,7.501689446210399,7.501689446210399,1
Cc1ccc(C(=O)Nc2ccc(Cl)c(C(F)(F)F)c2)cc1NC(=O)C1(c2ccnc(NCCN3CCN(C)CC3)n2)CC1,CHEMBL5271182,7.802581614360422,7.802581614360422,2
Cc1ccc(C(=O)Nc2ccc(Cl)c(C(F)(F)F)c2)cc1NC(=O)C1(c2ncnc3[nH]ccc23)CC1,CHEMBL4438236,8.241402051025013,8.241402051025013,2
Cc1ccc(C(=O)Nc2ccc(Cl)c(C(F)(F)F)c2)cc1NC(=O)C1(c2ncnc3[nH]cnc23)CC1,CHEMBL4466555,8.860623199523586,8.860623199523586,2
Cc1ccc(C(=O)Nc2ccc(Cl)c(C(F)(F)F)c2)cc1Nc1ncccc1-c1ncnc2[nH]cnc12,CHEMBL3354380,8.5016894462104,8.5016894462104,1
Cc1ccc(C(=O)Nc2ccc(Cl)c(C(F)(F)F)c2)cc1Nc1ncnc2c(N)nc(N3CCN(C)CC3)nc12,CHEMBL3694031,8.522878745280337,8.522878745280337,1
Cc1ccc(C(=O)Nc2ccc(Cl)c(C(F)(F)F)c2)cc1Nc1ncnc2cnc(N(C)CCN(C)C)nc12,CHEMBL3697781,8.698970004336019,8.698970004336019,1
Cc1ccc(C(=O)Nc2ccc(Cl)c(C(F)(F)F)c2)cc1Nc1ncnc2cnc(N3CCCC3)nc12,CHEMBL3697815,7.481486060122112,7.481486060122112,1
Cc1ccc(C(=O)Nc2ccc(Cl)c(C(F)(F)F)c2)cc1Nc1ncnc2cnc(N3CCCCC3)nc12,CHEMBL3697875,8.0,8.0,1
Cc1ccc(C(=O)Nc2ccc(Cl)c(C(F)(F)F)c2)cc1Nc1ncnc2cnc(N3CCCN(C)CC3)nc12,CHEMBL3697766,8.301029995663981,8.301029995663981,1
Cc1ccc(C(=O)Nc2ccc(Cl)c(C(F)(F)F)c2)cc1Nc1ncnc2cnc(N3CCN(C)CC3)nc12,CHEMBL3697845,8.397940008672037,8.397940008672037,1
Cc1ccc(C(=O)Nc2ccc(Cl)c(C(F)(F)F)c2)cc1Nc1ncnc2cnc(N3CCOCC3)nc12,CHEMBL3697881,8.698970004336019,8.698970004336019,1
Cc1ccc(C(=O)Nc2ccc(Cl)c(C(F)(F)F)c2)cc1Nc1ncnc2cnc(N3CC[C@H](F)C3)nc12,CHEMBL3697834,7.886056647693163,7.886056647693163,1
Cc1ccc(C(=O)Nc2ccc(Cl)cc2)cc1NC(=O)C1(c2ncnc3[nH]ccc23)CC1,CHEMBL4545914,8.920818753952375,8.920818753952375,1
Cc1ccc(C(=O)Nc2ccc(F)c(C(F)(F)F)c2)cc1Nc1ncnc2cnc(N(C)CCN(C)C)nc12,CHEMBL3697777,7.537602002101044,7.537602002101044,1
Cc1ccc(C(=O)Nc2ccc(F)c(C(F)(F)F)c2)cc1Nc1ncnc2cnc(N3CCCC3)nc12,CHEMBL3697811,8.397940008672037,8.397940008672037,1
Cc1ccc(C(=O)Nc2ccc(F)c(C(F)(F)F)c2)cc1Nc1ncnc2cnc(N3CCCCC3)nc12,CHEMBL3697873,7.769551078621726,7.769551078621726,1
Cc1ccc(C(=O)Nc2ccc(F)c(C(F)(F)F)c2)cc1Nc1ncnc2cnc(N3CCCN(C)CC3)nc12,CHEMBL3697762,8.522878745280337,8.522878745280337,1
Cc1ccc(C(=O)Nc2ccc(F)c(C(F)(F)F)c2)cc1Nc1ncnc2cnc(N3CCN(C)CC3)nc12,CHEMBL3697842,9.0,9.0,1
Cc1ccc(C(=O)Nc2ccc(F)c(C(F)(F)F)c2)cc1Nc1ncnc2cnc(N3CCOCC3)nc12,CHEMBL3697859,8.045757490560675,8.045757490560675,1
Cc1ccc(C(=O)Nc2ccc(F)c(C(F)(F)F)c2)cc1Nc1ncnc2cnc(N3CC[C@H](F)C3)nc12,CHEMBL3697831,8.522878745280337,8.522878745280337,1
Cc1ccc(C(=O)Nc2ccc(F)cc2)cc1NC(=O)C1(c2ncnc3[nH]ccc23)CC1,CHEMBL4588013,7.769551078621726,7.769551078621726,1
Cc1ccc(C(=O)Nc2ccc(N(C)CCN(C)C)c(C(F)(F)F)c2)cc1Nc1ncnc2cnc(N(C)C)nc12,CHEMBL3694199,8.522878745280337,8.522878745280337,1
Cc1ccc(C(=O)Nc2ccc(N(C)CCN(C)C)c(C(F)(F)F)c2)cc1Nc1ncnc2cnc(N3CCC(F)(F)CC3)nc12,CHEMBL3694186,8.522878745280337,8.522878745280337,1
Cc1ccc(C(=O)Nc2ccc(N(C)CCN(C)C)c(C(F)(F)F)c2)cc1Nc1ncnc2cnc(N3CCC(F)CC3)nc12,CHEMBL3694187,8.397940008672037,8.397940008672037,1
Cc1ccc(C(=O)Nc2ccc(N(C)CCN(C)C)c(C(F)(F)F)c2)cc1Nc1ncnc2cnc(N3CCC3)nc12,CHEMBL3694184,8.698970004336019,8.698970004336019,1
Cc1ccc(C(=O)Nc2ccc(N(C)CCN(C)C)c(C(F)(F)F)c2)cc1Nc1ncnc2cnc(N3CCCC3)nc12,CHEMBL3694193,8.698970004336019,8.698970004336019,1
Cc1ccc(C(=O)Nc2ccc(N(C)CCN(C)C)c(C(F)(F)F)c2)cc1Nc1ncnc2cnc(N3CCCCC3)nc12,CHEMBL3694190,8.522878745280337,8.522878745280337,1
Cc1ccc(C(=O)Nc2ccc(N(C)CCN(C)C)c(C(F)(F)F)c2)cc1Nc1ncnc2cnc(N3CCCCCC3)nc12,CHEMBL3694182,8.522878745280337,8.522878745280337,1
Cc1ccc(C(=O)Nc2ccc(N(C)CCN(C)C)c(C(F)(F)F)c2)cc1Nc1ncnc2cnc(N3CCOCC3)nc12,CHEMBL3694192,8.522878745280337,8.522878745280337,1
Cc1ccc(C(=O)Nc2ccc(N(C)CCN(C)C)c(C(F)(F)F)c2)cc1Nc1ncnc2cnc(N3CCSCC3)nc12,CHEMBL3694183,8.698970004336019,8.698970004336019,1
Cc1ccc(C(=O)Nc2ccc(N(C)CCN(C)C)c(C(F)(F)F)c2)cc1Nc1ncnc2cnc(NCC(C)C)nc12,CHEMBL3694196,8.698970004336019,8.698970004336019,1
Cc1ccc(C(=O)Nc2ccc(N(C)CCN(C)C)c(C(F)(F)F)c2)cc1Nc1ncnc2cnc(NCCc3ccccc3)nc12,CHEMBL3694202,8.301029995663981,8.301029995663981,1
Cc1ccc(C(=O)Nc2ccc(N(C)CCN(C)C)c(C(F)(F)F)c2)cc1Nc1ncnc2cnc(NCc3ccccc3)nc12,CHEMBL3694189,8.522878745280337,8.522878745280337,1
Cc1ccc(C(=O)Nc2ccc(N(C)CCN(C)C)c(C(F)(F)F)c2)cc1Nc1ncnc2cnc(NCc3ccccn3)nc12,CHEMBL3694197,8.397940008672037,8.397940008672037,1
Cc1ccc(C(=O)Nc2ccc(N(C)CCN(C)C)c(C(F)(F)F)c2)cc1Nc1ncnc2cnc(NCc3cccnc3)nc12,CHEMBL3694191,8.698970004336019,8.698970004336019,1
Cc1ccc(C(=O)Nc2ccc(N(C)CCN(C)C)c(C(F)(F)F)c2)cc1Nc1ncnc2cnc(NCc3ccncc3)nc12,CHEMBL3694198,8.522878745280337,8.522878745280337,1
Cc1ccc(C(=O)Nc2ccc(N3CCN(C)CC3)c(C(F)(F)F)c2)cc1NC(=O)C1(c2ncnc3[nH]ccc23)CC1,CHEMBL4473290,7.462180904926726,7.462180904926726,1
Cc1ccc(C(=O)Nc2ccc(N3CCOCC3)c(C(F)(F)F)c2)cc1NC(=O)C1(c2ncnc3[nH]ccc23)CC1,CHEMBL4555839,7.872895201635192,7.872895201635192,1
Cc1ccc(C(=O)Nc2ccc(OC3CCN(C)CC3)c(C(F)(F)F)c2)cc1NC(=O)C1(c2ncnc3[nH]ccc23)CC1,CHEMBL4586402,7.583432821442423,7.583432821442423,2
Cc1ccc(C(=O)Nc2ccc(OCC3CCN(C)CC3)c(C(F)(F)F)c2)cc1NC(=O)C(C)(C)c1ncnc2[nH]ccc12,CHEMBL4518466,7.359518563029578,7.359518563029578,1
Cc1ccc(C(=O)Nc2ccc(OCC3CCN(C)CC3)c(C(F)(F)F)c2)cc1NC(=O)C1(c2ncnc3[nH]ccc23)CC1,CHEMBL4436132,7.402304814074488,7.279149817629764,3
Cc1ccc(C(=O)Nc2ccc(OCCCN3CCOCC3)c(C(F)(F)F)c2)cc1NC(=O)C1(c2ncnc3[nH]ccc23)CC1,CHEMBL4439157,8.130768280269024,8.130768280269024,1
Cc1ccc(C(=O)Nc2ccc3c(c2)C(C)(C)C(=O)N3CCN2CCCC2)cc1Nc1ncnc2cnc(N(C)CCN(C)C)nc12,CHEMBL3697742,7.795880017344075,7.795880017344075,1
Cc1ccc(C(=O)Nc2ccc3c(c2)C(C)(C)C(=O)N3CCN2CCCC2)cc1Nc1ncnc2cnc(N3CCCC3)nc12,CHEMBL3697801,7.638272163982407,7.638272163982407,1
Cc1ccc(C(=O)Nc2ccc3c(c2)C(C)(C)C(=O)N3CCN2CCCC2)cc1Nc1ncnc2cnc(N3CCCCC3)nc12,CHEMBL3697757,8.397940008672037,8.397940008672037,1
Cc1ccc(C(=O)Nc2ccc3c(c2)C(C)(C)C(=O)N3CCN2CCCC2)cc1Nc1ncnc2cnc(N3CCCN(C)CC3)nc12,CHEMBL3697798,8.096910013008056,8.096910013008056,1
Cc1ccc(C(=O)Nc2ccc3c(c2)C(C)(C)C(=O)N3CCN2CCCC2)cc1Nc1ncnc2cnc(N3CCN(C)CC3)nc12,CHEMBL3697732,7.585026652029182,7.585026652029182,1
Cc1ccc(C(=O)Nc2ccc3c(c2)C(C)(C)C(=O)N3CCN2CCCC2)cc1Nc1ncnc2cnc(N3CCOCC3)nc12,CHEMBL3697738,8.698970004336019,8.698970004336019,1
Cc1ccc(C(=O)Nc2ccc3c(c2)C(C)(C)C(=O)N3CCN2CCCC2)cc1Nc1ncnc2cnc(N3CC[C@@H](F)C3)nc12,CHEMBL3697750,8.397940008672037,8.397940008672037,1
Cc1ccc(C(=O)Nc2ccc3c(c2)OC(F)(F)C(F)(F)O3)cc1Nc1ncnc2cnc(N3CCN(CCN(C)C)CC3)nc12,CHEMBL3641211,9.0,9.0,1
Cc1ccc(C(=O)Nc2cccc(-c3nnco3)c2)cc1-c1cc(N2CCOCC2)c(=O)n(C)c1,CHEMBL6010130,7.818194010053928,7.818194010053928,2
Cc1ccc(C(=O)Nc2cccc(C#N)c2)cc1Nc1ncccc1-c1ncnc2[nH]cnc12,CHEMBL3352837,8.338066756960021,8.338066756960021,2
Cc1ccc(C(=O)Nc2cccc(C(C)(C)C#N)c2)cc1-c1cc(N2CCOCC2)c(=O)n(C)c1,CHEMBL6038452,8.431798275933005,8.431798275933005,2
Cc1ccc(C(=O)Nc2cccc(C(C)(C)C#N)c2)cc1-c1cc(N2CCOCC2)n(C)c(=O)c1,CHEMBL5926184,8.346787486224656,8.346787486224656,2
Cc1ccc(C(=O)Nc2cccc(C(C)(C)C#N)c2)cc1Nc1ncnc2cnc(N(C)CCN(C)C)nc12,CHEMBL3697744,7.958607314841775,7.958607314841775,1
Cc1ccc(C(=O)Nc2cccc(C(C)(C)C#N)c2)cc1Nc1ncnc2cnc(N3CCCC3)nc12,CHEMBL3697822,8.221848749616356,8.221848749616356,1
Cc1ccc(C(=O)Nc2cccc(C(C)(C)C#N)c2)cc1Nc1ncnc2cnc(N3CCCCC3)nc12,CHEMBL3697759,8.522878745280337,8.522878745280337,1
Cc1ccc(C(=O)Nc2cccc(C(C)(C)C#N)c2)cc1Nc1ncnc2cnc(N3CCCN(C)CC3)nc12,CHEMBL3697726,8.522878745280337,8.522878745280337,1
Cc1ccc(C(=O)Nc2cccc(C(C)(C)C#N)c2)cc1Nc1ncnc2cnc(N3CCN(C)CC3)nc12,CHEMBL3697850,8.698970004336019,8.698970004336019,1
Cc1ccc(C(=O)Nc2cccc(C(C)(C)C#N)c2)cc1Nc1ncnc2cnc(N3CCOCC3)nc12,CHEMBL3697866,9.0,9.0,1
Cc1ccc(C(=O)Nc2cccc(C(C)(C)C#N)c2)cc1Nc1ncnc2cnc(N3CC[C@@H](F)C3)nc12,CHEMBL3697752,8.698970004336019,8.698970004336019,1
Cc1ccc(C(=O)Nc2cccc(C(C)(C)C#N)c2)cc1Nc1ncnc2cnc(NCC(C)C)nc12,CHEMBL3641135,8.698970004336019,8.698970004336019,1
Cc1ccc(C(=O)Nc2cccc(C(C)(C)C#N)c2)cc1Nc1ncnc2cnc(NCc3ccccc3)nc12,CHEMBL3641057,8.154901959985743,8.154901959985743,1
Cc1ccc(C(=O)Nc2cccc(C(C)(C)C)c2)cc1Nc1ncnc2c(N)nc(N3CCN(C)CC3)nc12,CHEMBL3694037,8.698970004336019,8.698970004336019,1
Cc1ccc(C(=O)Nc2cccc(C(C)(C)C)c2)cc1Nc1ncnc2cnc(N(C)CCN(C)C)nc12,CHEMBL3697785,8.221848749616356,8.221848749616356,1
Cc1ccc(C(=O)Nc2cccc(C(C)(C)C)c2)cc1Nc1ncnc2cnc(N3CCCC3)nc12,CHEMBL3697818,8.698970004336019,8.698970004336019,1
Cc1ccc(C(=O)Nc2cccc(C(C)(C)C)c2)cc1Nc1ncnc2cnc(N3CCCCC3)nc12,CHEMBL3697794,8.698970004336019,8.698970004336019,1
Cc1ccc(C(=O)Nc2cccc(C(C)(C)C)c2)cc1Nc1ncnc2cnc(N3CCN(C)CC3)nc12,CHEMBL3697775,9.0,9.0,1
Cc1ccc(C(=O)Nc2cccc(C(C)(C)C)c2)cc1Nc1ncnc2cnc(N3CCN(CC4CCN(C)CC4)CC3)nc12,CHEMBL3641043,9.0,9.0,1
Cc1ccc(C(=O)Nc2cccc(C(C)(C)C)c2)cc1Nc1ncnc2cnc(N3CCOCC3)nc12,CHEMBL3697839,9.0,9.0,1
Cc1ccc(C(=O)Nc2cccc(C(C)(C)O)c2)cc1-c1cc(N2CCOCC2)c(=O)n(C)c1,CHEMBL6030987,8.200659450546418,8.200659450546418,2
Cc1ccc(C(=O)Nc2cccc(C(C)(C)O)c2)cc1-c1cc(N2CCOCC2)n(C)c(=O)c1,CHEMBL5889163,7.748377114267443,7.748377114267443,2
Cc1ccc(C(=O)Nc2cccc(C(C)C)c2)cc1-c1cc(N2CCOCC2)c(=O)n(C)c1,CHEMBL5777466,8.42021640338319,8.42021640338319,2
Cc1ccc(C(=O)Nc2cccc(C(C)C)c2)cc1Nc1ncccc1-c1ncnc2[nH]cnc12,CHEMBL3354382,8.245539964069298,8.245539964069298,2
Cc1ccc(C(=O)Nc2cccc(C(C)C)c2)cc1Nc1ncccc1-c1ncnc2c1ncn2C,CHEMBL3354841,8.12842706445412,8.12842706445412,1
Cc1ccc(C(=O)Nc2cccc(C(F)(F)F)c2)cc1-c1cc(N2CCOCC2)c(=O)n(C)c1,CHEMBL3920039,8.42113167133397,8.312267310791935,5
Cc1ccc(C(=O)Nc2cccc(C(F)(F)F)c2)cc1-c1cc(N2CCOCC2)c(=O)n(C)n1,CHEMBL3938679,8.508638306165727,8.50690523833244,7
Cc1ccc(C(=O)Nc2cccc(C(F)(F)F)c2)cc1-c1cc(N2CCOCC2)c(=O)n(CCS(C)(=O)=O)c1,CHEMBL3944515,8.143271109617118,8.140681857224939,5
Cc1ccc(C(=O)Nc2cccc(C(F)(F)F)c2)cc1-c1cc(N2CCOCC2)c2nccn2n1,CHEMBL5985005,8.795880017344075,8.795880017344075,2
Cc1ccc(C(=O)Nc2cccc(C(F)(F)F)c2)cc1-c1cc(N2CCOCC2)ccn1,CHEMBL3910602,9.045757490560675,9.045757490560675,2
Cc1ccc(C(=O)Nc2cccc(C(F)(F)F)c2)cc1-c1cc(N2CCOCC2)n(C)c(=O)c1,CHEMBL6065550,8.920818753952375,8.920818753952375,2
Cc1ccc(C(=O)Nc2cccc(C(F)(F)F)c2)cc1-c1cc(N2CCOCC2)nc(N2CC(O)C2)n1,CHEMBL5799483,8.744727494896694,8.744727494896694,1
Cc1ccc(C(=O)Nc2cccc(C(F)(F)F)c2)cc1-c1cc(N2CCOCC2)nc(N2CCOCC2)c1,CHEMBL3913923,8.622693748931802,8.621823470279114,5
Cc1ccc(C(=O)Nc2cccc(C(F)(F)F)c2)cc1-c1cc(N2CCOCC2)nc(N2CCOCC2)n1,CHEMBL3982235,8.829444941478792,8.827347798515502,5
Cc1ccc(C(=O)Nc2cccc(C(F)(F)F)c2)cc1-c1cc(N2CCOCC2)nc(N2CCS(=O)(=O)CC2)n1,CHEMBL6051951,8.823908740944319,8.894675877635859,6
Cc1ccc(C(=O)Nc2cccc(C(F)(F)F)c2)cc1-c1cc(N2CCOCC2=O)nc(N2CCOCC2)n1,CHEMBL3889893,8.886056647693163,8.88253635685068,3
Cc1ccc(C(=O)Nc2cccc(C(F)(F)F)c2)cc1-c1cc(N2CCS(=O)(=O)CC2)nc(N2CCOCC2)n1,CHEMBL3940522,8.502241281712731,8.54194803135789,5
Cc1ccc(C(=O)Nc2cccc(C(F)(F)F)c2)cc1-c1cc(OCc2ccccc2)cc(N2CCOCC2)n1,CHEMBL5851300,8.172955066537599,8.172955066537599,2
Cc1ccc(C(=O)Nc2cccc(C(F)(F)F)c2)cc1-c1cccc(C2(C)COC2)c1,CHEMBL5937200,5.638649975647734,5.638649975647734,1
Cc1ccc(C(=O)Nc2cccc(C(F)(F)F)c2)cc1-c1ccnc(N2CCOCC2)c1,CHEMBL3982101,8.593459819566045,8.627086046972,5
Cc1ccc(C(=O)Nc2cccc(C(F)(F)F)c2)cc1-c1nc(N2CCOCC2)cc(N2CCOCC2)n1,CHEMBL3937081,8.697452627512515,8.697800104268714,5
Cc1ccc(C(=O)Nc2cccc(C(F)(F)F)c2)cc1-c1nc2c(c(N3CCOCC3)n1)CNC2,CHEMBL5794996,8.481486060122112,8.481486060122112,2
Cc1ccc(C(=O)Nc2cccc(C(F)(F)F)c2)cc1Nc1ncccc1-c1ccncn1,CHEMBL385956,9.337242168318426,9.337242168318426,1
Cc1ccc(C(=O)Nc2cccc(C(F)(F)F)c2)cc1Nc1ncccc1-c1ncnc2[nH]cnc12,CHEMBL3354381,8.323253463426344,8.323253463426344,2
Cc1ccc(C(=O)Nc2cccc(C(F)(F)F)c2)cc1Nc1ncnc2c(N)nc(N3CC(C)NC(C)C3)nc12,CHEMBL3694019,8.698970004336019,8.698970004336019,1
Cc1ccc(C(=O)Nc2cccc(C(F)(F)F)c2)cc1Nc1ncnc2c(N)nc(N3CCCN(C4CC4)CC3)nc12,CHEMBL3694015,9.0,9.0,1
Cc1ccc(C(=O)Nc2cccc(C(F)(F)F)c2)cc1Nc1ncnc2c(N)nc(N3CCCN(c4ccccn4)CC3)nc12,CHEMBL3694024,8.522878745280337,8.522878745280337,1
Cc1ccc(C(=O)Nc2cccc(C(F)(F)F)c2)cc1Nc1ncnc2c(N)nc(N3CCCN(c4ncccn4)CC3)nc12,CHEMBL3694020,9.0,9.0,1
Cc1ccc(C(=O)Nc2cccc(C(F)(F)F)c2)cc1Nc1ncnc2c(N)nc(N3CCCNCC3)nc12,CHEMBL3694016,9.0,9.0,1
Cc1ccc(C(=O)Nc2cccc(C(F)(F)F)c2)cc1Nc1ncnc2cnc(N(C)CCN(C)C)nc12,CHEMBL3697778,8.397940008672037,8.397940008672037,1
Cc1ccc(C(=O)Nc2cccc(C(F)(F)F)c2)cc1Nc1ncnc2cnc(N3CCCC3)nc12,CHEMBL3697812,9.0,9.0,1
Cc1ccc(C(=O)Nc2cccc(C(F)(F)F)c2)cc1Nc1ncnc2cnc(N3CCCCC3)nc12,CHEMBL3697874,8.221848749616356,8.221848749616356,1
Cc1ccc(C(=O)Nc2cccc(C(F)(F)F)c2)cc1Nc1ncnc2cnc(N3CCCN(C)CC3)nc12,CHEMBL3697763,8.698970004336019,8.698970004336019,1
Cc1ccc(C(=O)Nc2cccc(C(F)(F)F)c2)cc1Nc1ncnc2cnc(N3CCN(C)CC3)nc12,CHEMBL3697843,9.0,9.0,1
Cc1ccc(C(=O)Nc2cccc(C(F)(F)F)c2)cc1Nc1ncnc2cnc(N3CCNCC3)nc12,CHEMBL3697883,9.0,9.0,1
Cc1ccc(C(=O)Nc2cccc(C(F)(F)F)c2)cc1Nc1ncnc2cnc(N3CC[C@H](F)C3)nc12,CHEMBL3697832,9.0,9.0,1
Cc1ccc(C(=O)Nc2cccc(C(F)F)c2)cc1-c1cc(N2CCOCC2)c(=O)n(C)c1,CHEMBL5740769,8.795880017344075,8.795880017344075,2
Cc1ccc(C(=O)Nc2cccc(C(F)F)c2)cc1-c1cc(N2CCOCC2)n(C)c(=O)c1,CHEMBL5927606,8.958607314841775,8.958607314841775,2
Cc1ccc(C(=O)Nc2cccc(Cl)c2)cc1NC(=O)C1(c2ncnc3[nH]ccc23)CC1,CHEMBL4438001,9.698970004336019,9.698970004336019,1
Cc1ccc(C(=O)Nc2cccc(Cl)c2)cc1Nc1ncccc1-c1ncnc2[nH]cnc12,CHEMBL3354385,8.886056647693163,8.886056647693163,1
Cc1ccc(C(=O)Nc2cccc(F)c2)cc1NC(=O)C1(c2ncnc3[nH]ccc23)CC1,CHEMBL4471370,7.910094888560602,7.910094888560602,1
Cc1ccc(C(=O)Nc2cccc(F)c2)cc1Nc1ncccc1-c1ncnc2[nH]cnc12,CHEMBL3354383,8.987162775294827,8.987162775294827,1
Cc1ccc(C(=O)Nc2cccc(N(C)C)c2)cc1Nc1ncnc2cnc(N(C)CCN(C)C)nc12,CHEMBL3697784,7.060480747381382,7.060480747381382,1
Cc1ccc(C(=O)Nc2cccc(N(C)C)c2)cc1Nc1ncnc2cnc(N3CCCC3)nc12,CHEMBL3697817,8.0,8.0,1
Cc1ccc(C(=O)Nc2cccc(N(C)C)c2)cc1Nc1ncnc2cnc(N3CCCCC3)nc12,CHEMBL3697793,9.0,9.0,1
Cc1ccc(C(=O)Nc2cccc(N(C)C)c2)cc1Nc1ncnc2cnc(N3CCCN(C)CC3)nc12,CHEMBL3697769,7.823908740944319,7.823908740944319,1
Cc1ccc(C(=O)Nc2cccc(N(C)C)c2)cc1Nc1ncnc2cnc(N3CCN(C)CC3)nc12,CHEMBL3697774,8.301029995663981,8.301029995663981,1
Cc1ccc(C(=O)Nc2cccc(N(C)C)c2)cc1Nc1ncnc2cnc(N3CCNCC3)nc12,CHEMBL3697809,7.823908740944319,7.823908740944319,1
Cc1ccc(C(=O)Nc2cccc(N(C)C)c2)cc1Nc1ncnc2cnc(N3CCOCC3)nc12,CHEMBL3697854,8.397940008672037,8.397940008672037,1
Cc1ccc(C(=O)Nc2cccc(OC(F)(F)F)c2)cc1-c1cc(N2CCOCC2)c(=O)n(C)c1,CHEMBL5957535,7.480173988209038,7.480173988209038,2
Cc1ccc(C(=O)Nc2cccc(OC(F)(F)F)c2)cc1Nc1ncnc2cnc(N(C)CCN(C)C)nc12,CHEMBL3697783,8.698970004336019,8.698970004336019,1
Cc1ccc(C(=O)Nc2cccc(OC(F)(F)F)c2)cc1Nc1ncnc2cnc(N3CCCC3)nc12,CHEMBL3697816,7.698970004336019,7.698970004336019,1
Cc1ccc(C(=O)Nc2cccc(OC(F)(F)F)c2)cc1Nc1ncnc2cnc(N3CCCCC3)nc12,CHEMBL3697876,8.397940008672037,8.397940008672037,1
Cc1ccc(C(=O)Nc2cccc(OC(F)(F)F)c2)cc1Nc1ncnc2cnc(N3CCOCC3)nc12,CHEMBL3641037,9.0,9.0,1
Cc1ccc(C(=O)Nc2cccc(OC(F)(F)F)c2)cc1Nc1ncnc2cnc(N3CC[C@H](F)C3)nc12,CHEMBL3697835,9.0,9.0,1
Cc1ccc(C(=O)Nc2cccc(S(=O)(=O)N(C)C)c2)cc1Nc1ncnc2cnc(N(C)CCN(C)C)nc12,CHEMBL3697741,7.229147988357855,7.229147988357855,1
Cc1ccc(C(=O)Nc2cccc(S(=O)(=O)N(C)C)c2)cc1Nc1ncnc2cnc(N3CCCC3)nc12,CHEMBL3697820,8.522878745280337,8.522878745280337,1
Cc1ccc(C(=O)Nc2cccc(S(=O)(=O)N(C)C)c2)cc1Nc1ncnc2cnc(N3CCCCC3)nc12,CHEMBL3697878,8.0,8.0,1
Cc1ccc(C(=O)Nc2cccc(S(=O)(=O)N(C)C)c2)cc1Nc1ncnc2cnc(N3CCCN(C)CC3)nc12,CHEMBL3697797,7.721246399047171,7.721246399047171,1
Cc1ccc(C(=O)Nc2cccc(S(=O)(=O)N(C)C)c2)cc1Nc1ncnc2cnc(N3CCN(C)CC3)nc12,CHEMBL3697848,8.154901959985743,8.154901959985743,1
Cc1ccc(C(=O)Nc2cccc(S(=O)(=O)N(C)C)c2)cc1Nc1ncnc2cnc(N3CCNCC3)nc12,CHEMBL3697888,8.154901959985743,8.154901959985743,1
Cc1ccc(C(=O)Nc2cccc(S(=O)(=O)N(C)C)c2)cc1Nc1ncnc2cnc(N3CCOCC3)nc12,CHEMBL3697864,8.698970004336019,8.698970004336019,1
Cc1ccc(C(=O)Nc2cccc(S(=O)(=O)N(C)C)c2)cc1Nc1ncnc2cnc(N3CC[C@H](F)C3)nc12,CHEMBL3697838,8.154901959985743,8.154901959985743,1
Cc1ccc(C(=O)Nc2ccccc2)cc1-c1cc(N2CCOCC2)c(=O)n(C)c1,CHEMBL6043042,7.4704455910432035,7.4704455910432035,2
Cc1ccc(C(=O)Nc2ccccc2)cc1-c1cc(N2CCOCC2)n(C)c(=O)c1,CHEMBL5977298,7.102372908709558,7.102372908709558,2
Cc1ccc(C(=O)Nc2ccccc2)cc1NC(=O)C1(c2ncnc3[nH]ccc23)CC1,CHEMBL4538140,7.467245621007502,7.467245621007502,1
Cc1ccc(C(=O)Nc2ccccc2)cc1Nc1ncnc2cnc(N3CCCC3)nc12,CHEMBL3697805,6.296708621881338,6.296708621881338,1
Cc1ccc(C(=O)Nc2ccccc2)cc1Nc1ncnc2cnc(N3CCCCC3)nc12,CHEMBL3697799,6.570247719997592,6.570247719997592,1
Cc1ccc(C(=O)Nc2ccccc2)cc1Nc1ncnc2cnc(N3CCCN(C)CC3)nc12,CHEMBL3697730,5.5406075122407685,5.5406075122407685,1
Cc1ccc(C(=O)Nc2ccccc2)cc1Nc1ncnc2cnc(N3CCN(C)CC3)nc12,CHEMBL3697736,5.813891620186794,5.813891620186794,1
Cc1ccc(C(=O)Nc2ccccc2)cc1Nc1ncnc2cnc(N3CCOCC3)nc12,CHEMBL3697870,6.534617148551582,6.534617148551582,1
Cc1ccc(C(=O)Nc2ccccc2)cc1Nc1ncnc2cnc(N3CC[C@@H](F)C3)nc12,CHEMBL3697755,6.790484985457369,6.790484985457369,1
Cc1ccc(C(=O)Nc2ccccn2)cc1-c1cc(N2CCOCC2)c(=O)n(C)c1,CHEMBL5807198,7.00436480540245,7.00436480540245,2
Cc1ccc(C(=O)Nc2cccnc2)cc1-c1cc(N2CCOCC2)c(=O)n(C)c1,CHEMBL5921999,6.698970004336019,6.698970004336019,2
Cc1ccc(C(=O)Nc2ccnc(C(C)(C)C)c2)cc1Nc1ncnc2cnc(N(C)C3CC(N4CCN(C)CC4)C3)nc12,CHEMBL3641201,8.301029995663981,8.301029995663981,1
Cc1ccc(C(=O)Nc2ccnc(C(C)(C)C)c2)cc1Nc1ncnc2cnc(N3CCC(CCN(C)C)CC3)nc12,CHEMBL3641210,8.522878745280337,8.522878745280337,1
Cc1ccc(C(=O)Nc2ccnc(C(C)(C)C)c2)cc1Nc1ncnc2cnc(N3CCC(CN4CCCC4)CC3)nc12,CHEMBL3641208,8.522878745280337,8.522878745280337,1
Cc1ccc(C(=O)Nc2ccnc(C(C)(C)C)c2)cc1Nc1ncnc2cnc(NC3CCN(C)CC3)nc12,CHEMBL3641199,9.0,9.0,1
Cc1ccc(C(=O)Nc2nnc(C(F)(F)F)s2)cc1Nc1ncnc2cnc(N(C)CCN(C)C)nc12,CHEMBL3697825,5.0,5.0,1
Cc1ccc(C(=O)Nc2nnc(C(F)(F)F)s2)cc1Nc1ncnc2cnc(N3CCCC3)nc12,CHEMBL3697810,5.585026652029182,5.585026652029182,1
Cc1ccc(C(=O)Nc2nnc(C(F)(F)F)s2)cc1Nc1ncnc2cnc(N3CCCCC3)nc12,CHEMBL3697872,6.354577730650908,6.354577730650908,1
Cc1ccc(C(=O)Nc2nnc(C(F)(F)F)s2)cc1Nc1ncnc2cnc(N3CCCN(C)CC3)nc12,CHEMBL3697827,5.853871964321762,5.853871964321762,1
Cc1ccc(C(=O)Nc2nnc(C(F)(F)F)s2)cc1Nc1ncnc2cnc(N3CCN(C)CC3)nc12,CHEMBL3697841,6.703334809738469,6.703334809738469,1
Cc1ccc(C(=O)Nc2nnc(C(F)(F)F)s2)cc1Nc1ncnc2cnc(N3CCNCC3)nc12,CHEMBL3697886,5.673459331483438,5.673459331483438,1
Cc1ccc(C(=O)Nc2nnc(C(F)(F)F)s2)cc1Nc1ncnc2cnc(N3CCOCC3)nc12,CHEMBL3697858,6.698970004336019,6.698970004336019,1
Cc1ccc(C(=O)Nc2nnc(C(F)(F)F)s2)cc1Nc1ncnc2cnc(N3CC[C@H](F)C3)nc12,CHEMBL3697830,6.562249437179612,6.562249437179612,1
Cc1ccc(C(=O)n2nc(C(C)(C)C)cc2N)cc1Nc1ncnc2ccc(N3CCOCC3)nc12,CHEMBL3659911,5.686132779630847,5.686132779630847,1
Cc1ccc(C(=O)n2nc(C(C)(C)C)cc2N)cc1Nc1ncnc2cnc(NC3CCOC3)nc12,CHEMBL3697897,7.698970004336019,7.698970004336019,1
Cc1ccc(C2=NN(C(=S)Nc3ccccc3)C(c3ccc4c(c3)OCCO4)C2)cc1C,CHEMBL4292278,4.31069114087638,4.31069114087638,1
Cc1ccc(C2=NN=C(NC(=S)Nc3ccc(Cl)cc3)SC2)cc1,CHEMBL5282749,6.7447274948966935,6.7447274948966935,1
Cc1ccc(CC[C@@H]2CCN2C)c(NC(=O)Nc2cccc(Oc3ccc4nc[nH]c(=O)c4c3)c2)c1,CHEMBL4436625,8.4089353929735,8.4089353929735,1
Cc1ccc(F)cc1-c1ccc2ncnc(Nc3cccc4[nH]ncc34)c2c1,CHEMBL3661280,6.538283016017862,6.538283016017862,2
Cc1ccc(N)cc1-c1cc(N2CCOCC2)c(OC2CCOCC2)nn1,CHEMBL5838857,9.221848749616356,9.221848749616356,1
Cc1ccc(N2C(=O)/C(=C\c3ccc(-c4ccc(C(=O)O)c(Cl)c4)o3)C(=O)NC2=S)cc1,CHEMBL2070549,5.489454989793388,5.489454989793388,1
Cc1ccc(N2C(=O)/C(=C\c3ccc(-c4ccc(C(=O)O)cc4)o3)C(=O)NC2=S)cc1,CHEMBL2070577,5.795880017344075,5.795880017344075,1
Cc1ccc(N2C(=O)/C(=C\c3ccc(-c4ccc(F)cc4)o3)C(=O)NC2=S)cc1,CHEMBL2070579,5.386158178123931,5.386158178123931,1
Cc1ccc(N2C(=O)/C(=C\c3ccc(-c4cccc(C(=O)O)c4)o3)C(=O)NC2=S)cc1,CHEMBL2070548,5.39577394691553,5.39577394691553,1
Cc1ccc(N2C(=O)/C(=C\c3ccc(CN(CCC#N)S(C)(=O)=O)o3)C(=O)NC2=S)cc1,CHEMBL2070584,6.013228265733755,6.013228265733755,1
Cc1ccc(N2C(=O)/C(=C\c3ccc(CN(CCC#N)S(C)(=O)=O)o3)C(=O)NC2=S)cc1Cl,CHEMBL2070583,6.508638306165727,6.508638306165727,1
Cc1ccc(NC(=O)N2CCO[C@@H](C(F)(F)F)C2)cc1-c1cc(OCCO)nc(N2CCOCC2)c1,CHEMBL5563313,8.193820026016112,8.193820026016112,1
Cc1ccc(NC(=O)N2CCO[C@H](C(F)(F)F)C2)cc1-c1cc(OCCO)nc(N2CCOCC2)c1,CHEMBL5565399,9.221848749616356,9.221848749616356,1
Cc1ccc(NC(=O)N2CC[C@@H](C(F)(F)F)C2)cc1-c1cc(OCCO)nc(N2CCOCC2)c1,CHEMBL5572210,8.337242168318426,8.337242168318426,1
Cc1ccc(NC(=O)N2CC[C@@H](CC(F)(F)F)C2)cc1-c1cc(N[C@H](C)CO)nc(N2CCOCC2)c1,CHEMBL5095099,8.455931955649724,8.455931955649724,1
Cc1ccc(NC(=O)N2CC[C@@H](CC(F)(F)F)C2)cc1-c1cc(OCC(C)(C)O)nc(N2CCOCC2)c1,CHEMBL5575362,8.267606240177031,8.267606240177031,1
Cc1ccc(NC(=O)N2CC[C@@H](CC(F)(F)F)C2)cc1-c1cc(OCCO)nc(N2CCOCC2)c1,CHEMBL5570335,8.721246399047171,8.721246399047171,1
Cc1ccc(NC(=O)N2CC[C@@H](CC(F)(F)F)C2)cc1-c1cc(OC[C@@H](C)O)nc(N2CCOCC2)c1,CHEMBL5594839,8.267606240177031,8.267606240177031,1
Cc1ccc(NC(=O)N2CC[C@@H](CC(F)(F)F)C2)cc1-c1cc(O[C@@H](C)CO)nc(N2CCOCC2)c1,CHEMBL5572440,8.301029995663981,8.301029995663981,1
Cc1ccc(NC(=O)N2CC[C@@H](CC(F)(F)F)C2)cc1-c1cc(O[C@H](C)CO)nc(N2CCOCC2)c1,CHEMBL5590216,8.2518119729938,8.2518119729938,1
Cc1ccc(NC(=O)N2CC[C@H](C(F)(F)F)C2)cc1-c1cc(OCCO)nc(N2CCOCC2)c1,CHEMBL5542253,8.795880017344075,8.795880017344075,1
Cc1ccc(NC(=O)Nc2ccc(Cl)c(C(F)(F)F)c2)cc1NC(=O)C1(c2ncnc3[nH]ccc23)CC1,CHEMBL4559599,8.67778070526608,8.67778070526608,1
Cc1ccc(NC(=O)Nc2ccc(Cl)c(C(F)(F)F)c2)cc1Nc1nccc(-c2cccnc2)n1,CHEMBL1213924,6.744486287180466,6.744486287180466,1
Cc1ccc(NC(=O)Nc2ccc(Cl)c(C(F)(F)F)c2)cc1Nc1ncccc1-c1ncnc2[nH]cnc12,CHEMBL3354378,8.375717904164333,8.375717904164333,1
Cc1ccc(NC(=O)Nc2ccc(F)c(C(=O)c3c[nH]c4ncccc34)c2F)cc1,CHEMBL4640613,7.070581074285707,7.070581074285707,1
Cc1ccc(NC(=O)Nc2cccc(-c3nc(NC4CC4)nc4sc(C(N)=O)c(N)c34)c2)cc1,CHEMBL1934645,7.552841968657781,7.214428646472203,3
Cc1ccc(NC(=O)[C@@H]2CCN[C@H](C(F)(F)F)C2)cc1-c1cc(C2COCCO2)nc(N2CCOCC2)c1,CHEMBL5806115,6.568636235841012,6.568636235841012,2
Cc1ccc(NC(=O)c2cc(Br)cc(C(F)(F)F)c2)cc1-c1cc(N2CCOCC2)c(=O)n(C)c1,CHEMBL5881030,8.346787486224656,8.346787486224656,1
Cc1ccc(NC(=O)c2cc(C(C)(C)C#N)ccn2)cc1-c1cc(N2CCOCC2)c(=O)n(C)c1,CHEMBL5828466,8.438898616350944,8.438898616350944,2
Cc1ccc(NC(=O)c2cc(C(C)(C)C#N)ccn2)cc1-c1cc(N2CCOCC2)c(=O)n(C)n1,CHEMBL5903777,8.293282217663242,8.293282217663242,2
Cc1ccc(NC(=O)c2cc(C(C)(C)C#N)ccn2)cc1-c1cc(N2CCOCC2)n(C)c(=O)c1,CHEMBL5948324,8.498940737782249,8.498940737782249,2
Cc1ccc(NC(=O)c2cc(C(C)(C)C#N)ccn2)cc1-c1cnc(OC(C)C)c(N2CCOCC2)c1,CHEMBL5964879,8.63264407897398,8.63264407897398,2
Cc1ccc(NC(=O)c2cc(C(C)(C)C)n[nH]2)cc1Nc1ncnc2cnc(N3CCN(C)CC3)nc12,CHEMBL3641216,7.356547323513812,7.356547323513812,1
Cc1ccc(NC(=O)c2cc(C(C)(C)C)nn2C)cc1-n1cc(-c2cncc(N3CCN(C)CC3)c2)nn1,CHEMBL3969226,8.096910013008056,8.096910013008056,1
Cc1ccc(NC(=O)c2cc(C(C)(C)C)nn2C)cc1-n1cc(-c2cncc(N3CCOCC3)c2)nn1,CHEMBL3927812,7.958607314841775,7.958607314841775,1
Cc1ccc(NC(=O)c2cc(C(C)(C)C)nn2C)cc1Nc1ncnc2cnc(N(C)CCCN(C)C)nc12,CHEMBL3641226,7.142667503568731,7.142667503568731,1
Cc1ccc(NC(=O)c2cc(C(C)(C)C)nn2C)cc1Nc1ncnc2cnc(N3CCN(C)CC3)nc12,CHEMBL3641219,6.655607726314889,6.655607726314889,1
Cc1ccc(NC(=O)c2cc(C(C)(C)C)no2)cc1-c1cc(N2CCOCC2)nc(N2CCOCC2)n1,CHEMBL3975759,8.866461091629782,8.86168128447441,5
Cc1ccc(NC(=O)c2cc(C(C)(C)C)oc2C)cc1-n1cc(-c2cncc(N3CCOCC3)c2)nn1,CHEMBL3891926,7.823908740944319,7.823908740944319,1
Cc1ccc(NC(=O)c2cc(C(C)(C)C)on2)cc1-c1cc(N2CCOCC2)nc(N2CCOCC2)n1,CHEMBL3932011,8.920818753952375,8.921036173080617,5
Cc1ccc(NC(=O)c2cc(C(C)(C)C)on2)cc1-n1cc(-c2cncc(N3CCN(C)CC3)c2)nn1,CHEMBL3913409,8.301029995663981,8.301029995663981,1
Cc1ccc(NC(=O)c2cc(C(C)(C)C)on2)cc1-n1cc(-c2cncc(N3CCOCC3)c2)nn1,CHEMBL3890824,8.096910013008056,8.096910013008056,1
Cc1ccc(NC(=O)c2cc(C(C)(C)C)on2)cc1Nc1ncnc2cnc(N3CCN(C)CC3)nc12,CHEMBL3641217,6.889410289700751,6.889410289700751,1
Cc1ccc(NC(=O)c2cc(C(C)(C)F)ccn2)cc1-c1cc(N2CCOCC2)c(=O)n(C)c1,CHEMBL5841751,8.35359627377693,8.35359627377693,2
Cc1ccc(NC(=O)c2cc(C(C)(C)O)ccn2)cc1-c1cc(N2CCOCC2)c(=O)n(C)c1,CHEMBL5809765,8.024568191490737,8.024568191490737,2
Cc1ccc(NC(=O)c2cc(C(C)(C)O)ccn2)cc1-c1cnc(OC(C)C)c(N2CCOCC2)c1,CHEMBL5845886,8.440093374963887,8.440093374963887,2
Cc1ccc(NC(=O)c2cc(C(C)(F)F)ccn2)cc1-c1cc(N2CCOCC2)c(=O)n(C)c1,CHEMBL5828196,8.63264407897398,8.63264407897398,2
Cc1ccc(NC(=O)c2cc(C(C)C)on2)cc1-c1cc(N2CCOCC2)c(=O)n(C)c1,CHEMBL5904637,9.096910013008056,9.096910013008056,2
Cc1ccc(NC(=O)c2cc(C(F)(F)F)cc(C(C)(C)NC(=O)OC(C)(C)C)c2)cc1-c1cc(N2CCOCC2)c(=O)n(C)c1,CHEMBL5947631,8.162411561764488,8.162411561764488,2
Cc1ccc(NC(=O)c2cc(C(F)(F)F)cc(S(C)(=O)=O)c2)cc1-c1cc(N2CCOCC2)c(=O)n(C)c1,CHEMBL3975494,8.606600304706898,8.605065276168698,5
Cc1ccc(NC(=O)c2cc(C(F)(F)F)ccn2)cc1-c1cc(N2CCOCC2)c(=O)n(C)c1,CHEMBL5801064,8.67778070526608,8.67778070526608,2
Cc1ccc(NC(=O)c2cc(C(F)(F)F)ccn2)cc1-c1cc(N2CCOCC2)c(OC(C)C)nn1,CHEMBL5958906,9.096910013008056,9.096910013008056,2
Cc1ccc(NC(=O)c2cc(C(F)(F)F)ccn2)cc1-c1cc(N2CCOCC2)c(OC2CCOCC2)nn1,CHEMBL6039326,9.301029995663981,9.301029995663981,2
Cc1ccc(NC(=O)c2cc(C(F)(F)F)ccn2)cc1-c1cc(N2CCOCC2)c(OCCO)nn1,CHEMBL5985347,9.0,9.0,2
Cc1ccc(NC(=O)c2cc(C(F)(F)F)ccn2)cc1-c1cc(N2CCOCC2)c(S(C)(=O)=O)nn1,CHEMBL6008181,9.10790539730952,9.10790539730952,2
Cc1ccc(NC(=O)c2cc(C(F)(F)F)ccn2)cc1-c1cc(OCCO)nc(N2CCOCC2)c1,CHEMBL5839148,8.950781977329818,8.950781977329818,2
Cc1ccc(NC(=O)c2cc(C(F)(F)F)ccn2)cc1-n1cc(-c2cncc(N3CCN(C)CC3)c2)nn1,CHEMBL3980110,8.397940008672037,8.397940008672037,1
Cc1ccc(NC(=O)c2cc(C(F)(F)F)ccn2)cc1-n1cc(-c2cncc(N3CCOCC3)c2)nn1,CHEMBL3918381,8.045757490560675,8.045757490560675,1
Cc1ccc(NC(=O)c2cc(C(F)(F)F)cnn2)cc1-c1ccc2c(c1)OC1(CCOCC1)CC(=O)N2,CHEMBL5078176,8.122062572163754,8.122062572163754,2
Cc1ccc(NC(=O)c2cc(C(F)(F)F)nn2C)cc1-c1cc(N2CCOCC2)c(=O)n(C)c1,CHEMBL5848076,7.275314804658871,7.275314804658871,2
Cc1ccc(NC(=O)c2cc(C)n(C(C)(C)C)n2)cc1-n1cc(-c2cncc(N3CCCN(C)CC3)c2)nn1,CHEMBL3894425,8.045757490560675,8.045757490560675,1
Cc1ccc(NC(=O)c2cc(C)n(C(C)(C)C)n2)cc1-n1cc(-c2cncc(N3CCN(C(C)C)CC3)c2)nn1,CHEMBL3970327,7.886056647693163,7.886056647693163,1
Cc1ccc(NC(=O)c2cc(C)n(C(C)(C)C)n2)cc1-n1cc(-c2cncc(N3CCN(C)CC3)c2)nn1,CHEMBL3945263,7.958607314841775,7.958607314841775,1
Cc1ccc(NC(=O)c2cc(C)n(C(C)(C)C)n2)cc1-n1cc(-c2cncc(N3CCN(C4CC4)CC3)c2)nn1,CHEMBL3921125,7.508638306165727,7.508638306165727,1
Cc1ccc(NC(=O)c2cc(C)n(C(C)(C)C)n2)cc1-n1cc(-c2cncc(N3CCOCC3)c2)nn1,CHEMBL3975259,7.7447274948966935,7.7447274948966935,1
Cc1ccc(NC(=O)c2cc(C3CC3)nn2C)cc1-c1cc(N2CCOCC2)c(=O)n(C)c1,CHEMBL5877400,7.917229461638813,7.917229461638813,2
Cc1ccc(NC(=O)c2cc(C3CC3)on2)cc1-c1cc(N2CCOCC2)c(=O)n(C)c1,CHEMBL6004508,9.154901959985743,9.154901959985743,2
Cc1ccc(NC(=O)c2cc(C3CC3)on2)cc1-c1cc(N2CCOCC2)nc(N2CC(O)C2)c1,CHEMBL5826554,8.954677021213342,8.954677021213342,2
Cc1ccc(NC(=O)c2cc(CN(C)C)c(C(C)(C)C)o2)cc1-n1cc(-c2cncc(N3CCOCC3)c2)nn1,CHEMBL3909903,7.958607314841775,7.958607314841775,1
Cc1ccc(NC(=O)c2cc(CN(C)C)cc(C(F)(F)F)c2)cc1-c1cc(N2CCOCC2)c(=O)n(C)c1,CHEMBL3894561,7.928117992693874,7.969895816929802,5
Cc1ccc(NC(=O)c2cc(CN(C)C)cc(C(F)(F)F)c2)cc1-c1cc(N2CCOCC2)c(=O)n(C)n1,CHEMBL5917358,8.366531544420413,8.366531544420413,2
Cc1ccc(NC(=O)c2cc(CN(C)C)cc(C(F)(F)F)c2)cc1-c1cc(N2CCOCC2)n(C)c(=O)c1,CHEMBL6012045,8.55284196865778,8.55284196865778,2
Cc1ccc(NC(=O)c2cc(CN(C)C)cc(C(F)(F)F)c2)cc1-c1cc(N2CCOCC2)nc(N2CCOCC2)n1,CHEMBL3952075,8.705533773838408,8.703040639285904,5
Cc1ccc(NC(=O)c2cc(CN(C)CCN(C)C)c(C(C)(C)C)o2)cc1-n1cc(-c2cncc(N3CCOCC3)c2)nn1,CHEMBL3941325,7.443697499232712,7.443697499232712,1
Cc1ccc(NC(=O)c2cc(CN)cc(C(F)(F)F)c2)cc1-c1cc(N2CCOCC2)c(=O)n(C)c1,CHEMBL5823628,8.346787486224656,8.346787486224656,1
Cc1ccc(NC(=O)c2cc(CN3CCCC3)c(C(C)(C)C)o2)cc1-n1cc(-c2cncc(N3CCOCC3)c2)nn1,CHEMBL3904406,7.958607314841775,7.958607314841775,1
Cc1ccc(NC(=O)c2cc(CN3CCN(C)CC3)c(C(C)(C)C)o2)cc1-n1cc(-c2cncc(N3CCOCC3)c2)nn1,CHEMBL3964223,7.795880017344075,7.795880017344075,1
Cc1ccc(NC(=O)c2cc(CNC(C)(C)C)c(C(C)(C)C)o2)cc1-n1cc(-c2cncc(N3CCOCC3)c2)nn1,CHEMBL3953997,7.958607314841775,7.958607314841775,1
Cc1ccc(NC(=O)c2cc(CNC(C)C)c(C(C)(C)C)o2)cc1-n1cc(-c2cncc(N3CCOCC3)c2)nn1,CHEMBL3890336,7.853871964321762,7.853871964321762,1
Cc1ccc(NC(=O)c2cc(CNC3CCN(C)CC3)c(C(C)(C)C)o2)cc1-n1cc(-c2cncc(N3CCOCC3)c2)nn1,CHEMBL3901678,7.853871964321762,7.853871964321762,1
Cc1ccc(NC(=O)c2cc(CNCCN(C)C)c(C(C)(C)C)o2)cc1-n1cc(-c2cncc(N3CCOCC3)c2)nn1,CHEMBL3932337,8.0,8.0,1
Cc1ccc(NC(=O)c2cc(F)cc(N3CCOCC3)c2)cc1-c1cc(N2CCOCC2)n(C)c(=O)c1,CHEMBL6050246,8.67778070526608,8.67778070526608,2
Cc1ccc(NC(=O)c2cc(N3CCN(C)CC3)cc(C(C)(C)C#N)c2)cc1Nc1ncnc2cnc(N3CCOCC3)nc12,CHEMBL3643294,8.522878745280337,8.522878745280337,1
Cc1ccc(NC(=O)c2cc(N3CCN(C)CC3)cc(C(F)(F)F)c2)cc1NC(=O)c1cnoc1C,CHEMBL3616960,5.699988638892108,5.699988638892108,2
Cc1ccc(NC(=O)c2cc(N3CCN(C)CC3)cc(C(F)(F)F)c2)cc1Nc1ncnc2cnc(N(C)C)nc12,CHEMBL3641221,8.522878745280337,8.522878745280337,1
Cc1ccc(NC(=O)c2cc(N3CCN(C)CC3)cc(C(F)(F)F)c2)cc1Nc1ncnc2cnc(N(C)CCCN(C)C)nc12,CHEMBL3641225,8.397940008672037,8.397940008672037,1
Cc1ccc(NC(=O)c2cc(N3CCN(C)CC3)cc(C(F)(F)F)c2)cc1Nc1ncnc2cnc(N(C)CCN(C)C)nc12,CHEMBL3641223,8.045757490560675,8.045757490560675,1
Cc1ccc(NC(=O)c2cc(NC(=O)c3cccc(C(C)(C)C#N)c3)ccc2C)cn1,CHEMBL503699,7.318758762624412,7.318758762624412,1
Cc1ccc(NC(=O)c2ccc(C(C)(C)C)o2)cc1-n1cc(-c2cncc(N3CCN(C(C)(C)C)CC3)c2)nn1,CHEMBL3903342,8.522878745280337,8.522878745280337,1
Cc1ccc(NC(=O)c2ccc(C(C)(C)C)o2)cc1-n1cc(-c2cncc(N3CCN(C)CC3)c2)nn1,CHEMBL3900628,8.698970004336019,8.698970004336019,1
Cc1ccc(NC(=O)c2ccc(C(C)(C)C)o2)cc1-n1cc(-c2cncc(N3CCN(CC(C)C)CC3)c2)nn1,CHEMBL3915027,8.301029995663981,8.301029995663981,1
Cc1ccc(NC(=O)c2ccc(C(C)(C)C)o2)cc1-n1cc(-c2cncc(N3CCN(CC4CC4)CC3)c2)nn1,CHEMBL3928602,8.698970004336019,8.698970004336019,1
Cc1ccc(NC(=O)c2ccc(C(C)(C)C)o2)cc1-n1cc(-c2cncc(N3CCNCC3)c2)nn1,CHEMBL3898292,9.0,9.0,1
Cc1ccc(NC(=O)c2ccc(C(C)(C)C)o2)cc1-n1cc(-c2cncc(N3CCOCC3)c2)nn1,CHEMBL3906046,8.045757490560675,8.045757490560675,1
Cc1ccc(NC(=O)c2ccc(C(C)(C)C)s2)cc1-n1cc(-c2cncc(N3CCN(C(=O)OC(C)(C)C)CC3)c2)nn1,CHEMBL3959764,6.85078088734462,6.85078088734462,1
Cc1ccc(NC(=O)c2ccc(C(C)(C)C)s2)cc1-n1cc(-c2cncc(N3CCN(C(C)(C)C)CC3)c2)nn1,CHEMBL3983930,8.0,8.0,1
Cc1ccc(NC(=O)c2ccc(C(C)(C)C)s2)cc1-n1cc(-c2cncc(N3CCN(C)CC3)c2)nn1,CHEMBL3937760,8.221848749616356,8.221848749616356,1
Cc1ccc(NC(=O)c2ccc(C(C)(C)C)s2)cc1-n1cc(-c2cncc(N3CCN(CC(C)C)CC3)c2)nn1,CHEMBL3958684,7.7447274948966935,7.7447274948966935,1
Cc1ccc(NC(=O)c2ccc(C(C)(C)C)s2)cc1-n1cc(-c2cncc(N3CCN(CC4CC4)CC3)c2)nn1,CHEMBL3952224,8.096910013008056,8.096910013008056,1
Cc1ccc(NC(=O)c2ccc(C(C)(C)C)s2)cc1-n1cc(-c2cncc(N3CCNCC3)c2)nn1,CHEMBL3932260,8.397940008672037,8.397940008672037,1
Cc1ccc(NC(=O)c2ccc(C(C)(C)C)s2)cc1-n1cc(-c2cncc(N3CCOCC3)c2)nn1,CHEMBL3966765,8.0,8.0,1
Cc1ccc(NC(=O)c2ccc(C(O)CO)c(C(F)(F)F)c2)cc1-c1cc(N2CCOCC2)c(=O)n(C)c1,CHEMBL5912609,7.797241446511812,7.797241446511812,2
Cc1ccc(NC(=O)c2ccc(C)c(C(F)(F)F)c2)cc1C#Cc1nn([C@H]2CC[C@H](O)CC2)c2ncnc(N)c12,CHEMBL4798527,7.009544031111578,7.009544031111578,4
Cc1ccc(NC(=O)c2ccc(CBr)c(C(F)(F)F)c2)cc1-c1cc(N2CCOCC2)c2nccn2c1,CHEMBL6057160,8.619788758288394,8.619788758288394,2
Cc1ccc(NC(=O)c2ccc(CCl)c(C(F)(F)F)c2)cc1-c1cc(N2CCOCC2)c(=O)n(C)c1,CHEMBL5747122,8.109122312673765,8.109122312673765,4
Cc1ccc(NC(=O)c2ccc(Cl)c(C(F)(F)F)c2)cc1C(=O)Nc1cccnc1,CHEMBL475865,8.045757490560675,8.045757490560675,1
Cc1ccc(NC(=O)c2ccc(Cl)c(C(F)(F)F)c2)cc1NC(=O)C1(c2ncnc3[nH]ccc23)CC1,CHEMBL4518581,8.638272163982407,8.638272163982407,1
Cc1ccc(NC(=O)c2ccc(Cl)c(C(F)(F)F)c2)cc1Nc1ncccc1-c1ncnc2[nH]cnc12,CHEMBL3354394,8.567030709125595,8.567030709125595,1
Cc1ccc(NC(=O)c2ccc3c(c2)OCCO3)cc1NC(=O)c1ccc2nc(OCCN3CCCC3)ccc2c1,CHEMBL4087666,5.537602002101044,5.537602002101044,1
Cc1ccc(NC(=O)c2cccc(-c3nnco3)c2)cc1-c1cc(N2CCOCC2)c(=O)n(C)c1,CHEMBL5781090,8.207608310501746,8.207608310501746,2
Cc1ccc(NC(=O)c2cccc(-c3nnco3)c2)cc1-c1cc(N2CCOCC2)c(=O)n(C)n1,CHEMBL5900995,8.136677139879545,8.136677139879545,2
Cc1ccc(NC(=O)c2cccc(-c3nnco3)c2)cc1-c1cc(N2CCOCC2)n(C)c(=O)c1,CHEMBL5971566,8.387216143280265,8.387216143280265,2
Cc1ccc(NC(=O)c2cccc(-c3nnco3)c2)cc1-c1cc(N2CCOCC2)nc(N2CC(O)C2)c1,CHEMBL5793862,8.410050398674292,8.410050398674292,2
Cc1ccc(NC(=O)c2cccc(C#N)c2)cc1C(=O)Nc1cccnc1,CHEMBL480390,6.625251653989896,6.625251653989896,1
Cc1ccc(NC(=O)c2cccc(C#N)c2)cc1Nc1ncccc1-c1ncnc2[nH]cnc12,CHEMBL3354836,9.174573882232178,9.174573882232178,1
Cc1ccc(NC(=O)c2cccc(C(C)(C)C#N)c2)cc1-c1cc(C2CCOCC2)nc(N2CCOCC2)c1,CHEMBL3933060,8.78887945874195,8.791252856924437,5
Cc1ccc(NC(=O)c2cccc(C(C)(C)C#N)c2)cc1-c1cc(N2CCOCC2)c(=O)n(C)c1,CHEMBL3916539,8.536405597813,8.536764724808654,5
Cc1ccc(NC(=O)c2cccc(C(C)(C)C#N)c2)cc1-c1cc(N2CCOCC2)c2nccn2n1,CHEMBL5796028,9.221848749616356,9.221848749616356,2
Cc1ccc(NC(=O)c2cccc(C(C)(C)C#N)c2)cc1-c1cc(N2CCOCC2)nc(N2CCOCC2)n1,CHEMBL3968350,8.818156412055227,8.820400218389219,5
Cc1ccc(NC(=O)c2cccc(C(C)(C)C#N)c2)cc1C(=O)Nc1ccc(C#N)nc1,CHEMBL482577,6.688246138944246,6.688246138944246,1
Cc1ccc(NC(=O)c2cccc(C(C)(C)C#N)c2)cc1C(=O)Nc1ccc(C(C#N)N(C)C)nc1,CHEMBL492397,7.318758762624412,7.318758762624412,1
Cc1ccc(NC(=O)c2cccc(C(C)(C)C#N)c2)cc1C(=O)Nc1ccc(N)nc1,CHEMBL515453,7.853871964321762,7.853871964321762,1
Cc1ccc(NC(=O)c2cccc(C(C)(C)C#N)c2)cc1C(=O)Nc1ccc(N2CCOCC2)nc1,CHEMBL514026,7.102372908709558,7.102372908709558,1
Cc1ccc(NC(=O)c2cccc(C(C)(C)C#N)c2)cc1C(=O)Nc1cccnc1,CHEMBL480389,8.154901959985743,8.154901959985743,1
Cc1ccc(NC(=O)c2cccc(C(C)(C)C#N)c2)cc1C(=O)Nc1cnc(C)c(Cl)c1,CHEMBL2335863,7.596910013008056,7.596910013008056,2
Cc1ccc(NC(=O)c2cccc(C(C)(C)C#N)c2)cc1C(=O)Nc1cnc(N)c(Cl)c1,CHEMBL475799,7.795880017344075,7.795880017344075,1
Cc1ccc(NC(=O)c2cccc(C(C)(C)C#N)c2)cc1C(=O)Nc1cncc(Cl)c1,CHEMBL475794,7.455931955649724,7.455931955649724,1
Cc1ccc(NC(=O)c2cccc(C(C)(C)C#N)c2)cc1Nc1ccc2ncn(C)c(=O)c2c1,CHEMBL2144069,7.518578659399378,7.667727890221842,10
Cc1ccc(NC(=O)c2cccc(C(C)(C)C#N)c2)cc1Nc1ncnc2ccc(N3CCN(C)CC3)nc12,CHEMBL3659964,8.096910013008056,8.096910013008056,1
Cc1ccc(NC(=O)c2cccc(C(C)(C)C#N)c2)cc1Nc1ncnc2ccc(N3CCOCC3)nc12,CHEMBL3659963,8.397940008672037,8.397940008672037,1
Cc1ccc(NC(=O)c2cccc(C(C)(C)C#N)c2)cc1Nc1ncnc2ccc(N3CC[C@H](F)C3)nc12,CHEMBL3659966,7.958607314841775,7.958607314841775,1
Cc1ccc(NC(=O)c2cccc(C(C)(C)C#N)c2)cc1Nc1ncnc2ccc(N[C@H]3CCOC3)nc12,CHEMBL3659967,8.301029995663981,8.301029995663981,1
Cc1ccc(NC(=O)c2cccc(C(C)(C)C#N)c2)cc1Nc1ncnc2cnc(N(C)C)nc12,CHEMBL3641220,9.0,9.0,1
Cc1ccc(NC(=O)c2cccc(C(C)(C)C#N)c2)cc1Nc1ncnc2cnc(N(C)C3CCN(C)CC3)nc12,CHEMBL3641230,9.0,9.0,1
Cc1ccc(NC(=O)c2cccc(C(C)(C)C#N)c2)cc1Nc1ncnc2cnc(N(C)C3CCOC3)nc12,CHEMBL3641237,9.0,9.0,1
Cc1ccc(NC(=O)c2cccc(C(C)(C)C#N)c2)cc1Nc1ncnc2cnc(N(C)C3CCOCC3)nc12,CHEMBL3641232,8.301029995663981,8.301029995663981,1
Cc1ccc(NC(=O)c2cccc(C(C)(C)C#N)c2)cc1Nc1ncnc2cnc(N(C)CC3CCOCC3)nc12,CHEMBL3641239,8.397940008672037,8.397940008672037,1
Cc1ccc(NC(=O)c2cccc(C(C)(C)C#N)c2)cc1Nc1ncnc2cnc(N(C)CCCN(C)C)nc12,CHEMBL3641224,8.698970004336019,8.698970004336019,1
Cc1ccc(NC(=O)c2cccc(C(C)(C)C#N)c2)cc1Nc1ncnc2cnc(N3CCC(F)(F)C3)nc12,CHEMBL3641233,8.698970004336019,8.698970004336019,1
Cc1ccc(NC(=O)c2cccc(C(C)(C)C#N)c2)cc1Nc1ncnc2cnc(N3CCN(C)CC3)nc12,CHEMBL3641218,9.0,9.0,1
Cc1ccc(NC(=O)c2cccc(C(C)(C)C#N)c2)cc1Nc1ncnc2cnc(N3CCN(C4CC4)CC3)nc12,CHEMBL3641227,8.698970004336019,8.698970004336019,1
Cc1ccc(NC(=O)c2cccc(C(C)(C)C#N)c2)cc1Nc1ncnc2cnc(N3CC[C@@H](F)C3)nc12,CHEMBL3641234,8.698970004336019,8.698970004336019,1
Cc1ccc(NC(=O)c2cccc(C(C)(C)C#N)c2)cc1Nc1ncnc2cnc(N3CC[C@H](F)C3)nc12,CHEMBL3641235,8.698970004336019,8.698970004336019,1
Cc1ccc(NC(=O)c2cccc(C(C)(C)C#N)c2)cc1Nc1ncnc2cnc(NC3CCN(C)CC3)nc12,CHEMBL3641229,9.0,9.0,1
Cc1ccc(NC(=O)c2cccc(C(C)(C)C#N)c2)cc1Nc1ncnc2cnc(NC3CCOC3)nc12,CHEMBL3641231,9.0,9.0,1
Cc1ccc(NC(=O)c2cccc(C(C)(C)C#N)c2)cc1Nc1ncnc2cnc(NC3CCOCC3)nc12,CHEMBL3641238,8.698970004336019,8.698970004336019,1
Cc1ccc(NC(=O)c2cccc(C(C)(C)S(C)(=O)=O)c2)cc1-c1cc(N2CCOCC2)c(=O)n(C)c1,CHEMBL5927732,7.70446769648675,7.70446769648675,2
Cc1ccc(NC(=O)c2cccc(C(C)(C)S(C)(=O)=O)c2)cc1-c1cc(N2CCOCC2)c(=O)n(C)n1,CHEMBL5814167,7.602930322116113,7.602930322116113,2
Cc1ccc(NC(=O)c2cccc(C(C)(C)S(C)(=O)=O)c2)cc1-c1cc(N2CCOCC2)n(C)c(=O)c1,CHEMBL5755246,7.772120898447931,7.772120898447931,2
Cc1ccc(NC(=O)c2cccc(C(C)(C)S(C)(=O)=O)c2)cc1-c1cc(N2CCOCC2)nc(N2CC(O)C2)c1,CHEMBL5844080,7.723544274891745,7.723544274891745,2
Cc1ccc(NC(=O)c2cccc(C(C)(F)F)c2)cc1-c1cc(N2CCOCC2)c(=O)n(C)c1,CHEMBL3914464,9.151195298948196,9.15218723382976,5
Cc1ccc(NC(=O)c2cccc(C(C)C)c2)cc1C(=O)Nc1cccnc1,CHEMBL471794,7.823908740944319,7.823908740944319,1
Cc1ccc(NC(=O)c2cccc(C(F)(F)F)c2)cc1-c1c[nH]c(=O)c(N2CCOCC2)c1,CHEMBL3924392,8.717151397165356,8.71860834757052,5
Cc1ccc(NC(=O)c2cccc(C(F)(F)F)c2)cc1-c1c[nH]c(=O)c(N2CCOCC2)n1,CHEMBL3971301,8.91721462968355,8.91836961610652,5
Cc1ccc(NC(=O)c2cccc(C(F)(F)F)c2)cc1-c1cc(-c2cnn(C)c2)nc(N2CCOCC2)c1,CHEMBL3905047,8.944239535312265,8.949528892464574,5
Cc1ccc(NC(=O)c2cccc(C(F)(F)F)c2)cc1-c1cc(=O)cc(N2CCOCC2)[nH]1,CHEMBL3948871,8.171791385532055,8.171791385532055,1
Cc1ccc(NC(=O)c2cccc(C(F)(F)F)c2)cc1-c1cc(C(C)C)nc(N2CCOCC2)n1,CHEMBL3971265,8.245651664288982,8.245071645808627,5
Cc1ccc(NC(=O)c2cccc(C(F)(F)F)c2)cc1-c1cc(C(F)(F)F)nc(N2CCOCC2)n1,CHEMBL3896594,8.64340056427503,8.64157863557072,5
Cc1ccc(NC(=O)c2cccc(C(F)(F)F)c2)cc1-c1cc(C2CCOCC2)nc(N2CCOCC2)c1,CHEMBL3964430,8.772113295386326,8.771191261145294,5
Cc1ccc(NC(=O)c2cccc(C(F)(F)F)c2)cc1-c1cc(N(C)C)nc(N2CCOCC2)c1,CHEMBL3972341,8.492144128304169,8.493172552777065,5
Cc1ccc(NC(=O)c2cccc(C(F)(F)F)c2)cc1-c1cc(N)nc(N2CCOCC2)c1,CHEMBL3919205,9.096910013008056,9.096476260491169,5
Cc1ccc(NC(=O)c2cccc(C(F)(F)F)c2)cc1-c1cc(N2C3CCC2COC3)nc(N2CCOCC2)n1,CHEMBL3903859,8.823908740944319,8.824115893286494,7
Cc1ccc(NC(=O)c2cccc(C(F)(F)F)c2)cc1-c1cc(N2CC3(COC3)C2)nc(N2CCOCC2)n1,CHEMBL3894928,8.610125441609014,8.607182651107175,5
Cc1ccc(NC(=O)c2cccc(C(F)(F)F)c2)cc1-c1cc(N2CC3CC(C2)O3)c(=O)n(C)c1,CHEMBL3952174,7.774690718274137,7.7945910885922745,3
Cc1ccc(NC(=O)c2cccc(C(F)(F)F)c2)cc1-c1cc(N2CC3CC2CO3)nc(N2CCOCC2)n1,CHEMBL3978883,8.500038134403809,8.498072802505437,5
Cc1ccc(NC(=O)c2cccc(C(F)(F)F)c2)cc1-c1cc(N2CC3CCC(C2)O3)nc(N2CCOCC2)n1,CHEMBL3955103,9.053547734986926,9.050825555789007,5
Cc1ccc(NC(=O)c2cccc(C(F)(F)F)c2)cc1-c1cc(N2CCCOCC2)nc(N2CCOCC2)n1,CHEMBL3959652,8.94692155651658,8.951519027558252,5
Cc1ccc(NC(=O)c2cccc(C(F)(F)F)c2)cc1-c1cc(N2CCOC(C)(C)C2)nc(N2CCOCC2)n1,CHEMBL3966257,8.674074044228535,8.675392746580638,5
Cc1ccc(NC(=O)c2cccc(C(F)(F)F)c2)cc1-c1cc(N2CCOCC2)c(=O)n(C(C)C)c1,CHEMBL3913790,8.402304814074487,8.400624719045405,5
Cc1ccc(NC(=O)c2cccc(C(F)(F)F)c2)cc1-c1cc(N2CCOCC2)c(=O)n(C)c1,CHEMBL3936445,8.691435586438761,8.67059756771543,5
Cc1ccc(NC(=O)c2cccc(C(F)(F)F)c2)cc1-c1cc(N2CCOCC2)c(=O)n(C)n1,CHEMBL3927672,8.801342913045577,8.789452971950835,5
Cc1ccc(NC(=O)c2cccc(C(F)(F)F)c2)cc1-c1cc(N2CCOCC2)c(=O)n(CC#N)c1,CHEMBL3966766,9.119186407719209,9.07242856334336,5
Cc1ccc(NC(=O)c2cccc(C(F)(F)F)c2)cc1-c1cc(N2CCOCC2)c(=O)n(CC2(C)COC2)c1,CHEMBL5768774,7.894573317342553,7.894573317342553,2
Cc1ccc(NC(=O)c2cccc(C(F)(F)F)c2)cc1-c1cc(N2CCOCC2)c(=O)n(CCO)c1,CHEMBL3931694,8.65169513695184,8.654048009842223,5
Cc1ccc(NC(=O)c2cccc(C(F)(F)F)c2)cc1-c1cc(N2CCOCC2)c(=O)n(CCS(C)(=O)=O)c1,CHEMBL3945747,8.405276053590253,8.402474194036696,5
Cc1ccc(NC(=O)c2cccc(C(F)(F)F)c2)cc1-c1cc(N2CCOCC2)c(=O)n([C@@H](C)C#N)c1,CHEMBL3935549,8.6613443344213,8.659917197113534,5
Cc1ccc(NC(=O)c2cccc(C(F)(F)F)c2)cc1-c1cc(N2CCOCC2)c(=O)n([C@H](C)C#N)c1,CHEMBL4112070,8.723538195826755,8.722667446365204,5
Cc1ccc(NC(=O)c2cccc(C(F)(F)F)c2)cc1-c1cc(N2CCOCC2)c(OCCO)nn1,CHEMBL5747368,9.045757490560675,9.045757490560675,2
Cc1ccc(NC(=O)c2cccc(C(F)(F)F)c2)cc1-c1cc(N2CCOCC2)c(S(C)(=O)=O)nn1,CHEMBL6010387,8.920818753952375,8.920818753952375,2
Cc1ccc(NC(=O)c2cccc(C(F)(F)F)c2)cc1-c1cc(N2CCOCC2)c2nccn2n1,CHEMBL3936964,8.823908740944319,8.820287048807742,3
Cc1ccc(NC(=O)c2cccc(C(F)(F)F)c2)cc1-c1cc(N2CCOCC2)c2oc(=O)[nH]c2c1,CHEMBL3947696,8.577606140586077,8.577606140586077,2
Cc1ccc(NC(=O)c2cccc(C(F)(F)F)c2)cc1-c1cc(N2CCOCC2)c[nH]c1=O,CHEMBL3928661,7.651695136951839,7.653931237837566,5
Cc1ccc(NC(=O)c2cccc(C(F)(F)F)c2)cc1-c1cc(N2CCOCC2)cc(N)n1,CHEMBL5910956,9.221848749616356,9.221848749616356,2
Cc1ccc(NC(=O)c2cccc(C(F)(F)F)c2)cc1-c1cc(N2CCOCC2)cc2[nH]c(=O)oc12,CHEMBL3976967,8.298955324713951,8.298955324713951,2
Cc1ccc(NC(=O)c2cccc(C(F)(F)F)c2)cc1-c1cc(N2CCOCC2)ccn1,CHEMBL3898852,9.301029995663981,9.301029995663981,2
Cc1ccc(NC(=O)c2cccc(C(F)(F)F)c2)cc1-c1cc(N2CCOCC2)cn(C)c1=O,CHEMBL3930988,7.635261444944602,7.636165960625523,5
Cc1ccc(NC(=O)c2cccc(C(F)(F)F)c2)cc1-c1cc(N2CCOCC2)cnn1,CHEMBL3897780,8.575118363368933,8.56669838026604,5
Cc1ccc(NC(=O)c2cccc(C(F)(F)F)c2)cc1-c1cc(N2CCOCC2)n(C)c(=O)c1,CHEMBL3918750,8.73754891026957,8.739710001693062,5
Cc1ccc(NC(=O)c2cccc(C(F)(F)F)c2)cc1-c1cc(N2CCOCC2)nc(-n2cc(C(C)(C)O)nn2)n1,CHEMBL3966243,9.111820506081676,9.106194062601396,5
Cc1ccc(NC(=O)c2cccc(C(F)(F)F)c2)cc1-c1cc(N2CCOCC2)nc(-n2ccnc2)n1,CHEMBL3928030,9.337242168318426,9.324655873266433,5
Cc1ccc(NC(=O)c2cccc(C(F)(F)F)c2)cc1-c1cc(N2CCOCC2)nc(N)n1,CHEMBL3894913,8.84496777120903,8.847834566021909,3
Cc1ccc(NC(=O)c2cccc(C(F)(F)F)c2)cc1-c1cc(N2CCOCC2)nc(N2C(=O)OC[C@@H]2C)n1,CHEMBL5784018,8.200659450546418,8.200659450546418,2
Cc1ccc(NC(=O)c2cccc(C(F)(F)F)c2)cc1-c1cc(N2CCOCC2)nc(N2CC(O)C2)n1,CHEMBL5945248,9.0,8.914909164965565,3
Cc1ccc(NC(=O)c2cccc(C(F)(F)F)c2)cc1-c1cc(N2CCOCC2)nc(N2CC3(COC3)C2)n1,CHEMBL3947016,8.884056823060945,8.884325505427148,5
Cc1ccc(NC(=O)c2cccc(C(F)(F)F)c2)cc1-c1cc(N2CCOCC2)nc(N2CCC(O)C2)n1,CHEMBL3896660,8.770830297460899,8.770831809095402,5
Cc1ccc(NC(=O)c2cccc(C(F)(F)F)c2)cc1-c1cc(N2CCOCC2)nc(N2CCCC2=O)n1,CHEMBL3903846,8.892790030352131,8.890300491765434,5
Cc1ccc(NC(=O)c2cccc(C(F)(F)F)c2)cc1-c1cc(N2CCOCC2)nc(N2CCOCC2)c1,CHEMBL3960436,8.943095148663527,8.949147764620154,5
Cc1ccc(NC(=O)c2cccc(C(F)(F)F)c2)cc1-c1cc(N2CCOCC2)nc(N2CCOCC2)n1,CHEMBL3967893,9.481486060122112,9.498043134185403,5
Cc1ccc(NC(=O)c2cccc(C(F)(F)F)c2)cc1-c1cc(N2CCOCC2)nc(N2CCS(=O)(=O)CC2)n1,CHEMBL3969121,9.060739102249396,8.999543954937671,4
Cc1ccc(NC(=O)c2cccc(C(F)(F)F)c2)cc1-c1cc(N2CCOCC2)nc(N2CC[C@@H](O)C2=O)c1,CHEMBL5749050,9.275724130399212,9.275724130399212,2
Cc1ccc(NC(=O)c2cccc(C(F)(F)F)c2)cc1-c1cc(N2CCOCC2)nc(N2C[C@H](O)CC2=O)c1,CHEMBL5793549,9.187086643357144,9.187086643357144,2
Cc1ccc(NC(=O)c2cccc(C(F)(F)F)c2)cc1-c1cc(N2CCOCC2)nc(NC(CO)CO)n1,CHEMBL3963090,9.088309841246138,9.091325171224934,5
Cc1ccc(NC(=O)c2cccc(C(F)(F)F)c2)cc1-c1cc(N2CCOCC2)nc(NCCO)n1,CHEMBL3955743,9.132532512140948,9.14112744490448,5
Cc1ccc(NC(=O)c2cccc(C(F)(F)F)c2)cc1-c1cc(N2CCOCC2)nc(NS(C)(=O)=O)n1,CHEMBL3977938,8.46167766676856,8.459580677584292,5
Cc1ccc(NC(=O)c2cccc(C(F)(F)F)c2)cc1-c1cc(N2CCOCC2)nc(OCCO)n1,CHEMBL3987177,9.096910013008056,9.044570643181592,7
Cc1ccc(NC(=O)c2cccc(C(F)(F)F)c2)cc1-c1cc(N2CCOCC2)nc(S(C)(=O)=O)n1,CHEMBL3972141,9.045757490560675,8.990483918947788,11
Cc1ccc(NC(=O)c2cccc(C(F)(F)F)c2)cc1-c1cc(N2CCOCC2)ncn1,CHEMBL3956654,9.522878745280337,9.478365775823598,3
Cc1ccc(NC(=O)c2cccc(C(F)(F)F)c2)cc1-c1cc(N2CCOCC2=O)c(=O)n(C)c1,CHEMBL5947518,7.076497627972429,7.076497627972429,2
Cc1ccc(NC(=O)c2cccc(C(F)(F)F)c2)cc1-c1cc(N2CCOCC2=O)nc(N2CCOCC2)n1,CHEMBL3984282,9.301029995663981,9.298163271743341,3
Cc1ccc(NC(=O)c2cccc(C(F)(F)F)c2)cc1-c1cc(N2CCOC[C@H]2CO)nc(N2CCOCC2)n1,CHEMBL4110542,8.844663962534938,8.848347163249667,5
Cc1ccc(NC(=O)c2cccc(C(F)(F)F)c2)cc1-c1cc(N2CCO[C@@H](C)C2)nc(N2CCOCC2)n1,CHEMBL3973655,8.503070351926786,8.505297533622363,5
Cc1ccc(NC(=O)c2cccc(C(F)(F)F)c2)cc1-c1cc(N2CCO[C@H](C)C2)nc(N2CCOCC2)n1,CHEMBL4112482,8.602059991327963,8.60209474183708,5
Cc1ccc(NC(=O)c2cccc(C(F)(F)F)c2)cc1-c1cc(N2CCS(=O)(=O)CC2)nc(N2CCOCC2)n1,CHEMBL3974358,8.886056647693163,8.886056647693163,2
Cc1ccc(NC(=O)c2cccc(C(F)(F)F)c2)cc1-c1cc(NC(=O)C(C)O)nc(N2CCOCC2)c1,CHEMBL6036650,9.236572006437063,9.236572006437063,2
Cc1ccc(NC(=O)c2cccc(C(F)(F)F)c2)cc1-c1cc(NCC(C)(C)O)nc(N2CCOCC2)c1,CHEMBL5809407,9.008773924307505,9.008773924307505,2
Cc1ccc(NC(=O)c2cccc(C(F)(F)F)c2)cc1-c1cc(NCC(O)C(F)(F)F)nc(N2CCOCC2)c1,CHEMBL5780035,8.829738284605043,8.829738284605043,2
Cc1ccc(NC(=O)c2cccc(C(F)(F)F)c2)cc1-c1cc(NCCO)nc(N2CCOCC2)c1,CHEMBL3896098,7.892790030352131,7.890096677288544,5
Cc1ccc(NC(=O)c2cccc(C(F)(F)F)c2)cc1-c1cc(OC2CCOCC2)nc(N2CCOCC2)n1,CHEMBL3906652,9.0,8.999913184504136,5
Cc1ccc(NC(=O)c2cccc(C(F)(F)F)c2)cc1-c1cc(OCc2ccccc2)cc(N2CCOCC2)n1,CHEMBL5766192,8.172955066537599,8.172955066537599,2
Cc1ccc(NC(=O)c2cccc(C(F)(F)F)c2)cc1-c1cc2[nH]cnc2c(N2CCOCC2)n1,CHEMBL3924576,8.97183558057553,8.97183558057553,1
Cc1ccc(NC(=O)c2cccc(C(F)(F)F)c2)cc1-c1cc2[nH]cnc2c(N2CCOC[C@H]2C)n1,CHEMBL4115500,8.200659450546418,8.201558399102574,3
Cc1ccc(NC(=O)c2cccc(C(F)(F)F)c2)cc1-c1cc2nccn2c(N2CCOCC2)n1,CHEMBL3927963,9.0,9.00880345885758,3
Cc1ccc(NC(=O)c2cccc(C(F)(F)F)c2)cc1-c1cccc(C2(C)COC2)c1,CHEMBL5799488,6.060480747381382,6.060480747381382,1
Cc1ccc(NC(=O)c2cccc(C(F)(F)F)c2)cc1-c1ccnc(N2CCOCC2)c1,CHEMBL3912148,8.96657624451305,8.96338867264454,5
Cc1ccc(NC(=O)c2cccc(C(F)(F)F)c2)cc1-c1ccnc(N2CCOCC2=O)c1,CHEMBL5946834,8.30189945437661,8.30189945437661,2
Cc1ccc(NC(=O)c2cccc(C(F)(F)F)c2)cc1-c1ccnc(N2CCO[C@H](CO)C2)c1,CHEMBL3980394,8.826813731587727,8.825651735330364,5
Cc1ccc(NC(=O)c2cccc(C(F)(F)F)c2)cc1-c1cn(C)c(=O)c(N2CCOCC2)n1,CHEMBL3945337,9.397940008672037,9.397940008672037,2
Cc1ccc(NC(=O)c2cccc(C(F)(F)F)c2)cc1-c1cn(CC(F)F)c(=O)c(N2CCOCC2)n1,CHEMBL3946071,8.892790030352131,8.89023250045364,5
Cc1ccc(NC(=O)c2cccc(C(F)(F)F)c2)cc1-c1cn2ccnc2c(N2CCOCC2)n1,CHEMBL3905257,9.397940008672037,9.401976805339457,3
Cc1ccc(NC(=O)c2cccc(C(F)(F)F)c2)cc1-c1cn2ccnc2c(N2CCOC[C@H]2C)n1,CHEMBL4108504,8.886056647693163,8.887624108932707,3
Cc1ccc(NC(=O)c2cccc(C(F)(F)F)c2)cc1-c1cnc(N2CCOCC2)s1,CHEMBL3942386,9.096910013008056,9.096910013008056,2
Cc1ccc(NC(=O)c2cccc(C(F)(F)F)c2)cc1-c1cnc(OC(C)C)c(N2CCOCC2)c1,CHEMBL3941778,8.37955161528829,8.378556184908994,5
Cc1ccc(NC(=O)c2cccc(C(F)(F)F)c2)cc1-c1cnc(OC2CCOCC2)c(C2(O)COC2)c1,CHEMBL5988964,6.092588639225414,6.092588639225414,1
Cc1ccc(NC(=O)c2cccc(C(F)(F)F)c2)cc1-c1cnc(OC2CCOCC2)c(N2CCOCC2)c1,CHEMBL3893855,8.567351339986892,8.567737045984021,5
Cc1ccc(NC(=O)c2cccc(C(F)(F)F)c2)cc1-c1cnc(O[C@@H](C)C#N)c(N2CCOCC2)c1,CHEMBL3900202,8.481486060122112,8.481617764311684,5
Cc1ccc(NC(=O)c2cccc(C(F)(F)F)c2)cc1-c1cnc(O[C@H](C)C#N)c(N2CCOCC2)c1,CHEMBL4111816,8.991399828238082,8.994584804552801,5
Cc1ccc(NC(=O)c2cccc(C(F)(F)F)c2)cc1-c1cncc(N2CCOCC2)n1,CHEMBL3889721,9.0,9.061700597390214,5
Cc1ccc(NC(=O)c2cccc(C(F)(F)F)c2)cc1-c1csc(N2CCOCC2)n1,CHEMBL3951901,8.443697499232712,8.443697499232712,2
Cc1ccc(NC(=O)c2cccc(C(F)(F)F)c2)cc1-c1nc(C(C)C)cc(N2CCOCC2)n1,CHEMBL3943351,8.540607512240769,8.539556235931595,5
Cc1ccc(NC(=O)c2cccc(C(F)(F)F)c2)cc1-c1nc(N2CCOCC2)c2[nH]ccc2n1,CHEMBL6025398,9.221848749616356,9.221848749616356,2
Cc1ccc(NC(=O)c2cccc(C(F)(F)F)c2)cc1-c1nc(N2CCOCC2)c2c(cnn2C)n1,CHEMBL5831664,9.698970004336019,9.698970004336019,2
Cc1ccc(NC(=O)c2cccc(C(F)(F)F)c2)cc1-c1nc(N2CCOCC2)c2cccnc2n1,CHEMBL5961922,8.769551078621726,8.769551078621726,2
Cc1ccc(NC(=O)c2cccc(C(F)(F)F)c2)cc1-c1nc(N2CCOCC2)c2cnn(C)c2n1,CHEMBL5982508,9.221848749616356,9.221848749616356,2
Cc1ccc(NC(=O)c2cccc(C(F)(F)F)c2)cc1-c1nc(N2CCOCC2)c2ncsc2n1,CHEMBL5928362,9.045757490560675,9.045757490560675,2
Cc1ccc(NC(=O)c2cccc(C(F)(F)F)c2)cc1-c1nc(N2CCOCC2)c2occc2n1,CHEMBL5780160,9.045757490560675,9.045757490560675,2
Cc1ccc(NC(=O)c2cccc(C(F)(F)F)c2)cc1-c1nc(N2CCOCC2)c2sccc2n1,CHEMBL3933272,9.698970004336019,9.738698806909088,3
Cc1ccc(NC(=O)c2cccc(C(F)(F)F)c2)cc1-c1nc(N2CCOCC2)cc(N2CCOCC2)n1,CHEMBL3970191,8.66354026615147,8.661235178558435,5
Cc1ccc(NC(=O)c2cccc(C(F)(F)F)c2)cc1-c1nc(N2CCOCC2)nc(N2CCOCC2)c1C,CHEMBL3903274,9.002613615602687,9.001918407321565,5
Cc1ccc(NC(=O)c2cccc(C(F)(F)F)c2)cc1-c1nc2c(c(N3CCOCC3)n1)CCN(C(=O)OC(C)(C)C)C2,CHEMBL5753558,9.221848749616356,9.221848749616356,2
Cc1ccc(NC(=O)c2cccc(C(F)(F)F)c2)cc1-c1nc2c(c(N3CCOCC3)n1)CNC2,CHEMBL5884582,8.508638306165727,8.508638306165727,2
Cc1ccc(NC(=O)c2cccc(C(F)(F)F)c2)cc1-c1nc2c(c(N3CCOCC3)n1)CNCC2,CHEMBL5951083,8.67778070526608,8.67778070526608,2
Cc1ccc(NC(=O)c2cccc(C(F)(F)F)c2)cc1-c1nc2c(c(N3CCOCC3)n1)S(=O)(=O)CC2,CHEMBL5937628,9.397940008672037,9.397940008672037,2
Cc1ccc(NC(=O)c2cccc(C(F)(F)F)c2)cc1-n1cc(-c2cncc(N3CCOCC3)c2)cn1,CHEMBL5591160,8.229516346785378,8.229516346785378,2
Cc1ccc(NC(=O)c2cccc(C(F)(F)F)c2)cc1C#Cc1nn(C2CCN(C)CC2)c2ncnc(N)c12,CHEMBL4787515,7.657577319177793,7.87206154467319,3
Cc1ccc(NC(=O)c2cccc(C(F)(F)F)c2)cc1C(=O)Nc1cccnc1,CHEMBL454104,8.154901959985743,8.154901959985743,2
Cc1ccc(NC(=O)c2cccc(C(F)(F)F)c2)cc1C(=O)Nc1cnc(N)c(Cl)c1,CHEMBL514670,7.920818753952375,7.920818753952375,1
Cc1ccc(NC(=O)c2cccc(C(F)(F)F)c2)cc1NC(=O)c1ccc2ncccc2c1,CHEMBL481563,8.698970004336019,8.698970004336019,1
Cc1ccc(NC(=O)c2cccc(C(F)(F)F)c2)cc1NC(=O)c1ccc2nccnc2c1,CHEMBL475431,9.0,9.0,1
Cc1ccc(NC(=O)c2cccc(C(F)(F)F)c2)cc1NC(=O)c1cccc2c(N)nccc12,CHEMBL3967980,7.137575456185307,7.137575456185307,2
Cc1ccc(NC(=O)c2cccc(C(F)(F)F)c2)cc1NC(=O)c1ccccn1,CHEMBL482304,6.236572006437063,6.236572006437063,1
Cc1ccc(NC(=O)c2cccc(C(F)(F)F)c2)cc1NC(=O)c1cccnc1,CHEMBL507803,7.309803919971486,7.309803919971486,1
Cc1ccc(NC(=O)c2cccc(C(F)(F)F)c2)cc1NC(=O)c1ccncc1,CHEMBL475433,4.675717544702307,4.675717544702307,1
Cc1ccc(NC(=O)c2cccc(C(F)(F)F)c2)cc1NC(=O)c1cnc2ccccc2c1,CHEMBL480918,8.301029995663981,8.301029995663981,1
Cc1ccc(NC(=O)c2cccc(C(F)(F)F)c2)cc1NC(=O)c1cnc2ccccc2n1,CHEMBL520111,4.978810700930062,4.978810700930062,1
Cc1ccc(NC(=O)c2cccc(C(F)(F)F)c2)cc1NC(=O)c1cnccn1,CHEMBL480184,5.920818753952375,5.920818753952375,1
Cc1ccc(NC(=O)c2cccc(C(F)(F)F)c2)cc1NC(=O)c1cncnc1,CHEMBL498905,6.204119982655925,6.204119982655925,1
Cc1ccc(NC(=O)c2cccc(C(F)(F)F)c2)cc1Nc1ncccc1-c1ncnc2[nH]cnc12,CHEMBL3354835,8.600326278518962,8.600326278518962,1
Cc1ccc(NC(=O)c2cccc(C(F)(F)F)c2)cc1Nc1ncnc2c(N)nc(N(C)C)nc12,CHEMBL3694052,7.823908740944319,7.823908740944319,1
Cc1ccc(NC(=O)c2cccc(C(F)(F)F)c2)cc1Nc1ncnc2c(N)nc(N3CC(C)NC(C)C3)nc12,CHEMBL3694060,7.3979400086720375,7.3979400086720375,1
Cc1ccc(NC(=O)c2cccc(C(F)(F)F)c2)cc1Nc1ncnc2c(N)nc(N3CC4CC3CN4C)nc12,CHEMBL3694062,8.045757490560675,8.045757490560675,1
Cc1ccc(NC(=O)c2cccc(C(F)(F)F)c2)cc1Nc1ncnc2c(N)nc(N3CCCN(C)CC3)nc12,CHEMBL3694047,7.3872161432802645,7.3872161432802645,1
Cc1ccc(NC(=O)c2cccc(C(F)(F)F)c2)cc1Nc1ncnc2c(N)nc(N3CCCN(C4CC4)CC3)nc12,CHEMBL3694055,7.6020599913279625,7.6020599913279625,1
Cc1ccc(NC(=O)c2cccc(C(F)(F)F)c2)cc1Nc1ncnc2c(N)nc(N3CCCN(c4ccncc4)CC3)nc12,CHEMBL3694057,8.154901959985743,8.154901959985743,1
Cc1ccc(NC(=O)c2cccc(C(F)(F)F)c2)cc1Nc1ncnc2c(N)nc(N3CCCN(c4ncccn4)CC3)nc12,CHEMBL3639929,7.346787486224656,7.346787486224656,1
Cc1ccc(NC(=O)c2cccc(C(F)(F)F)c2)cc1Nc1ncnc2c(N)nc(N3CCCNCC3)nc12,CHEMBL3694056,7.698970004336019,7.698970004336019,1
Cc1ccc(NC(=O)c2cccc(C(F)(F)F)c2)cc1Nc1ncnc2c(N)nc(N3CCN(C(C)C)CC3)nc12,CHEMBL3694061,7.886056647693163,7.886056647693163,1
Cc1ccc(NC(=O)c2cccc(C(F)(F)F)c2)cc1Nc1ncnc2c(N)nc(N3CCN(C)CC3)nc12,CHEMBL3694046,7.585026652029182,7.585026652029182,1
Cc1ccc(NC(=O)c2cccc(C(F)(F)F)c2)cc1Nc1ncnc2c(N)nc(N3CCN(C4CCCC4)CC3)nc12,CHEMBL3694054,7.619788758288394,7.619788758288394,1
Cc1ccc(NC(=O)c2cccc(C(F)(F)F)c2)cc1Nc1ncnc2c(N)nc(N3CCN(C4CCN(C)CC4)CC3)nc12,CHEMBL3694053,8.698970004336019,8.698970004336019,1
Cc1ccc(NC(=O)c2cccc(C(F)(F)F)c2)cc1Nc1ncnc2c(N)nc(N3CCN(CC4CCN(C)CC4)CC3)nc12,CHEMBL3694059,8.397940008672037,8.397940008672037,1
Cc1ccc(NC(=O)c2cccc(C(F)(F)F)c2)cc1Nc1ncnc2c(N)nc(N3CCNCC3)nc12,CHEMBL3694063,8.045757490560675,8.045757490560675,1
Cc1ccc(NC(=O)c2cccc(C(F)(F)F)c2)cc1Nc1ncnc2c(N)nc(N3C[C@H](C)NC[C@H]3C)nc12,CHEMBL3694058,8.154901959985743,8.154901959985743,1
Cc1ccc(NC(=O)c2cccc(C(F)(F)F)c2)cc1Nc1ncnc2c(N)nc(NCc3ccccn3)nc12,CHEMBL3694051,7.017728766960431,7.017728766960431,1
Cc1ccc(NC(=O)c2cccc(C(F)(F)F)c2)cc1Nc1ncnc2c(N)nc(NCc3cccnc3)nc12,CHEMBL3694050,7.301029995663981,7.301029995663981,1
Cc1ccc(NC(=O)c2cccc(C(F)(F)F)c2)cc1Nc1ncnc2c(N)nc(NCc3ccncc3)nc12,CHEMBL3694049,7.0915149811213505,7.0915149811213505,1
Cc1ccc(NC(=O)c2cccc(C(F)(F)F)c2)cc1Nc1ncnc2c(N)nc(NN3CCN(C)CC3)nc12,CHEMBL3694048,7.301029995663981,7.301029995663981,1
Cc1ccc(NC(=O)c2cccc(C(F)(F)F)c2)cc1Nc1ncnc2cnc(N3CCN(C)CC3)nc12,CHEMBL3641215,7.920818753952375,7.920818753952375,1
Cc1ccc(NC(=O)c2cccc(C(F)F)c2)cc1-c1cc(N2CCOCC2)c(=O)n(C)c1,CHEMBL3894542,8.901702463505302,8.895999146575104,5
Cc1ccc(NC(=O)c2cccc(C(F)F)c2)cc1-c1cc(N2CCOCC2)c(=O)n(C)n1,CHEMBL3951205,8.657577319177793,8.655934733690444,5
Cc1ccc(NC(=O)c2cccc(C(F)F)c2)cc1-c1cc(N2CCOCC2)c(=O)n(CCC#N)c1,CHEMBL5802672,8.259637310505756,8.259637310505756,2
Cc1ccc(NC(=O)c2cccc(C(F)F)c2)cc1-c1cc(N2CCOCC2)c2nccn2c1,CHEMBL5862003,9.397940008672037,9.397940008672037,2
Cc1ccc(NC(=O)c2cccc(C(F)F)c2)cc1-c1cc(N2CCOCC2)c2nccn2n1,CHEMBL6023111,9.698970004336019,9.698970004336019,2
Cc1ccc(NC(=O)c2cccc(C(F)F)c2)cc1-c1cc(N2CCOCC2)n(C)c(=O)c1,CHEMBL5740520,9.397940008672037,9.397940008672037,2
Cc1ccc(NC(=O)c2cccc(C(F)F)c2)cc1-c1cc(N2CCOCC2)nc(N2CC(O)C2)c1,CHEMBL6016226,9.070581074285707,9.070581074285707,2
Cc1ccc(NC(=O)c2cccc(C(F)F)c2)cc1-c1cc(N2CCOCC2)nc(N2CCOCC2)c1,CHEMBL5771233,9.086186147616283,9.086186147616283,2
Cc1ccc(NC(=O)c2cccc(C(F)F)c2)cc1-c1cc(NCCO)nc(N2CCOCC2)c1,CHEMBL5909617,9.267606240177031,9.267606240177031,2
Cc1ccc(NC(=O)c2cccc(C(F)F)c2)cc1-c1ccnc(N2CCOCC2)c1,CHEMBL3951474,9.414539270491499,9.409034992342052,5
Cc1ccc(NC(=O)c2cccc(C(F)F)c2)cc1-c1nc2c(c(N3CCOCC3)n1)S(=O)(=O)CC2,CHEMBL5768457,9.096910013008056,9.096910013008056,2
Cc1ccc(NC(=O)c2cccc(C3(C#N)CC3)c2Cl)cc1-c1cc(N2CCOCC2)c(=O)n(C)c1,CHEMBL5896083,8.060480747381382,8.060480747381382,2
Cc1ccc(NC(=O)c2cccc(C3(C#N)CC3)c2Cl)cc1-c1cc(N2CCOCC2)nc(N2CCOCC2)n1,CHEMBL3951027,8.515700160653214,8.512875418858219,5
Cc1ccc(NC(=O)c2cccc(C3COC3)c2)cc1-c1cc(N2CCOCC2)c(=O)n(C)c1,CHEMBL5955471,8.657577319177793,8.657577319177793,2
Cc1ccc(NC(=O)c2cccc(C3COC3)c2)cc1-c1cc(N2CCOCC2)n(C)c(=O)c1,CHEMBL5945134,8.522878745280337,8.522878745280337,2
Cc1ccc(NC(=O)c2cccc(CC#N)c2)cc1-c1cc(N2CCOCC2)c(=O)n(C)c1,CHEMBL5943475,8.259637310505756,8.259637310505756,2
Cc1ccc(NC(=O)c2cccc(CC#N)c2)cc1-c1cc(N2CCOCC2)c(=O)n(C)n1,CHEMBL5748741,8.173925197299173,8.173925197299173,2
Cc1ccc(NC(=O)c2cccc(Cl)c2)cc1C(=O)Nc1cccnc1,CHEMBL480201,7.920818753952375,7.920818753952375,1
Cc1ccc(NC(=O)c2cccc(Cl)c2)cc1Nc1ncccc1-c1ncnc2[nH]cnc12,CHEMBL3354838,8.752026733638193,8.752026733638193,1
Cc1ccc(NC(=O)c2cccc(F)c2)cc1C(=O)Nc1cccnc1,CHEMBL511661,6.492144128304169,6.492144128304169,1
Cc1ccc(NC(=O)c2cccc(N(C)C)c2)cc1C(=O)Nc1cccnc1,CHEMBL480200,7.795880017344075,7.795880017344075,1
Cc1ccc(NC(=O)c2cccc(N(C)C)c2)cc1NC(=O)c1ccc(O)cc1,CHEMBL186526,6.638272163982407,6.638272163982407,1
Cc1ccc(NC(=O)c2cccc(N(C)C)c2)cc1Nc1ncccc1-c1ncnc2[nH]cnc12,CHEMBL3354840,8.290730039024169,8.53102452949653,3
Cc1ccc(NC(=O)c2cccc(OC(C)C)c2)cc1-c1cc(N2CCOCC2)c(=O)n(C)c1,CHEMBL5784251,8.795880017344075,8.795880017344075,2
Cc1ccc(NC(=O)c2cccc(OC(C)C)c2)cc1C(=O)Nc1cccnc1,CHEMBL481681,7.823908740944319,7.823908740944319,1
Cc1ccc(NC(=O)c2cccc(OC(F)(F)F)c2)cc1-c1cc(N2CCOCC2)c(=O)n(C)c1,CHEMBL5753682,7.441298057791828,7.441298057791828,2
Cc1ccc(NC(=O)c2cccc(OC(F)(F)F)c2)cc1-c1cc(N2CCOCC2)nc(N2CCOCC2)n1,CHEMBL3960775,9.18575240426808,9.17367907437296,5
Cc1ccc(NC(=O)c2cccc(OCC(C)C)c2)cc1C(=O)Nc1cccnc1,CHEMBL520252,7.552841968657781,7.552841968657781,1
Cc1ccc(NC(=O)c2cccc(S(C)(=O)=O)c2)cc1-c1cc(N2CCOCC2)c(=O)n(C)c1,CHEMBL3923479,8.740167300936516,8.74189590295195,5
Cc1ccc(NC(=O)c2cccc(S(C)(=O)=O)c2)cc1-c1cc(N2CCOCC2)n(C)c(=O)c1,CHEMBL5976804,8.721246399047171,8.721246399047171,2
Cc1ccc(NC(=O)c2cccc(S(C)(=O)=O)c2)cc1-c1cc(N2CCOCC2)nc(N2CC(C)(O)C2)c1,CHEMBL6011444,8.730487055782083,8.730487055782083,2
Cc1ccc(NC(=O)c2cccc(S(C)(=O)=O)c2)cc1-c1cc(N2CCOCC2)nc(N2CC(O)C2)c1,CHEMBL5936290,8.698970004336019,8.698970004336019,2
Cc1ccc(NC(=O)c2cccc(S(C)(=O)=O)c2)cc1-c1cc(N2CCOCC2)nc(N2CCOCC2)n1,CHEMBL3946466,8.616903070050906,8.617769970933367,5
Cc1ccc(NC(=O)c2cccc(S(C)(=O)=O)c2)cc1-c1ccnc(N2CCOCC2)c1,CHEMBL3907015,9.193820026016112,9.20503151545621,5
Cc1ccc(NC(=O)c2cccc(S(C)(=O)=O)c2)cc1C(=O)Nc1cccnc1,CHEMBL480551,7.958607314841775,7.958607314841775,1
Cc1ccc(NC(=O)c2cccc(S(N)(=O)=O)c2)cc1C(=O)Nc1cccnc1,CHEMBL475866,7.522878745280337,7.522878745280337,1
Cc1ccc(NC(=O)c2ccccc2)cc1-c1cc(N2CCOCC2)c(=O)n(C)c1,CHEMBL5857015,7.724702396255336,7.724702396255336,2
Cc1ccc(NC(=O)c2ccccc2)cc1-c1cc(N2CCOCC2)n(C)c(=O)c1,CHEMBL5984753,7.919016691817962,7.919016691817962,2
Cc1ccc(NC(=O)c2cccnn2)cc1-c1ccnc(N2CCOCC2)c1,CHEMBL3943932,6.338992309098968,6.323864268883838,5
Cc1ccc(NC(=O)c2ccnc(C(C)(C)C#N)c2)cc1-c1cc(C2(C)COC2)c2nccn2n1,CHEMBL5872247,5.305658089635819,5.305658089635819,1
Cc1ccc(NC(=O)c2ccnc(C(C)(C)C#N)c2)cc1-c1cc(C2CCOCC2)c(=O)n(C)n1,CHEMBL5861728,8.309803919971486,8.309803919971486,2
Cc1ccc(NC(=O)c2ccnc(C(C)(C)C#N)c2)cc1-c1cc(C2CCOCC2)nc(N2CCOCC2)c1,CHEMBL3940053,8.767512133647013,8.768124414021232,5
Cc1ccc(NC(=O)c2ccnc(C(C)(C)C#N)c2)cc1-c1cc(N2C3CCC2COC3)c(=O)n(C)n1,CHEMBL5858467,8.0,8.0,2
Cc1ccc(NC(=O)c2ccnc(C(C)(C)C#N)c2)cc1-c1cc(N2CC3CC(C2)O3)c(=O)n(C)c1,CHEMBL5995939,7.0,7.0,2
Cc1ccc(NC(=O)c2ccnc(C(C)(C)C#N)c2)cc1-c1cc(N2CCOC(C)(C)C2)c(=O)n(C)n1,CHEMBL6049303,8.10790539730952,8.10790539730952,2
Cc1ccc(NC(=O)c2ccnc(C(C)(C)C#N)c2)cc1-c1cc(N2CCOCC2(C)C)c(=O)n(C)n1,CHEMBL6043678,7.589243235797613,7.589243235797613,2
Cc1ccc(NC(=O)c2ccnc(C(C)(C)C#N)c2)cc1-c1cc(N2CCOCC2)c(=O)n(C)c1,CHEMBL3981117,8.602059991327963,8.602059991327963,5
Cc1ccc(NC(=O)c2ccnc(C(C)(C)C#N)c2)cc1-c1cc(N2CCOCC2)c(=O)n(C)n1,CHEMBL3942212,8.267606240177031,8.161910596440546,7
Cc1ccc(NC(=O)c2ccnc(C(C)(C)C#N)c2)cc1-c1cc(N2CCOCC2)c(=O)n(CC2(C)COC2)c1,CHEMBL5771244,5.045757490560675,5.045757490560675,2
Cc1ccc(NC(=O)c2ccnc(C(C)(C)C#N)c2)cc1-c1cc(N2CCOCC2)c(=O)n(CCC#N)c1,CHEMBL5893697,8.356547323513812,8.356547323513812,2
Cc1ccc(NC(=O)c2ccnc(C(C)(C)C#N)c2)cc1-c1cc(N2CCOCC2)c(=O)n(CCO)c1,CHEMBL3925508,8.000869458712629,8.000521675227578,5
Cc1ccc(NC(=O)c2ccnc(C(C)(C)C#N)c2)cc1-c1cc(N2CCOCC2)c(OC(C)C)nn1,CHEMBL5912729,8.886056647693163,8.886056647693163,1
Cc1ccc(NC(=O)c2ccnc(C(C)(C)C#N)c2)cc1-c1cc(N2CCOCC2)c(OC2CCOCC2)nn1,CHEMBL5797617,8.920818753952375,8.920818753952375,2
Cc1ccc(NC(=O)c2ccnc(C(C)(C)C#N)c2)cc1-c1cc(N2CCOCC2)c(OCCO)nn1,CHEMBL5943903,8.67778070526608,8.67778070526608,2
Cc1ccc(NC(=O)c2ccnc(C(C)(C)C#N)c2)cc1-c1cc(N2CCOCC2)c(S(C)(=O)=O)nn1,CHEMBL5946720,8.568636235841012,8.568636235841012,2
Cc1ccc(NC(=O)c2ccnc(C(C)(C)C#N)c2)cc1-c1cc(N2CCOCC2)c2nccn2n1,CHEMBL5931419,8.769551078621726,8.769551078621726,2
Cc1ccc(NC(=O)c2ccnc(C(C)(C)C#N)c2)cc1-c1cc(N2CCOCC2)n(C)c(=O)c1,CHEMBL5783102,8.55284196865778,8.55284196865778,2
Cc1ccc(NC(=O)c2ccnc(C(C)(C)C#N)c2)cc1-c1cc(N2CCOCC2)n2nccc2n1,CHEMBL6020398,8.769551078621726,8.769551078621726,2
Cc1ccc(NC(=O)c2ccnc(C(C)(C)C#N)c2)cc1-c1cc(N2CCOCC2)nc(N(C)C)n1,CHEMBL5770674,7.7471537462938995,7.7471537462938995,2
Cc1ccc(NC(=O)c2ccnc(C(C)(C)C#N)c2)cc1-c1cc(N2CCOCC2)nc(N2C(=O)OC[C@@H]2C)n1,CHEMBL6065892,7.654636228064817,7.654636228064817,2
Cc1ccc(NC(=O)c2ccnc(C(C)(C)C#N)c2)cc1-c1cc(N2CCOCC2)nc(N2CC(C)(O)C2)c1,CHEMBL6004152,8.31695296176115,8.31695296176115,2
Cc1ccc(NC(=O)c2ccnc(C(C)(C)C#N)c2)cc1-c1cc(N2CCOCC2)nc(N2CC(O)C2)c1,CHEMBL5997426,8.415668775632469,8.415668775632469,2
Cc1ccc(NC(=O)c2ccnc(C(C)(C)C#N)c2)cc1-c1cc(N2CCOCC2)nc(N2CC(O)C2)n1,CHEMBL5917463,7.995699914119041,7.995699914119041,2
Cc1ccc(NC(=O)c2ccnc(C(C)(C)C#N)c2)cc1-c1cc(N2CCOCC2)nc(N2CCOCC2)c1,CHEMBL5884220,8.87942606879415,8.87942606879415,2
Cc1ccc(NC(=O)c2ccnc(C(C)(C)C#N)c2)cc1-c1cc(N2CCOCC2)nc(N2CCOCC2)n1,CHEMBL3938806,8.653647025549361,8.655062781308859,5
Cc1ccc(NC(=O)c2ccnc(C(C)(C)C#N)c2)cc1-c1cc(N2CCOCC2)nc(NC(C)(C)CO)n1,CHEMBL5969694,8.853871964321762,8.853871964321762,2
Cc1ccc(NC(=O)c2ccnc(C(C)(C)C#N)c2)cc1-c1cc(N2CCOCC2)nc(NC2(CO)CCOCC2)n1,CHEMBL5915584,8.468521082957745,8.468521082957745,2
Cc1ccc(NC(=O)c2ccnc(C(C)(C)C#N)c2)cc1-c1cc(N2CCOCC2)nc(NC2CNC2)n1,CHEMBL6002334,7.825361236266023,7.825361236266023,2
Cc1ccc(NC(=O)c2ccnc(C(C)(C)C#N)c2)cc1-c1cc(N2CCOCC2)nc(NCCO)n1,CHEMBL6058906,8.161150909262744,8.161150909262744,2
Cc1ccc(NC(=O)c2ccnc(C(C)(C)C#N)c2)cc1-c1cc(N2CCOCC2)nc(NC[C@@H](C)O)n1,CHEMBL5758471,8.292429823902063,8.292429823902063,2
Cc1ccc(NC(=O)c2ccnc(C(C)(C)C#N)c2)cc1-c1cc(N2CCOCC2)nc(NC[C@H](C)O)n1,CHEMBL6064047,8.387216143280265,8.387216143280265,2
Cc1ccc(NC(=O)c2ccnc(C(C)(C)C#N)c2)cc1-c1cc(N2CCOCC2)nc(N[C@@H](C)CO)n1,CHEMBL5845918,8.337242168318426,8.337242168318426,2
Cc1ccc(NC(=O)c2ccnc(C(C)(C)C#N)c2)cc1-c1cc(N2CCOCC2)nc(N[C@H](C)CO)n1,CHEMBL5926358,8.721246399047171,8.721246399047171,2
Cc1ccc(NC(=O)c2ccnc(C(C)(C)C#N)c2)cc1-c1cc(N2CCOCC2)nc(OC2CNC2)n1,CHEMBL5912922,9.698970004336019,9.698970004336019,2
Cc1ccc(NC(=O)c2ccnc(C(C)(C)C#N)c2)cc1-c1cc(N2CCOCC2)ncn1,CHEMBL3985343,8.260710980924532,8.260710980924532,2
Cc1ccc(NC(=O)c2ccnc(C(C)(C)C#N)c2)cc1-c1cc(N2CCOC[C@@H]2C)c(=O)n(C)n1,CHEMBL5982780,8.036212172654444,8.036212172654444,2
Cc1ccc(NC(=O)c2ccnc(C(C)(C)C#N)c2)cc1-c1cc(N2CCOC[C@H]2C)c(=O)n(C)n1,CHEMBL6065480,7.798611465194826,7.798611465194826,2
Cc1ccc(NC(=O)c2ccnc(C(C)(C)C#N)c2)cc1-c1cc(NC[C@@H](C)O)nc(N2CCOCC2)n1,CHEMBL5851117,7.887733468696958,7.887733468696958,2
Cc1ccc(NC(=O)c2ccnc(C(C)(C)C#N)c2)cc1-c1cc(OC2CCOCC2)nc(N2CCOCC2)c1,CHEMBL6050207,8.903089986991944,8.903089986991944,2
Cc1ccc(NC(=O)c2ccnc(C(C)(C)C#N)c2)cc1-c1cc(OCCO)nc(N2CCOCC2)c1,CHEMBL5837979,8.823908740944319,8.823908740944319,2
Cc1ccc(NC(=O)c2ccnc(C(C)(C)C#N)c2)cc1-c1cc2[nH]cnc2c(N2CCOCC2)n1,CHEMBL3971983,8.035363296211498,8.035363296211498,1
Cc1ccc(NC(=O)c2ccnc(C(C)(C)C#N)c2)cc1-c1cc2[nH]cnc2c(N2CCOC[C@H]2C)n1,CHEMBL4113683,7.656690801653179,7.656690801653179,2
Cc1ccc(NC(=O)c2ccnc(C(C)(C)C#N)c2)cc1-c1cc2c(c(N3CCOC[C@H]3C)n1)SCC2,CHEMBL5891018,7.655607726314889,7.655607726314889,1
Cc1ccc(NC(=O)c2ccnc(C(C)(C)C#N)c2)cc1-c1ccnc(N2CCOCC2)c1,CHEMBL3912517,8.522878745280337,8.52282085864282,5
Cc1ccc(NC(=O)c2ccnc(C(C)(C)C#N)c2)cc1-c1ccnc(N2CCOC[C@H]2C)c1,CHEMBL4109451,7.838631997765026,7.838915233935419,5
Cc1ccc(NC(=O)c2ccnc(C(C)(C)C#N)c2)cc1-c1ccnc(N2CCO[C@H](CO)C2)c1,CHEMBL3971254,8.596879478824182,8.598848750102748,5
Cc1ccc(NC(=O)c2ccnc(C(C)(C)C#N)c2)cc1-c1ccnc(N2C[C@@H](CN(C)C)OC[C@H]2C)c1,CHEMBL4111018,6.991570173202771,6.994873965935787,5
Cc1ccc(NC(=O)c2ccnc(C(C)(C)C#N)c2)cc1-c1ccnc(N2C[C@H](CN(C)C)OC[C@@H]2C)c1,CHEMBL3948046,7.512861624522813,7.511313876504529,5
Cc1ccc(NC(=O)c2ccnc(C(C)(C)C#N)c2)cc1-c1cn2ccnc2c(N2CCOCC2)n1,CHEMBL6055503,7.928180382362728,7.928180382362728,2
Cc1ccc(NC(=O)c2ccnc(C(C)(C)C#N)c2)cc1-c1cnc(OC(F)F)c(N2CCOCC2)c1,CHEMBL5952429,8.657577319177793,8.657577319177793,2
Cc1ccc(NC(=O)c2ccnc(C(C)(C)C#N)c2)cc1-c1cnc(OC2CCOCC2)c(C2(O)COC2)c1,CHEMBL5917495,5.670398751643481,5.670398751643481,1
Cc1ccc(NC(=O)c2ccnc(C(C)(C)C#N)c2)cc1-c1cnc(OCCO)c(N2CCOCC2)c1,CHEMBL5979541,8.522878745280337,8.522878745280337,2
Cc1ccc(NC(=O)c2ccnc(C(C)(C)C#N)c2)cc1-c1cncc(N2CCOCC2)n1,CHEMBL5772023,8.301029995663981,8.301029995663981,2
Cc1ccc(NC(=O)c2ccnc(C(C)(C)C#N)c2)cc1-c1nc(N2CCOCC2)c2[nH]ccc2n1,CHEMBL5980850,8.55284196865778,8.55284196865778,2
Cc1ccc(NC(=O)c2ccnc(C(C)(C)C#N)c2)cc1-c1nc(N2CCOCC2)c2c(cnn2C)n1,CHEMBL5767796,8.602059991327963,8.602059991327963,2
Cc1ccc(NC(=O)c2ccnc(C(C)(C)C#N)c2)cc1-c1nc(N2CCOCC2)c2sccc2n1,CHEMBL5916144,9.045757490560675,9.045757490560675,2
Cc1ccc(NC(=O)c2ccnc(C(C)(C)C#N)c2)cc1-c1nc2c(c(N3CCOCC3)n1)CCNC2,CHEMBL6041722,5.431798275933005,5.431798275933005,2
Cc1ccc(NC(=O)c2ccnc(C(C)(C)C#N)c2)cc1-c1nc2c(c(N3CCOCC3)n1)CN(C(=O)OC(C)(C)C)CC2,CHEMBL6054101,7.1542824239279685,7.1542824239279685,2
Cc1ccc(NC(=O)c2ccnc(C(C)(C)C#N)c2)cc1-c1nc2c(c(N3CCOCC3)n1)CNC2,CHEMBL5917112,8.119186407719209,8.119186407719209,2
Cc1ccc(NC(=O)c2ccnc(C(C)(C)C#N)c2)cc1-c1nc2c(c(N3CCOCC3)n1)S(=O)(=O)CC2,CHEMBL5907539,8.638272163982407,8.638272163982407,2
Cc1ccc(NC(=O)c2ccnc(C(C)(C)C#N)c2)cc1-c1nnc(OC(C)C)c(N2CCOCC2)n1,CHEMBL5813240,8.886056647693163,8.886056647693163,1
Cc1ccc(NC(=O)c2ccnc(C(C)(C)C)c2)cc1-c1cc(N2CCOCC2)c(=O)n(C)c1,CHEMBL3911091,8.610125441609014,8.607182651107175,5
Cc1ccc(NC(=O)c2ccnc(C(C)(C)C)c2)cc1-c1cc(N2CCOCC2)c2nccn2n1,CHEMBL5816932,9.045757490560675,9.045757490560675,2
Cc1ccc(NC(=O)c2ccnc(C(C)(C)C)c2)cc1-c1cc(N2CCOCC2)n(C)c(=O)c1,CHEMBL5924546,8.67778070526608,8.67778070526608,2
Cc1ccc(NC(=O)c2ccnc(C(C)(C)C)c2)cc1-c1cc(N2CCOCC2)nc(N2CCOCC2)n1,CHEMBL5764308,8.727037335322079,8.727037335322079,4
Cc1ccc(NC(=O)c2ccnc(C(C)(C)C)c2)cc1-c1ccnc(N2CCOCC2)c1,CHEMBL3934972,8.68739956073874,8.683890649831877,5
Cc1ccc(NC(=O)c2ccnc(C(C)(C)F)c2)cc1-c1cc(C2CCOCC2)c(=O)n(C)n1,CHEMBL5818723,8.619788758288394,8.619788758288394,2
Cc1ccc(NC(=O)c2ccnc(C(C)(C)F)c2)cc1-c1cc(C2COC2)c(=O)n(C)c1,CHEMBL5944373,5.0007389288869,5.0007389288869,1
Cc1ccc(NC(=O)c2ccnc(C(C)(C)F)c2)cc1-c1cc(C2COCCO2)nc(N2CCOCC2)c1,CHEMBL5998293,8.806875401645538,8.806875401645538,2
Cc1ccc(NC(=O)c2ccnc(C(C)(C)F)c2)cc1-c1cc(N2C3CCC2COC3)c(=O)n(C)n1,CHEMBL5772920,8.387216143280265,8.387216143280265,2
Cc1ccc(NC(=O)c2ccnc(C(C)(C)F)c2)cc1-c1cc(N2CCOC(C)(C)C2)c(=O)n(C)n1,CHEMBL5862245,8.173925197299173,8.173925197299173,2
Cc1ccc(NC(=O)c2ccnc(C(C)(C)F)c2)cc1-c1cc(N2CCOCC2)c(=O)n(C)c1,CHEMBL5982764,8.602059991327963,8.602059991327963,2
Cc1ccc(NC(=O)c2ccnc(C(C)(C)F)c2)cc1-c1cc(N2CCOCC2)c(=O)n(C)n1,CHEMBL5784017,8.769551078621726,8.769551078621726,2
Cc1ccc(NC(=O)c2ccnc(C(C)(C)F)c2)cc1-c1cc(N2CCOCC2)c(OC(C)C)nn1,CHEMBL5777574,9.221848749616356,9.221848749616356,2
Cc1ccc(NC(=O)c2ccnc(C(C)(C)F)c2)cc1-c1cc(N2CCOCC2)c(OC2CCOCC2)nn1,CHEMBL5888853,9.096910013008056,9.096910013008056,2
Cc1ccc(NC(=O)c2ccnc(C(C)(C)F)c2)cc1-c1cc(N2CCOCC2)c(OCCO)nn1,CHEMBL5764151,8.657577319177793,8.657577319177793,2
Cc1ccc(NC(=O)c2ccnc(C(C)(C)F)c2)cc1-c1cc(N2CCOCC2)c(S(C)(=O)=O)nn1,CHEMBL5950400,8.721246399047171,8.721246399047171,2
Cc1ccc(NC(=O)c2ccnc(C(C)(C)F)c2)cc1-c1cc(N2CCOCC2)n(C)c(=O)c1,CHEMBL6051106,8.744727494896694,8.744727494896694,2
Cc1ccc(NC(=O)c2ccnc(C(C)(C)F)c2)cc1-c1cc(N2CCOC[C@@H]2C)c(=O)n(C)n1,CHEMBL5887512,8.4089353929735,8.4089353929735,2
Cc1ccc(NC(=O)c2ccnc(C(C)(C)F)c2)cc1-c1cc(N2CCOC[C@H]2C)c(=O)n(C)n1,CHEMBL5797407,8.200659450546418,8.200659450546418,2
Cc1ccc(NC(=O)c2ccnc(C(C)(C)F)c2)cc1-c1cc(NC[C@@H](C)O)nc(N2CCOCC2)n1,CHEMBL5779195,7.891126463368603,7.891126463368603,2
Cc1ccc(NC(=O)c2ccnc(C(C)(C)F)c2)cc1-c1cc(OCCO)nc(N2CCOCC2)c1,CHEMBL6000958,8.787812395596042,8.787812395596042,2
Cc1ccc(NC(=O)c2ccnc(C(C)(C)F)c2)cc1-c1cnc(OC(C)C)c(N2CCOCC2)c1,CHEMBL5775286,8.627087997029893,8.627087997029893,2
Cc1ccc(NC(=O)c2ccnc(C(C)(C)F)c2)cc1-c1cnc(OCCO)c(N2CCOCC2)c1,CHEMBL5772617,8.698970004336019,8.698970004336019,2
Cc1ccc(NC(=O)c2ccnc(C(C)(C)O)c2)cc1-c1cc(C2(C)COC2)c2nccn2n1,CHEMBL5758076,5.423198104171087,5.423198104171087,1
Cc1ccc(NC(=O)c2ccnc(C(C)(C)O)c2)cc1-c1cc(N2CCOCC2)c(=O)n(C)c1,CHEMBL5989419,8.455931955649724,8.455931955649724,2
Cc1ccc(NC(=O)c2ccnc(C(C)(C)O)c2)cc1-c1cc(N2CCOCC2)c(=O)n(C)n1,CHEMBL5840991,8.017728766960431,8.017728766960431,2
Cc1ccc(NC(=O)c2ccnc(C(C)(C)O)c2)cc1-c1cc(N2CCOCC2)c(OC2CCOCC2)nn1,CHEMBL5751036,8.657577319177793,8.657577319177793,2
Cc1ccc(NC(=O)c2ccnc(C(C)(C)O)c2)cc1-c1cc(N2CCOCC2)c(S(C)(=O)=O)nn1,CHEMBL5865317,8.161780778092375,8.161780778092375,2
Cc1ccc(NC(=O)c2ccnc(C(C)(C)O)c2)cc1-c1cc(N2CCOCC2)c2nccn2n1,CHEMBL5966375,8.769551078621726,8.769551078621726,2
Cc1ccc(NC(=O)c2ccnc(C(C)(C)O)c2)cc1-c1cc(N2CCOCC2)n(C)c(=O)c1,CHEMBL5755779,8.455931955649724,8.455931955649724,2
Cc1ccc(NC(=O)c2ccnc(C(C)(C)O)c2)cc1-c1cc(N2CCOCC2)n2nccc2n1,CHEMBL5826166,8.585026652029182,8.585026652029182,2
Cc1ccc(NC(=O)c2ccnc(C(C)(C)O)c2)cc1-c1cc(N2CCOCC2)nc(N2CC(O)C2)c1,CHEMBL6050341,8.24033215531037,8.24033215531037,2
Cc1ccc(NC(=O)c2ccnc(C(C)(C)O)c2)cc1-c1cc(NCCO)nc(N2CCOCC2)c1F,CHEMBL5864054,7.538352079672248,7.538352079672248,2
Cc1ccc(NC(=O)c2ccnc(C(C)(C)O)c2)cc1-c1cc(OC2CCOCC2)nc(N2CCOCC2)c1,CHEMBL5898126,8.795880017344075,8.795880017344075,2
Cc1ccc(NC(=O)c2ccnc(C(C)(C)O)c2)cc1-c1cnc(OC(C)C)c(N2CCOCC2)c1,CHEMBL5772806,8.75448733218585,8.75448733218585,2
Cc1ccc(NC(=O)c2ccnc(C(C)(C)O)c2)cc1-c1cnc(OC(F)F)c(N2CCOCC2)c1,CHEMBL5757553,8.721246399047171,8.721246399047171,2
Cc1ccc(NC(=O)c2ccnc(C(C)(C)O)c2)cc1-c1cnc(OC2CCOCC2)c(N2CCOCC2)c1,CHEMBL5794252,9.0,9.0,2
Cc1ccc(NC(=O)c2ccnc(C(C)(F)F)c2)cc1-c1cc(C2COCCO2)nc(N2CCOCC2)c1,CHEMBL5787984,8.886056647693163,8.886056647693163,2
Cc1ccc(NC(=O)c2ccnc(C(C)(F)F)c2)cc1-c1cc(N2C3CCC2COC3)c(=O)n(C)n1,CHEMBL5827478,8.55284196865778,8.55284196865778,2
Cc1ccc(NC(=O)c2ccnc(C(C)(F)F)c2)cc1-c1cc(N2C3CCC2COC3)cc(=O)n1C,CHEMBL5882915,7.621605900615941,7.621605900615941,2
Cc1ccc(NC(=O)c2ccnc(C(C)(F)F)c2)cc1-c1cc(N2C3CCC2COC3)n(C)c(=O)c1,CHEMBL6000929,8.2518119729938,8.2518119729938,2
Cc1ccc(NC(=O)c2ccnc(C(C)(F)F)c2)cc1-c1cc(N2CCOC(C)(C)C2)c(=O)n(C)n1,CHEMBL5880224,8.468521082957745,8.468521082957745,2
Cc1ccc(NC(=O)c2ccnc(C(C)(F)F)c2)cc1-c1cc(N2CCOCC2)c(=O)n(C)c1,CHEMBL3945935,9.064492734175287,9.057200399645671,5
Cc1ccc(NC(=O)c2ccnc(C(C)(F)F)c2)cc1-c1cc(N2CCOCC2)c(=O)n(C)n1,CHEMBL5937574,8.958607314841775,8.958607314841775,2
Cc1ccc(NC(=O)c2ccnc(C(C)(F)F)c2)cc1-c1cc(N2CCOCC2)c(=O)n(CCC#N)c1,CHEMBL5837121,8.638272163982407,8.638272163982407,2
Cc1ccc(NC(=O)c2ccnc(C(C)(F)F)c2)cc1-c1cc(N2CCOCC2)c(OC(C)C)nn1,CHEMBL5902151,9.154901959985743,9.154901959985743,2
Cc1ccc(NC(=O)c2ccnc(C(C)(F)F)c2)cc1-c1cc(N2CCOCC2)c(OC2CCOCC2)nn1,CHEMBL6061628,9.221848749616356,9.221848749616356,2
Cc1ccc(NC(=O)c2ccnc(C(C)(F)F)c2)cc1-c1cc(N2CCOCC2)c(OCCO)nn1,CHEMBL5954557,8.958607314841775,8.958607314841775,2
Cc1ccc(NC(=O)c2ccnc(C(C)(F)F)c2)cc1-c1cc(N2CCOCC2)c(S(C)(=O)=O)nn1,CHEMBL6053993,8.978810700930062,8.978810700930062,2
Cc1ccc(NC(=O)c2ccnc(C(C)(F)F)c2)cc1-c1cc(N2CCOCC2)c2nccn2n1,CHEMBL5789044,9.096910013008056,9.096910013008056,2
Cc1ccc(NC(=O)c2ccnc(C(C)(F)F)c2)cc1-c1cc(N2CCOCC2)nc(N(C)C)n1,CHEMBL5789937,8.3767507096021,8.3767507096021,2
Cc1ccc(NC(=O)c2ccnc(C(C)(F)F)c2)cc1-c1cc(N2CCOCC2)nc(N2CC(O)C2)c1,CHEMBL5795169,9.173925197299173,9.173925197299173,2
Cc1ccc(NC(=O)c2ccnc(C(C)(F)F)c2)cc1-c1cc(N2CCOCC2)nc(N2CC(O)C2)n1,CHEMBL6003525,8.721246399047171,8.721246399047171,2
Cc1ccc(NC(=O)c2ccnc(C(C)(F)F)c2)cc1-c1cc(N2CCOCC2)nc(OC2CNC2)n1,CHEMBL5805948,8.657577319177793,8.657577319177793,2
Cc1ccc(NC(=O)c2ccnc(C(C)(F)F)c2)cc1-c1cc(N2CCOC[C@@H]2C)c(=O)n(C)n1,CHEMBL6016009,8.537602002101044,8.537602002101044,2
Cc1ccc(NC(=O)c2ccnc(C(C)(F)F)c2)cc1-c1cc(N2CCOC[C@@H]2C)n(C)c(=O)c1,CHEMBL5930591,8.42021640338319,8.42021640338319,2
Cc1ccc(NC(=O)c2ccnc(C(C)(F)F)c2)cc1-c1cc(N2CCOC[C@H]2C)c(=O)n(C)n1,CHEMBL5959672,8.431798275933005,8.431798275933005,2
Cc1ccc(NC(=O)c2ccnc(C(C)(F)F)c2)cc1-c1cc(N2CCOC[C@H]2C)n(C)c(=O)c1,CHEMBL5932004,8.431798275933005,8.431798275933005,2
Cc1ccc(NC(=O)c2ccnc(C(C)(F)F)c2)cc1-c1cc(NCCO)nc(N2CCOCC2)c1,CHEMBL6022092,8.97061622231479,8.97061622231479,2
Cc1ccc(NC(=O)c2ccnc(C(C)(F)F)c2)cc1-c1cc(NC[C@@H](C)O)nc(N2CCOCC2)n1,CHEMBL5917756,8.292429823902063,8.292429823902063,2
Cc1ccc(NC(=O)c2ccnc(C(C)(F)F)c2)cc1-c1cc(OCCO)nc(N2CCOCC2)c1,CHEMBL6064155,9.1249387366083,9.1249387366083,2
Cc1ccc(NC(=O)c2ccnc(C(C)(F)F)c2)cc1-c1ccnc(N2CCOCC2)c1,CHEMBL5758312,9.207608310501746,9.207608310501746,1
Cc1ccc(NC(=O)c2ccnc(C(C)(F)F)c2)cc1-c1cnc(-c2cnn(C)c2)c(C2(O)COC2)c1,CHEMBL5896388,5.777283528852417,5.777283528852417,1
Cc1ccc(NC(=O)c2ccnc(C(C)(F)F)c2)cc1-c1cnc(OC(C)C)c(N2CCOCC2)c1,CHEMBL5918345,8.869666231504993,8.869666231504993,2
Cc1ccc(NC(=O)c2ccnc(C(C)(F)F)c2)cc1-c1cnc(OCCO)c(N2CCOCC2)c1,CHEMBL5920935,8.667561540084394,8.667561540084394,2
Cc1ccc(NC(=O)c2ccnc(C(C)C)c2)cc1-c1cc(N2CCOCC2)c(=O)n(C)c1,CHEMBL5829648,8.568636235841012,8.568636235841012,2
Cc1ccc(NC(=O)c2ccnc(C(C)C)c2)cc1-c1cc(N2CCOCC2)c2nccn2n1,CHEMBL6007610,8.886056647693163,8.886056647693163,2
Cc1ccc(NC(=O)c2ccnc(C(C)C)c2)cc1-c1cc(N2CCOCC2)n(C)c(=O)c1,CHEMBL5847809,9.221848749616356,9.221848749616356,2
Cc1ccc(NC(=O)c2ccnc(C(C)C)c2)cc1-c1cc(N2CCOCC2)nc(N(C)C)n1,CHEMBL5751611,8.853871964321762,8.853871964321762,2
Cc1ccc(NC(=O)c2ccnc(C(C)C)c2)cc1-c1cc(N2CCOCC2)nc(N2CC(O)C2)c1,CHEMBL5821326,8.578396073130168,8.578396073130168,2
Cc1ccc(NC(=O)c2ccnc(C(C)C)c2)cc1-c1cc(N2CCOCC2)nc(N2CC(O)C2)n1,CHEMBL5925869,8.602059991327963,8.602059991327963,2
Cc1ccc(NC(=O)c2ccnc(C(C)C)c2)cc1-c1cc(N2CCOCC2)nc(N2CCOCC2)c1,CHEMBL5952855,8.882728704344236,8.882728704344236,2
Cc1ccc(NC(=O)c2ccnc(C(C)C)c2)cc1-c1cc(N2CCOCC2)nc(OC2CNC2)n1,CHEMBL5989856,8.638272163982407,8.638272163982407,2
Cc1ccc(NC(=O)c2ccnc(C(F)(F)F)c2)cc1-c1c(F)c(NCCO)nc(N2CCOCC2)c1F,CHEMBL5754283,7.889423339022647,7.889423339022647,2
Cc1ccc(NC(=O)c2ccnc(C(F)(F)F)c2)cc1-c1cc(-c2c(C)n[nH]c2C)nc(N2CCOCC2)c1,CHEMBL6054045,8.829738284605043,8.829738284605043,2
Cc1ccc(NC(=O)c2ccnc(C(F)(F)F)c2)cc1-c1cc(-c2cnn(C)c2)nc(N2CCOCC2)c1,CHEMBL5974520,8.732828271596986,8.732828271596986,1
Cc1ccc(NC(=O)c2ccnc(C(F)(F)F)c2)cc1-c1cc(N2CCNCC2)nc(N2CCOCC2)c1,CHEMBL5796127,8.665546248849068,8.665546248849068,2
Cc1ccc(NC(=O)c2ccnc(C(F)(F)F)c2)cc1-c1cc(N2CCOCC2)c(=O)n(C)c1,CHEMBL3909119,9.043351420794796,9.04383528607797,5
Cc1ccc(NC(=O)c2ccnc(C(F)(F)F)c2)cc1-c1cc(N2CCOCC2)c(=O)n(C)n1,CHEMBL3940726,8.508638306165727,8.50627180183092,7
Cc1ccc(NC(=O)c2ccnc(C(F)(F)F)c2)cc1-c1cc(N2CCOCC2)c(OCCO)nn1,CHEMBL6051264,8.853871964321762,8.853871964321762,2
Cc1ccc(NC(=O)c2ccnc(C(F)(F)F)c2)cc1-c1cc(N2CCOCC2)c(S(C)(=O)=O)nn1,CHEMBL5870799,8.987162775294827,8.987162775294827,2
Cc1ccc(NC(=O)c2ccnc(C(F)(F)F)c2)cc1-c1cc(N2CCOCC2)c2nccn2c1,CHEMBL6055723,8.42021640338319,8.42021640338319,2
Cc1ccc(NC(=O)c2ccnc(C(F)(F)F)c2)cc1-c1cc(N2CCOCC2)n(C)c(=O)c1,CHEMBL5954000,8.958607314841775,8.958607314841775,2
Cc1ccc(NC(=O)c2ccnc(C(F)(F)F)c2)cc1-c1cc(N2CCOCC2)nc(N(C)C)n1,CHEMBL6057993,8.55284196865778,8.55284196865778,2
Cc1ccc(NC(=O)c2ccnc(C(F)(F)F)c2)cc1-c1cc(N2CCOCC2)nc(N2CC(O)C2)c1,CHEMBL5997465,8.405607449624574,8.405607449624574,2
Cc1ccc(NC(=O)c2ccnc(C(F)(F)F)c2)cc1-c1cc(N2CCOCC2)nc(N2CC(O)C2)n1,CHEMBL5981070,8.769551078621726,8.769551078621726,2
Cc1ccc(NC(=O)c2ccnc(C(F)(F)F)c2)cc1-c1cc(N2CCOCC2)nc(N2CCC(O)C2)c1,CHEMBL5790695,8.649751981665837,8.649751981665837,2
Cc1ccc(NC(=O)c2ccnc(C(F)(F)F)c2)cc1-c1cc(N2CCOCC2)nc(N2CCOCC2)c1,CHEMBL5799599,9.080921907623926,9.080921907623926,2
Cc1ccc(NC(=O)c2ccnc(C(F)(F)F)c2)cc1-c1cc(N2CCOCC2)nc(NCCO)c1F,CHEMBL5955778,8.401209493236886,8.401209493236886,2
Cc1ccc(NC(=O)c2ccnc(C(F)(F)F)c2)cc1-c1cc(N2CCOCC2)nc(OC2CNC2)n1,CHEMBL5782839,8.67778070526608,8.67778070526608,2
Cc1ccc(NC(=O)c2ccnc(C(F)(F)F)c2)cc1-c1cc(NC2CCOC2)nc(N2CCOCC2)c1,CHEMBL5855206,8.928117992693874,8.928117992693874,2
Cc1ccc(NC(=O)c2ccnc(C(F)(F)F)c2)cc1-c1cc(NCC2CCOC2)nc(N2CCOCC2)c1,CHEMBL6054023,8.931814138253838,8.931814138253838,2
Cc1ccc(NC(=O)c2ccnc(C(F)(F)F)c2)cc1-c1cc(NCCO)nc(N2CCOCC2)c1F,CHEMBL5932101,7.881102503363039,7.881102503363039,2
Cc1ccc(NC(=O)c2ccnc(C(F)(F)F)c2)cc1-c1cc(NC[C@@H](C)O)nc(N2CCOCC2)c1,CHEMBL5787424,8.627087997029893,8.627087997029893,2
Cc1ccc(NC(=O)c2ccnc(C(F)(F)F)c2)cc1-c1cc(NC[C@@H](C)O)nc(N2CCOCC2)n1,CHEMBL5987598,8.6345120151091,8.6345120151091,2
Cc1ccc(NC(=O)c2ccnc(C(F)(F)F)c2)cc1-c1cc(OCCO)nc(N2CCOCC2)c1,CHEMBL4583691,9.0,8.502718979843756,7
Cc1ccc(NC(=O)c2ccnc(C(F)(F)F)c2)cc1-c1ccc2c(c1)OC1(CCOCC1)CC(=O)N2,CHEMBL5087151,7.939713034397075,7.939713034397075,2
Cc1ccc(NC(=O)c2ccnc(C(F)(F)F)c2)cc1-c1ccc2c(c1)OC1(CCOCC1)NC2=O,CHEMBL5177739,7.487675084410277,7.487675084410277,2
Cc1ccc(NC(=O)c2ccnc(C(F)(F)F)c2)cc1-c1ccnc(N2CCOCC2)c1,CHEMBL5851187,9.207608310501746,9.207608310501746,1
Cc1ccc(NC(=O)c2ccnc(C(F)(F)F)c2)cc1-c1cnc(OC2CCOCC2)c(C2(O)COC2)c1,CHEMBL5973678,6.015022873584506,6.015022873584506,1
Cc1ccc(NC(=O)c2ccnc(C(F)(F)F)c2)cc1-c1cnc(OCCO)c(N2CCOCC2)c1,CHEMBL5991048,8.756961951313706,8.756961951313706,2
Cc1ccc(NC(=O)c2ccnc(C(F)F)c2)cc1-c1cc(N2CCOCC2)c(=O)n(C)c1,CHEMBL3960706,8.136677139879545,8.137428369717266,5
Cc1ccc(NC(=O)c2ccnc(C(F)F)c2)cc1-c1cc(N2CCOCC2)c(=O)n(C)n1,CHEMBL3947882,8.32513885926219,8.284634336940302,9
Cc1ccc(NC(=O)c2ccnc(C(F)F)c2)cc1-c1cc(N2CCOCC2)c(OC(C)C)nn1,CHEMBL5819101,9.221848749616356,9.221848749616356,2
Cc1ccc(NC(=O)c2ccnc(C(F)F)c2)cc1-c1cc(N2CCOCC2)c2nccn2c1,CHEMBL5798274,9.221848749616356,9.221848749616356,2
Cc1ccc(NC(=O)c2ccnc(C(F)F)c2)cc1-c1cc(N2CCOCC2)n(C)c(=O)c1,CHEMBL5784299,8.958607314841775,8.958607314841775,2
Cc1ccc(NC(=O)c2ccnc(C(F)F)c2)cc1-c1cc(N2CCOCC2)n2nccc2n1,CHEMBL5800675,9.397940008672037,9.397940008672037,2
Cc1ccc(NC(=O)c2ccnc(C(F)F)c2)cc1-c1cc(N2CCOCC2)nc(N2C(=O)OC[C@@H]2C)n1,CHEMBL5806339,8.1249387366083,8.1249387366083,2
Cc1ccc(NC(=O)c2ccnc(C(F)F)c2)cc1-c1cc(N2CCOCC2)nc(N2CC(C)(O)C2)c1,CHEMBL5771633,8.7594507517174,8.7594507517174,2
Cc1ccc(NC(=O)c2ccnc(C(F)F)c2)cc1-c1cc(N2CCOCC2)nc(N2CC(O)C2)c1,CHEMBL5971102,9.221848749616356,9.221848749616356,2
Cc1ccc(NC(=O)c2ccnc(C(F)F)c2)cc1-c1cc(N2CCOCC2)nc(N2CCOCC2)c1,CHEMBL5921533,9.187086643357144,9.187086643357144,2
Cc1ccc(NC(=O)c2ccnc(C(F)F)c2)cc1-c1cc(N2CCOCC2)nc(NCCO)c1F,CHEMBL5779696,8.643974142806877,8.643974142806877,2
Cc1ccc(NC(=O)c2ccnc(C(F)F)c2)cc1-c1cc(NCCO)nc(N2CCOCC2)c1,CHEMBL5982729,9.065501548756432,9.065501548756432,2
Cc1ccc(NC(=O)c2ccnc(C(F)F)c2)cc1-c1cc(NCCO)nc(N2CCOCC2)c1F,CHEMBL5834947,7.826823512774681,7.826823512774681,2
Cc1ccc(NC(=O)c2ccnc(C(F)F)c2)cc1-c1cc(OC2CCOCC2)nc(N2CCOCC2)c1,CHEMBL6017515,9.221848749616356,9.221848749616356,2
Cc1ccc(NC(=O)c2ccnc(C(F)F)c2)cc1-c1cc(OCCO)nc(N2CCOCC2)c1,CHEMBL5829669,9.259637310505756,9.259637310505756,2
Cc1ccc(NC(=O)c2ccnc(C(F)F)c2)cc1-c1nc2c(c(N3CCOCC3)n1)S(=O)(=O)CC2,CHEMBL5926621,8.259637310505756,8.259637310505756,2
Cc1ccc(NC(=O)c2ccnc(C3(C#N)CC3)c2)cc1-c1cc(N2CCOCC2)c(=O)n(C)c1,CHEMBL5913133,8.468521082957745,8.468521082957745,2
Cc1ccc(NC(=O)c2ccnc(C3(C#N)CC3)c2)cc1-c1cc(N2CCOCC2)c(=O)n(C)n1,CHEMBL5870489,9.154901959985743,9.154901959985743,2
Cc1ccc(NC(=O)c2ccnc(C3(C#N)CC3)c2)cc1-c1cc(N2CCOCC2)n(C)c(=O)c1,CHEMBL5776436,9.221848749616356,9.221848749616356,2
Cc1ccc(NC(=O)c2ccnc(C3(C#N)CC3)c2)cc1-c1cc(N2CCOCC2)n2nccc2n1,CHEMBL6007222,9.154901959985743,9.154901959985743,2
Cc1ccc(NC(=O)c2ccnc(C3(C#N)CC3)c2)cc1-c1cc(N2CCOCC2)nc(N2CC(C)(O)C2)c1,CHEMBL5944581,8.679853713888946,8.679853713888946,2
Cc1ccc(NC(=O)c2ccnc(C3(C#N)CC3)c2)cc1-c1cc(N2CCOCC2)nc(N2CC(O)C2)c1,CHEMBL5765497,8.681936665037238,8.681936665037238,2
Cc1ccc(NC(=O)c2ccnc(C3(C#N)CC3)c2)cc1-c1cc(NCCO)nc(N2CCOCC2)c1,CHEMBL6039245,8.882728704344236,8.882728704344236,2
Cc1ccc(NC(=O)c2ccnc(C3(C#N)CC3)c2)cc1-c1cc(NCCO)nc(N2CCOCC2)c1F,CHEMBL5755781,7.6153113369619305,7.6153113369619305,2
Cc1ccc(NC(=O)c2ccnc(C3CC3)c2)cc1-c1cc(N2CCOCC2)c(=O)n(C)c1,CHEMBL5950097,9.0,9.0,2
Cc1ccc(NC(=O)c2ccnc(C3CC3)c2)cc1-c1cc(N2CCOCC2)c(=O)n(C)n1,CHEMBL6008012,9.0,9.0,2
Cc1ccc(NC(=O)c2ccnc(C3CC3)c2)cc1-c1cc(N2CCOCC2)n(C)c(=O)c1,CHEMBL5921197,9.397940008672037,9.397940008672037,2
Cc1ccc(NC(=O)c2ccnc(C3CC3)c2)cc1-c1cc(N2CCOCC2)nc(N2CC(O)C2)c1,CHEMBL5979256,9.142667503568731,9.142667503568731,2
Cc1ccc(NC(=O)c2ccnc(C3CC3)c2)cc1-c1cc(OCCO)nc(N2CCOCC2)c1,CHEMBL5917557,9.366531544420413,9.366531544420413,2
Cc1ccc(NC(=O)c2ccnc(C3CC3)c2)cc1-c1cnc(OCCO)c(N2CCOCC2)c1,CHEMBL6032907,9.040958607678906,9.040958607678906,2
Cc1ccc(NC(=O)c2ccnc(C3COC3)c2)cc1-c1cc(N2CCOCC2)c(=O)n(C)c1,CHEMBL5916820,8.4089353929735,8.4089353929735,2
Cc1ccc(NC(=O)c2ccnc(C3COC3)c2)cc1-c1cc(N2CCOCC2)c(=O)n(C)n1,CHEMBL5912526,8.346787486224656,8.346787486224656,2
Cc1ccc(NC(=O)c2ccnc(C3COC3)c2)cc1-c1cc(N2CCOCC2)n(C)c(=O)c1,CHEMBL5985138,8.602059991327963,8.602059991327963,2
Cc1ccc(NC(=O)c2ccnc(N(C)C)c2)cc1-c1cc(N2CCOCC2)c(=O)n(C)c1,CHEMBL5900605,8.638272163982407,8.638272163982407,2
Cc1ccc(NC(=O)c2ccnc(N(C)CCO)c2)cc1-c1cc(N2CCOCC2)c(=O)n(C)c1,CHEMBL5960988,8.481486060122112,8.481486060122112,2
Cc1ccc(NC(=O)c2ccnc(N3CCC3)c2)cc1-c1cc(N2CCOCC2)c(=O)n(C)c1,CHEMBL6063246,8.721246399047171,8.721246399047171,2
Cc1ccc(NC(=O)c2ccnc(S(C)(=O)=O)c2)cc1-c1cc(N2CCOCC2)c(=O)n(C)c1,CHEMBL3959933,8.657182685364267,8.597922787210262,5
Cc1ccc(NC(=O)c2ccnc(S(C)(=O)=O)c2)cc1-c1cc(N2CCOCC2)c(OC2CCOCC2)nn1,CHEMBL5888835,9.096910013008056,9.096910013008056,2
Cc1ccc(NC(=O)c2ccnc(S(C)(=O)=O)c2)cc1-c1cc(N2CCOCC2)c2nccn2c1,CHEMBL5994187,9.045757490560675,9.045757490560675,2
Cc1ccc(NC(=O)c2ccnc(S(C)(=O)=O)c2)cc1-c1cc(N2CCOCC2)n(C)c(=O)c1,CHEMBL6001336,8.657577319177793,8.657577319177793,2
Cc1ccc(NC(=O)c2ccnc(S(C)(=O)=O)c2)cc1-c1cc(N2CCOCC2)n2nccc2n1,CHEMBL5864290,8.958607314841775,8.958607314841775,2
Cc1ccc(NC(=O)c2ccnc(S(C)(=O)=O)c2)cc1-c1cc(N2CCOCC2)nc(N(C)C)n1,CHEMBL5884286,7.9300604567993815,7.9300604567993815,2
Cc1ccc(NC(=O)c2ccnc(S(C)(=O)=O)c2)cc1-c1cc(N2CCOCC2)nc(N2CC(O)C2)c1,CHEMBL6029563,8.478861916295964,8.478861916295964,2
Cc1ccc(NC(=O)c2ccnc(S(C)(=O)=O)c2)cc1-c1cc(N2CCOCC2)nc(N2CCOCC2)c1,CHEMBL5992349,8.991399828238082,8.991399828238082,2
Cc1ccc(NC(=O)c2ccnc(S(C)(=O)=O)c2)cc1-c1ccnc(N2CCOCC2)c1,CHEMBL3949277,8.823908740944319,8.78290172942694,5
Cc1ccc(NC(=O)c2ccnc(S(C)(=O)=O)c2)cc1-c1cnc(OC(C)C)c(N2CCOCC2)c1,CHEMBL5809237,9.327902142064282,9.327902142064282,2
Cc1ccc(NC(=O)c2ccnc(S(C)(=O)=O)c2)cc1-c1cnc(OC2CCOCC2)c(N2CCOCC2)c1,CHEMBL5783101,9.096910013008056,9.096910013008056,2
Cc1ccc(NC(=O)c2ccnc(S(C)(=O)=O)c2)cc1-c1cnc(OC[C@H](C)O)c(N2CCOCC2)c1,CHEMBL5791180,8.707743928643524,8.707743928643524,2
Cc1ccc(NC(=O)c2ccnnc2)cc1-c1ccnc(N2CCOCC2)c1,CHEMBL3921477,6.1944991418416,6.205421315924771,5
Cc1ccc(NC(=O)c2cn(C(C)C)nc2C)cc1-c1cc(N2CCOCC2)c(=O)n(C)c1,CHEMBL6065533,7.886056647693163,7.886056647693163,1
Cc1ccc(NC(=O)c2cn(C)nc2C)cc1-c1cc(N2CCOCC2)c(=O)n(C)c1,CHEMBL5972899,7.0,7.0,2
Cc1ccc(NC(=O)c2cncc(C(C)(C)C)c2)cc1-c1cc(N2CCOCC2)nc(N2CCOCC2)n1,CHEMBL3924379,8.732593581247096,8.732593581247096,1
Cc1ccc(NC(=O)c2cncc(C(F)(F)F)c2)cc1-c1cc(-c2cnn(C)c2)nc(N2CCOCC2)c1,CHEMBL5794442,8.732828271596986,8.732828271596986,1
Cc1ccc(NC(=O)c2cncc(C(F)(F)F)c2)cc1-c1cc(N2CCOCC2)c(=O)n(C)c1,CHEMBL5750188,8.69680394257951,8.69680394257951,2
Cc1ccc(NC(=O)c2cncc(C(F)(F)F)c2)cc1-c1cc(N2CCOCC2)c(=O)n(C)n1,CHEMBL5869161,8.806875401645538,8.806875401645538,2
Cc1ccc(NC(=O)c2cncc(C(F)(F)F)c2)cc1-c1cc(N2CCOCC2)n(C)c(=O)c1,CHEMBL5850073,9.070581074285707,9.070581074285707,2
Cc1ccc(NC(=O)c2cncc(C(F)(F)F)c2)cc1-c1cnc(OC(C)C)c(N2CCOCC2)c1,CHEMBL5993288,9.508638306165727,9.508638306165727,2
Cc1ccc(NC(=O)c2cncc(C(F)(F)F)c2)cc1-c1cnc(OCCO)c(N2CCOCC2)c1,CHEMBL5756119,8.866461091629782,8.866461091629782,2
Cc1ccc(NC(=O)c2cncc(N(C)C)c2)cc1-c1cc(N2CCOCC2)c(=O)n(C)c1,CHEMBL3904667,8.812479279163536,8.816938333300154,5
Cc1ccc(NC(=O)c2cncc(N(C)C)c2)cc1-c1cc(N2CCOCC2)nc(N2CCOCC2)n1,CHEMBL3976881,9.337242168318426,9.324274494863504,5
Cc1ccc(NC(=O)c2cnccn2)cc1-c1ccnc(N2CCOCC2)c1,CHEMBL3933886,6.804100347590767,6.762048210288867,5
Cc1ccc(NC(=O)c2cncnc2)cc1-c1ccnc(N2CCOCC2)c1,CHEMBL3957922,6.222435443274309,6.22225585954568,5
Cc1ccc(NC(=O)c2cnnc(C(C)(C)C#N)c2)cc1-c1cc(N2CCOCC2)c(=O)n(C)c1,CHEMBL5866896,8.221848749616356,8.221848749616356,2
Cc1ccc(NC(=O)c2cnnc(C(C)(C)C#N)c2)cc1-c1cc(N2CCOCC2)c(=O)n(C)n1,CHEMBL5959857,8.075720713938118,8.075720713938118,2
Cc1ccc(NC(=O)c2cnnc(C(C)(C)C#N)c2)cc1-c1cc(N2CCOCC2)c(OC2CCOCC2)nn1,CHEMBL5792375,8.886056647693163,8.886056647693163,2
Cc1ccc(NC(=O)c2cnnc(C(C)(C)C#N)c2)cc1-c1cc(N2CCOCC2)n(C)c(=O)c1,CHEMBL5980770,8.619788758288394,8.619788758288394,2
Cc1ccc(NC(=O)c2cnnc(C(C)(C)C#N)c2)cc1-c1cc(N2CCOCC2)n2nccc2n1,CHEMBL5999388,8.744727494896694,8.744727494896694,2
Cc1ccc(NC(=O)c2cnnc(C(C)(C)C#N)c2)cc1-c1cc(N2CCOCC2)nc(NCCO)n1,CHEMBL5953442,7.745937231958401,7.745937231958401,2
Cc1ccc(NC(=O)c2cnnc(C(C)(C)C#N)c2)cc1-c1cc(NCCO)nc(N2CCOCC2)c1,CHEMBL5743607,8.114073660198569,8.114073660198569,2
Cc1ccc(NC(=O)c2cnnc(C(C)(C)C#N)c2)cc1-c1cc(NCCO)nc(N2CCOCC2)c1F,CHEMBL5936238,7.1499684751145605,7.1499684751145605,2
Cc1ccc(NC(=O)c2cnnc(C(C)(C)C#N)c2)cc1-c1cc(OC2CCOCC2)nc(N2CCOCC2)c1,CHEMBL5955211,8.667561540084394,8.667561540084394,2
Cc1ccc(NC(=O)c2cnnc(C(C)(C)F)c2)cc1-c1cc(N2CCOCC2)c(=O)n(C)c1,CHEMBL5977672,8.42021640338319,8.42021640338319,2
Cc1ccc(NC(=O)c2cnnc(C(F)(F)F)c2)cc1-c1c(F)c(NCCO)nc(N2CCOCC2)c1F,CHEMBL5917630,7.5338899930614405,7.5338899930614405,2
Cc1ccc(NC(=O)c2cnnc(C(F)(F)F)c2)cc1-c1cc(N2CCOCC2)c(=O)n(C)c1,CHEMBL5779771,8.55284196865778,8.55284196865778,2
Cc1ccc(NC(=O)c2cnnc(C(F)(F)F)c2)cc1-c1cc(N2CCOCC2)c(=O)n(C)n1,CHEMBL5783707,8.275724130399212,8.275724130399212,2
Cc1ccc(NC(=O)c2cnnc(C(F)(F)F)c2)cc1-c1cc(N2CCOCC2)c(OC2CCOCC2)nn1,CHEMBL5855092,9.221848749616356,9.221848749616356,1
Cc1ccc(NC(=O)c2cnnc(C(F)(F)F)c2)cc1-c1cc(N2CCOCC2)c2nccn2c1,CHEMBL5901255,9.154901959985743,9.154901959985743,2
Cc1ccc(NC(=O)c2cnnc(C(F)(F)F)c2)cc1-c1cc(N2CCOCC2)n(C)c(=O)c1,CHEMBL5975435,8.346787486224656,8.346787486224656,2
Cc1ccc(NC(=O)c2cnnc(C(F)(F)F)c2)cc1-c1cc(N2CCOCC2)nc(N2CC(C)(O)C2)c1,CHEMBL5802638,8.52432881167557,8.52432881167557,2
Cc1ccc(NC(=O)c2cnnc(C(F)(F)F)c2)cc1-c1cc(N2CCOCC2)nc(N2CC(O)C2)c1,CHEMBL5917887,8.61798295742513,8.61798295742513,2
Cc1ccc(NC(=O)c2cnnc(C(F)(F)F)c2)cc1-c1cc(N2CCOCC2)nc(NCCO)c1F,CHEMBL5839144,8.269217724333611,8.269217724333611,2
Cc1ccc(NC(=O)c2cnnc(C(F)(F)F)c2)cc1-c1cc(NCCO)nc(N2CCOCC2)c1,CHEMBL6041449,8.40340290437354,8.40340290437354,2
Cc1ccc(NC(=O)c2cnnc(C(F)(F)F)c2)cc1-c1cc(NCCO)nc(N2CCOCC2)c1F,CHEMBL5993853,8.009217308196861,8.009217308196861,2
Cc1ccc(NC(=O)c2cnnc(C(F)(F)F)c2)cc1-c1cc(OC2CCOCC2)nc(N2CCOCC2)c1,CHEMBL6013050,9.18045606445813,9.18045606445813,2
Cc1ccc(NC(=O)c2cnnc(C(F)(F)F)c2)cc1-c1cc(OCCO)nc(N2CCOCC2)c1,CHEMBL5917765,9.244125144327509,9.244125144327509,2
Cc1ccc(NC(=O)c2cnnc(C(F)(F)F)c2)cc1-c1cnc(OC2CCOCC2)c(N2CCOCC2)c1,CHEMBL6001952,9.301029995663981,9.301029995663981,2
Cc1ccc(NC(=O)c2cnnc(C3(C#N)CC3)c2)cc1-c1cc(N2CCOCC2)c(=O)n(C)c1,CHEMBL5907816,8.47237009912866,8.47237009912866,2
Cc1ccc(NC(=O)c2cnnc(C3(C#N)CC3)c2)cc1-c1cc(N2CCOCC2)n(C)c(=O)c1,CHEMBL6056818,8.7281583934635,8.7281583934635,2
Cc1ccc(NC(=O)c2cnnc(C3(C#N)CC3)c2)cc1-c1cnc(OC2CCOCC2)c(N2CCOCC2)c1,CHEMBL5845373,9.221848749616356,9.221848749616356,2
Cc1ccc(NC(=O)c2cnnc(C3CC3)c2)cc1-c1cc(N2CCOCC2)c(=O)n(C)c1,CHEMBL5801803,8.537602002101044,8.537602002101044,2
Cc1ccc(NC(=O)c2cnnc(C3CC3)c2)cc1-c1cc(N2CCOCC2)c(=O)n(C)n1,CHEMBL5862936,8.537602002101044,8.537602002101044,2
Cc1ccc(NC(=O)c2cnnc(C3CC3)c2)cc1-c1cc(N2CCOCC2)n(C)c(=O)c1,CHEMBL6004327,9.045757490560675,9.045757490560675,2
Cc1ccc(NC(=O)c2cnnc(C3CC3)c2)cc1-c1cc(N2CCOCC2)nc(N2CC(C)(O)C2)c1,CHEMBL6063143,8.636388020107855,8.636388020107855,2
Cc1ccc(NC(=O)c2cnnc(C3CC3)c2)cc1-c1cc(NCCO)nc(N2CCOCC2)c1,CHEMBL6040374,8.809668301829708,8.809668301829708,2
Cc1ccc(NC(=O)c2cnnc(C3CC3)c2)cc1-c1cc(OC2CCOCC2)nc(N2CCOCC2)c1,CHEMBL5990870,9.221848749616356,9.221848749616356,2
Cc1ccc(NC(=O)c2cnnc(C3CC3)c2)cc1-c1cc(OCCO)nc(N2CCOCC2)c1,CHEMBL5945139,9.42021640338319,9.42021640338319,2
Cc1ccc(NC(=O)c2cnnc(C3CC3)c2)cc1-c1cnc(OC2CCOCC2)c(N2CCOCC2)c1,CHEMBL5795575,9.397940008672037,9.397940008672037,2
Cc1ccc(NC(=O)c2cnncc2C(F)F)cc1-c1cc(N2CCOCC2)nc(N2CC(O)C2)c1,CHEMBL5864056,6.166215625343521,6.166215625343521,2
Cc1ccc(NC(=O)c2csc(C(F)(F)F)n2)cc1-c1cc(N2CCOCC2)nc(N2CCOCC2)n1,CHEMBL3958636,8.661543506395395,8.660076644421057,5
Cc1ccc(NS(=O)(=O)C(C)C)cc1Nc1ncnc2cnc(N3CCN(C)CC3)nc12,CHEMBL3643284,7.309803919971486,7.309803919971486,1
Cc1ccc(NS(=O)(=O)C2CC2)cc1Nc1ncnc2cnc(N3CCN(C)CC3)nc12,CHEMBL3643289,6.22548303427145,6.22548303427145,1
Cc1ccc(NS(=O)(=O)C2CCCCC2)cc1Nc1ncnc2cnc(N3CCN(C)CC3)nc12,CHEMBL3643281,5.0,5.0,1
Cc1ccc(NS(=O)(=O)CC(C)C)cc1Nc1ncnc2cnc(N3CCN(C)CC3)nc12,CHEMBL3643283,5.0,5.0,1
Cc1ccc(NS(=O)(=O)CC(F)(F)F)cc1Nc1ncnc2cnc(N3CCN(C)CC3)nc12,CHEMBL3641244,5.0,5.0,1
Cc1ccc(NS(=O)(=O)CC2CC2)cc1Nc1ncnc2cnc(N3CCN(C)CC3)nc12,CHEMBL3643286,5.698970004336019,5.698970004336019,1
Cc1ccc(NS(=O)(=O)CC2CCCO2)cc1Nc1ncnc2cnc(N3CCN(C)CC3)nc12,CHEMBL3643288,5.698970004336019,5.698970004336019,1
Cc1ccc(NS(=O)(=O)CCC(C)C)cc1Nc1ncnc2cnc(N3CCN(C)CC3)nc12,CHEMBL3641245,5.0,5.0,1
Cc1ccc(NS(=O)(=O)CCC(F)(F)F)cc1Nc1ncnc2cnc(N3CCN(C)CC3)nc12,CHEMBL3643285,5.698970004336019,5.698970004336019,1
Cc1ccc(NS(=O)(=O)c2ccc3[nH]c4c(C(N)=O)nccc4c3c2)cc1,CHEMBL2047067,4.8683813356508745,4.8683813356508745,1
Cc1ccc(NS(=O)(=O)c2cccc(C(F)(F)F)c2)cc1Nc1ncnc2cnc(N3CCN(C)CC3)nc12,CHEMBL3643287,5.0,5.0,1
Cc1ccc(NS(C)(=O)=O)cc1Nc1ncnc2cnc(N3CCN(C)CC3)nc12,CHEMBL3643292,5.0,5.0,1
Cc1ccc(Nc2c(-c3ncccn3)oc3cnccc23)c2cn[nH]c12,CHEMBL1667920,8.619788758288394,8.619788758288394,1
Cc1ccc(Nc2nc3cc(Oc4ncnc5c4cnn5C)ccc3n2C)cc1,CHEMBL4169073,7.0695604052333,7.0695604052333,1
Cc1ccc(Oc2ccnc(NC(=O)C3CC3)c2)cc1NC(=O)Nc1cc(C(C)(F)F)ccc1F,CHEMBL3978687,7.568636235841012,7.568636235841012,1
Cc1ccc(Oc2ccnc(NC(=O)C3CC3)c2)cc1NC(=O)Nc1cc(C(F)(F)F)ccc1F,CHEMBL3976542,7.958607314841775,7.958607314841775,1
Cc1ccc(Oc2ccnc(NC(=O)C3CC3)c2)cc1NC(=O)Nc1cc(F)cc(C(F)(F)F)c1,CHEMBL3904994,7.537602002101044,7.537602002101044,1
Cc1ccc(Oc2ccnc(NC(=O)C3CC3)c2)cc1NC(=O)Nc1ccc(Cl)c(C(F)(F)F)c1,CHEMBL3896485,7.7447274948966935,7.7447274948966935,1
Cc1ccc(S(=O)(=O)NCCCNc2nccc(-c3[nH]c(-c4ccccc4)nc3-c3ccc(Cl)c(O)c3)n2)cc1,CHEMBL4763666,8.094743951251548,8.094743951251548,1
Cc1ccc(S(=O)(=O)NCCCNc2nccc(-c3[nH]c(-c4ccccc4)nc3-c3ccc(F)c(O)c3)n2)cc1,CHEMBL4779919,8.061480274823507,8.061480274823507,1
Cc1ccc(S(=O)(=O)NCCCNc2nccc(-c3c(-c4cccc(F)c4)nc4sccn34)n2)cc1,CHEMBL4745038,6.895269302685006,6.895269302685006,2
Cc1ccc(S(=O)(=O)NCCCNc2nccc(-c3c(-c4cccc(O)c4)nc4sccn34)n2)cc1,CHEMBL5077391,7.895242492728684,7.895242492728684,2
Cc1ccc(S(=O)(=O)NCCCNc2nccc(-c3c(-c4ccccc4)nc4sccn34)n2)cc1,CHEMBL5073098,6.676106622766476,6.676106622766476,2
Cc1ccc(S(=O)(=O)NCCCNc2nccc(-n3ccc4cccnc43)n2)cc1,CHEMBL4641994,6.0,6.0,1
Cc1ccc(S(=O)(=O)NCCNc2nccc(-c3c(-c4ccc(O)cc4)nc4sccn34)n2)cc1,CHEMBL5079845,4.8085813588491595,4.8085813588491595,2
Cc1ccc(S(=O)(=O)NCCNc2nccc(-c3c(-c4cccc(N)c4)nc4sccn34)n2)cc1,CHEMBL4762191,7.228412519118745,7.228412519118745,1
Cc1ccc(S(=O)(=O)NCCNc2nccc(-c3c(-c4cccc(O)c4)nc4sccn34)n2)cc1,CHEMBL5080054,7.226728668260934,7.226728668260934,2
Cc1ccc(S(=O)(=O)NCCNc2nccc(-c3c(-c4ccccc4)nc4sccn34)n2)cc1,CHEMBL5072570,6.6273302472261415,6.6273302472261415,2
Cc1ccc(S(=O)(=O)Nc2ccc(F)c(Nc3ncccc3-c3ncnc4[nH]cnc34)c2F)o1,CHEMBL3970384,7.823908740944319,7.823908740944319,1
Cc1ccc2c(Nc3ccc(Cl)c(CN(C)C)c3)nccc2c1NC(=O)c1csc2c(N)ncnc12,CHEMBL3982491,7.765826334793921,7.765826334793921,2
Cc1ccc2c(Nc3ccc(Cl)cc3)nccc2c1NC(=O)c1csc2c(N)ncnc12,CHEMBL3969260,7.287395974430671,7.287395974430671,2
Cc1ccc2c(Nc3ccc(Cl)cc3)nccc2c1Nc1ncccc1-c1ccncn1,CHEMBL565884,8.468521082957745,8.468521082957745,1
Cc1ccc2c(Nc3ccc(Cl)cc3)nccc2c1Nc1ncccc1-c1ncnc2[nH]cnc12,CHEMBL1197798,8.698970004336019,8.698970004336019,4
Cc1ccc2c(Nc3ccc(F)c(Cl)c3)nccc2c1NC(=O)c1csc2c(N)ncnc12,CHEMBL3915720,7.127892637592916,7.127892637592916,2
Cc1ccc2c(Nc3ccc(O)c(Cl)c3F)nccc2c1NC(=O)c1csc2c(N)ncnc12,CHEMBL5761778,6.96479633912994,6.96479633912994,2
Cc1ccc2c(Nc3ccc(OC(F)F)cc3)nccc2c1NC(=O)c1csc2c(N)ncnc12,CHEMBL3965806,7.2389083411906565,7.2389083411906565,2
Cc1ccc2c(Nc3cccc(C(F)(F)F)c3)nccc2c1C#Cc1nn(C(C)C)c2ncnc(N)c12,CHEMBL4459568,7.6777807052660805,7.6777807052660805,1
Cc1ccc2c(Nc3cccc(C(F)(F)F)c3)nccc2c1Nc1ncccc1-c1ccncn1,CHEMBL571703,7.769551078621726,7.769551078621726,1
Cc1ccc2c(Nc3cccc(Cl)c3)nccc2c1NC(=O)c1csc2c(N)ncnc12,CHEMBL3954810,7.613106777509403,7.613106777509403,2
Cc1ccc2c(Nc3cccc(Cl)c3F)nccc2c1NC(=O)c1csc2c(N)ncnc12,CHEMBL3977543,7.648784731777237,7.597003358578325,4
Cc1ccc2cc(-c3cccc(C(F)(F)F)c3)ncc2c1C#Cc1nn(C(C)C)c2ncnc(N)c12,CHEMBL4242050,6.4974097437481095,6.4974097437481095,2
Cc1ccc2cc(C(=O)Nc3cc(NC(=O)c4ccc5c(c4)OCCO5)ccc3C)ccc2n1,CHEMBL4070633,6.378375033651015,6.452820370542552,4
Cc1ccc2nc(C3C4Oc5ccc(Oc6ccnc7c6CCC(=O)N7)cc5C43)[nH]c2c1,CHEMBL3898602,8.431798275933005,8.431798275933005,3
Cc1cccc(-n2nc(C(C)(C)C)cc2NC(=O)Nc2ccc(Oc3ccnc4[nH]c(=O)cnc34)cc2F)c1,CHEMBL6036420,7.462591779677412,7.462591779677412,2
Cc1cccc(C(=O)Nc2ccc(C)c(C(=O)Nc3cccnc3)c2)c1,CHEMBL471793,7.795880017344075,7.795880017344075,1
Cc1cccc(C(=O)Nc2cccc(Nc3ccnc(NC(=O)C4CC4)c3)c2)c1,CHEMBL3800388,5.917214629683549,5.917214629683549,1
Cc1cccc(C)c1-n1c(=O)c2cnc(Nc3ccc(N4CCN(C)CC4)cc3)nc2n2c3ccccc3nc12,CHEMBL410295,6.267606240177031,6.267606240177031,1
Cc1cccc(Cl)c1NC(=O)N[C@@H]1[C@H]2Oc3ccc(Oc4ccnc5c4CCC(=O)N5)cc3[C@@H]12,CHEMBL5871821,5.292429823902063,5.292429823902063,1
Cc1cccc(Cl)c1S(=O)(=O)Nc1ccc(F)c(Nc2ncccc2-c2ncnc3[nH]cnc23)c1F,CHEMBL3920877,7.096910013008056,7.096910013008056,1
Cc1cccc(F)c1C(=O)N[C@@H]1[C@H]2Oc3ccc(Oc4ccnc5c4CCC(=O)N5)cc3[C@@H]12,CHEMBL6020779,8.1249387366083,8.1249387366083,1
Cc1cccc(N2C(=O)/C(=C\c3ccc(CN(CCC#N)S(C)(=O)=O)o3)C(=O)NC2=S)c1,CHEMBL2070587,6.301029995663981,6.301029995663981,1
Cc1cccc(N2C(=O)c3ccccc3C2(O)c2ccc3c(c2)NC(=O)CO3)c1,CHEMBL3980780,7.0,7.0,1
Cc1ccccc1-c1ccc(C(=O)N2N=C(c3cccnc3)CC2c2ccccc2O)s1,CHEMBL1779284,6.463140824826938,6.463140824826938,2
Cc1ccccc1N1C(=O)c2ccccc2C1(O)c1ccc2c(c1)NC(=O)CO2,CHEMBL3916234,6.0,6.0,1
Cc1ccccc1S(=O)(=O)Nc1ccc(F)c(Nc2ncccc2-c2ncnc3[nH]cnc23)c1F,CHEMBL3962572,7.301029995663981,7.301029995663981,1
Cc1ccncc1NC(=O)N[C@@H]1[C@H]2Oc3ccc(Oc4ccnc5c4CCC(=O)N5)cc3[C@@H]12,CHEMBL5999639,5.585026652029182,5.585026652029182,1
Cc1cn(-c2cc(C(=O)Nc3cccc(-c4cc(C(C)C)n[nH]4)c3)cc(C(F)(F)F)c2)cn1,CHEMBL4579447,5.025949097207123,5.025949097207123,1
Cc1cn(-c2cc(NC(=O)c3ccc(C)c(-c4cc(N5CCOCC5)c(=O)n(C)c4)c3)cc(C(F)(F)F)c2)cn1,CHEMBL5834834,7.9978393131086785,7.9978393131086785,2
Cc1cn(-c2cc(NC(=O)c3ccc(C)c(Nc4ncnc5c(N)nc(N6CCN(C)CC6)nc45)c3)cc(C(F)(F)F)c2)cn1,CHEMBL3694032,7.267606240177031,7.267606240177031,1
Cc1cn(-c2cc(NC(=O)c3ccc(C)c(Nc4ncnc5cnc(N6CCC(F)(F)C6)nc45)c3)cc(C(F)(F)F)c2)cn1,CHEMBL3641076,8.522878745280337,8.522878745280337,1
Cc1cn(-c2cc(NC(=O)c3ccc(C)c(Nc4ncnc5cnc(N6CC[C@H](F)C6)nc45)c3)cc(C(F)(F)F)c2)cn1,CHEMBL3641077,8.397940008672037,8.397940008672037,1
Cc1cn(-c2cc(NC(=O)c3ccc(C)c(Nc4ncnc5cnc(NC6CCOC6)nc45)c3)cc(C(F)(F)F)c2)cn1,CHEMBL3641122,9.0,9.0,1
Cc1cn(-c2ncc3ncnc(Nc4cc(C(=O)Nc5cc(C(C)(C)C)n[nH]5)ccc4C)c3n2)cn1,CHEMBL3641209,8.221848749616356,8.221848749616356,1
Cc1cn(-c2ncc3ncnc(Nc4cc(C(=O)Nc5cc(C(C)(C)C)on5)ccc4C)c3n2)cn1,CHEMBL3697909,8.698970004336019,8.698970004336019,1
Cc1cnc(-c2cc(Oc3ccc4c(c3)nc(Nc3cc(C(F)(F)F)ccc3F)n4C)ccn2)[nH]1,CHEMBL3632724,6.207608310501746,6.207608310501746,1
Cc1cnc2[nH]cc(C(=O)c3c(F)ccc(N[S+]([O-])C(C)C)c3F)c2c1,CHEMBL5269168,6.983288122256525,6.983288122256525,2
Cc1cnc2c(-c3ccc(F)c4[nH]ncc34)c(N)c(=O)[nH]c2c1C,CHEMBL6172486,7.199970640755866,7.199970640755866,1
Cc1cncc(NC(=O)c2cc(NC(=O)c3cccc(C(C)(C)C#N)c3)ccc2C)c1,CHEMBL519143,7.795880017344075,7.795880017344075,1
Cc1cncn1-c1cc(C(=O)Nc2cccc(CNc3ccc4c(C(=O)N[C@@H](C)C(N)=O)[nH]nc4c3)c2)cc(C(F)(F)F)c1,CHEMBL3764798,5.065680719215444,5.065680719215444,2
Cc1n[nH]c(C)c1S(=O)(=O)Nc1ccc(F)c(Nc2ncccc2-c2ncnc3[nH]cnc23)c1F,CHEMBL3800378,6.665546248849069,6.665546248849069,1
Cc1n[nH]c2ncc(C#Cc3c(F)ccc(NS(=O)(=O)c4cccnc4)c3F)cc12,CHEMBL3582393,7.6020599913279625,7.6020599913279625,1
Cc1nc(-c2ccc(C(=O)N3N=C(c4cccnc4)CC3c3ccccc3O)s2)cs1,CHEMBL1779285,7.416341332625912,7.416341332625912,2
Cc1nc(-c2cccc(NC(=O)c3ccc(C)c(-c4cc(N5CCOCC5)c(=O)n(C)c4)c3)c2)no1,CHEMBL6047585,7.555966443296281,7.555966443296281,2
Cc1nc(-c2ccccc2)sc1C(=O)N1N=C(c2cccnc2)CC1c1ccccc1O,CHEMBL1782342,6.6537087188625454,6.6537087188625454,2
Cc1nc(-c2cccnc2)sc1C(=O)N1N=C(c2cccnc2)CC1c1ccccc1O,CHEMBL1782343,7.059193563760825,7.059193563760825,2
Cc1nc(-c2cnccn2)sc1C(=O)N1N=C(c2cccnc2)CC1c1ccccc1O,CHEMBL1782344,7.167914147319035,7.167914147319035,2
Cc1nc(C(=O)Nc2cnc(C)c(-c3cc(N4CCOCC4)c(=O)n(C)c3)c2)c(C)o1,CHEMBL5937027,5.552841968657781,5.552841968657781,4
Cc1nc(C)c(S(=O)(=O)Nc2ccc(F)c(Nc3ncccc3-c3ncnc4[nH]cnc34)c2F)s1,CHEMBL3926427,6.795880017344075,6.795880017344075,1
Cc1nc(NCC#N)nc(-n2c(Nc3cccc(O)c3)nc3ccccc32)n1,CHEMBL1762782,5.920818753952375,5.920818753952375,1
Cc1nc(Nc2cccc(NC(=O)Nc3ccc(Cl)c(C(F)(F)F)c3)c2)cc(N2CCOCC2)n1,CHEMBL5269846,6.707371182371269,6.707371182371269,2
Cc1nc2c(F)cc(-c3nc(Nc4ccc5c(n4)CCN(CCN(C)C)C5)ncc3F)cc2n1C(C)C,CHEMBL4448494,5.081235968972001,5.081235968972001,1
Cc1nc2c(Oc3ccc(NC(=O)Nc4cc(C(C)(C)C)nn4-c4ccccc4)c4ccccc34)ccnc2[nH]c1=O,CHEMBL1214132,7.635417605153615,7.635417605153615,2
Cc1nc2c(Oc3ccc(NC(=O)Nc4cc(C(F)(F)F)ccc4F)c(F)c3)ccnc2[nH]c1=O,CHEMBL1214614,7.376013366819096,7.376013366819096,2
Cc1nc2c(Oc3ccc(NC(=O)Nc4cc(C(F)(F)F)ccc4F)c4ccccc34)ccnc2[nH]c1=O,CHEMBL1214058,7.802774159586892,7.802774159586892,2
Cc1nc2c(Oc3cccc(NC(=O)c4cccc(C(C)(C)C)c4)c3)ccnc2[nH]c1=O,CHEMBL1214619,6.922331981267469,6.922331981267469,2
Cc1nc2ccc(S(=O)(=O)Nc3ccc(F)c(Nc4ncccc4-c4ncnc5[nH]cnc45)c3F)cc2s1,CHEMBL3893840,6.3979400086720375,6.3979400086720375,1
Cc1nc2cnccn2c1Nc1ccc(Cl)cc1,CHEMBL1668904,5.920818753952375,5.920818753952375,1
Cc1nc2nccc(Oc3ccc(NC(=O)Nc4cc(C(C)(C)C)nn4-c4ccccc4)c(F)c3)c2[nH]c1=O,CHEMBL1214198,5.739758233629604,5.739758233629604,2
Cc1nc2nccc(Oc3ccc(NC(=O)Nc4cc(C(C)(C)C)nn4-c4ccccc4)c4ccccc34)c2[nH]c1=O,CHEMBL1214381,6.186829816312478,6.186829816312478,2
Cc1nc2nccc(Oc3ccc(NC(=O)Nc4cc(C(F)(F)F)ccc4F)c(F)c3)c2[nH]c1=O,CHEMBL1214615,5.643675149186395,5.643675149186395,2
Cc1nc2nccc(Oc3ccc(NC(=O)Nc4cc(C(F)(F)F)ccc4F)c4ccccc34)c2[nH]c1=O,CHEMBL1214326,6.217548663735397,6.217548663735397,2
Cc1ncc(C(=O)Nc2cccc(C(C)(C)C#N)c2)cc1-c1cc(N2CCOCC2)c(=O)n(C)c1,CHEMBL6053803,7.347754736113256,7.347754736113256,2
Cc1ncc(C(=O)Nc2cccc(C(C)(C)O)c2)cc1-c1cc(N2CCOCC2)c(=O)n(C)c1,CHEMBL5827013,7.0,7.0,2
Cc1ncc(C(=O)Nc2cccc(C(F)(F)F)c2)cc1-c1cc(N2CCOCC2)c(=O)n(C)c1,CHEMBL5991087,8.207608310501746,8.207608310501746,2
Cc1ncc(C(=O)Nc2cccc(C(F)(F)F)c2)cc1-c1cc(N2CCOCC2=O)nc(N2CCOCC2)n1,CHEMBL5977430,8.522878745280337,8.522878745280337,2
Cc1ncc(C(=O)Nc2cccc(C(F)F)c2)cc1-c1cc(N2CCOCC2)c(=O)n(C)c1,CHEMBL5818028,7.920818753952375,7.920818753952375,2
Cc1ncc(N(C)C(=O)c2cccc(C(F)(F)F)c2)cc1-c1cnc(OC2CCOCC2)c(N2CCOCC2)c1,CHEMBL5845607,7.206211860409661,7.206211860409661,2
Cc1ncc(NC(=O)c2cc(C(C)(C)C#N)ccn2)cc1-c1cccc(C2(C)COC2)c1,CHEMBL5864885,5.111483538925055,5.111483538925055,1
Cc1ncc(NC(=O)c2cc(C(C)(C)C#N)ccn2)cc1-c1cnc(OC(C)C)c(N2CCOCC2)c1,CHEMBL6016487,8.038578905933552,8.038578905933552,2
Cc1ncc(NC(=O)c2cc(C(C)(C)C#N)ccn2)cc1-c1cnc(OC(F)F)c(N2CCOCC2)c1,CHEMBL5835067,8.116338564846382,8.116338564846382,2
Cc1ncc(NC(=O)c2cc(C(C)(C)C#N)ccn2)cc1-c1cnc(OC2CC3(COC3)C2)c(N2CCOCC2)c1,CHEMBL5747190,8.056011124926227,8.056011124926227,2
Cc1ncc(NC(=O)c2cc(C(C)(C)C#N)ccn2)cc1-c1cnc(OC2CCOCC2)c(N2CCOCC2)c1,CHEMBL5916546,8.021819483062586,8.021819483062586,2
Cc1ncc(NC(=O)c2cc(C(C)(C)C#N)ccn2)cc1-c1cnc(OCCO)c(N2CCOCC2)c1,CHEMBL5775767,7.798611465194826,7.798611465194826,2
Cc1ncc(NC(=O)c2cc(C(C)(C)F)ccn2)cc1-c1cnc(OC(C)C)c(N2CCOCC2)c1,CHEMBL5770542,8.20551195334083,8.20551195334083,2
Cc1ncc(NC(=O)c2cc(C(C)(C)F)ccn2)cc1-c1cnc(OC2CC3(COC3)C2)c(N2CCOCC2)c1,CHEMBL5951345,8.429457060118102,8.429457060118102,2
Cc1ncc(NC(=O)c2cc(C(C)(C)F)ccn2)cc1-c1cnc(OCCO)c(N2CCOCC2)c1,CHEMBL5751830,8.082494490447454,8.082494490447454,2
Cc1ncc(NC(=O)c2cc(C(C)(C)O)ccn2)cc1-c1cnc(OC(C)C)c(N2CCOCC2)c1,CHEMBL5796061,7.716722334558472,7.716722334558472,2
Cc1ncc(NC(=O)c2cc(C(C)(C)O)ccn2)cc1-c1cnc(OC2CC3(COC3)C2)c(N2CCOCC2)c1,CHEMBL6052408,7.7447274948966935,7.7447274948966935,2
Cc1ncc(NC(=O)c2cc(C(C)(C)O)ccn2)cc1-c1cnc(OCCO)c(N2CCOCC2)c1,CHEMBL5842893,7.431798275933005,7.431798275933005,2
Cc1ncc(NC(=O)c2cc(C(C)(F)F)ccn2)cc1-c1cnc(OC(C)C)c(N2CCOCC2)c1,CHEMBL5985598,8.531652669587842,8.531652669587842,2
Cc1ncc(NC(=O)c2cc(C(C)(F)F)ccn2)cc1-c1cnc(OCCO)c(N2CCOCC2)c1,CHEMBL5756318,8.555955204081924,8.555955204081924,2
Cc1ncc(NC(=O)c2cc(C(C)C)on2)cc1-c1cc(N2CCOCC2)c(=O)n(C)c1,CHEMBL5909049,8.229147988357855,8.229147988357855,2
Cc1ncc(NC(=O)c2cc(C(F)(F)F)cc(S(C)(=O)=O)c2)cc1-c1ccnc(N2CCOCC2)c1,CHEMBL3891700,8.316052869248487,8.316052869248487,1
Cc1ncc(NC(=O)c2cc(C(F)(F)F)ccn2)cc1-c1cc(N2CCOCC2)c(OC2CCOCC2)nn1,CHEMBL5862061,8.920818753952375,8.920818753952375,2
Cc1ncc(NC(=O)c2cc(C(F)(F)F)ccn2)cc1-c1cc(N2CCOCC2)c(OCC(F)F)nn1,CHEMBL5803168,8.882728704344236,8.882728704344236,2
Cc1ncc(NC(=O)c2cc(C(F)(F)F)ccn2)cc1-c1cc(N2CCOCC2)c(S(C)(=O)=O)nn1,CHEMBL5926333,8.262807357295262,8.262807357295262,2
Cc1ncc(NC(=O)c2cc(C(F)(F)F)ccn2)cc1-c1cc(N2CCOCC2)c2nccn2c1,CHEMBL5830619,8.619788758288394,8.619788758288394,2
Cc1ncc(NC(=O)c2cc(C(F)(F)F)ccn2)cc1-c1cc(N2CCOCC2)c2nccn2n1,CHEMBL5984395,8.886056647693163,8.886056647693163,2
Cc1ncc(NC(=O)c2cc(C(F)(F)F)ccn2)cc1-c1cc(N2CCOCC2)n2nccc2n1,CHEMBL5814264,8.853871964321762,8.853871964321762,2
Cc1ncc(NC(=O)c2cc(C(F)(F)F)ccn2)cc1-c1cnc(OC2CCOCC2)c(N2CCOCC2)c1,CHEMBL5753603,8.66354026615147,8.66354026615147,2
Cc1ncc(NC(=O)c2cc(C(F)(F)F)ccn2)cc1-c1cnc(OCCO)c(N2CCOCC2)c1,CHEMBL5768968,8.494850021680094,8.494850021680094,2
Cc1ncc(NC(=O)c2cc(C(F)(F)F)nn2C)cc1-c1cc(N2CCOCC2)c(=O)n(C)c1,CHEMBL6012084,6.045757490560675,6.045757490560675,2
Cc1ncc(NC(=O)c2cc(C3CC3)nn2C)cc1-c1cc(N2CCOCC2)c(=O)n(C)c1,CHEMBL6020899,6.698970004336019,6.698970004336019,2
Cc1ncc(NC(=O)c2cc(C3CC3)nn2C)cc1-c1cc2[nH]cnc2c(N2CCOCC2)n1,CHEMBL5956466,7.739954835943578,7.739954835943578,2
Cc1ncc(NC(=O)c2cc(C3CC3)on2)cc1-c1cc(N2CCOCC2)c(=O)n(C)c1,CHEMBL5986229,7.894573317342553,7.894573317342553,2
Cc1ncc(NC(=O)c2cc(C3CC3)on2)cc1-c1cc(N2CCOCC2)nc(N2CC(O)C2)c1,CHEMBL6002612,8.181774106386044,8.181774106386044,2
Cc1ncc(NC(=O)c2cc(C3CC3)on2)cc1-c1cc2[nH]cnc2c(N2CCOCC2)n1,CHEMBL5949500,8.853871964321762,8.853871964321762,2
Cc1ncc(NC(=O)c2cc(CN(C)C)cc(C(F)(F)F)c2)cc1-c1cc(N2CCOCC2)c(=O)n(C)c1,CHEMBL5985086,7.0,7.0,2
Cc1ncc(NC(=O)c2cc(CN(C)C)cc(C(F)(F)F)c2)cc1-c1cc(N2CCOCC2)nc(N2CC(O)C2)c1,CHEMBL6012383,6.96657624451305,6.96657624451305,2
Cc1ncc(NC(=O)c2cc(CN(C)C)cc(C(F)(F)F)c2)cc1-c1ccc(C#N)c(N2CCOCC2)c1,CHEMBL5862852,7.673683465958445,7.673683465958445,2
Cc1ncc(NC(=O)c2cc(CN(C)C)cc(C(F)(F)F)c2)cc1-c1cnc(C#N)c(N2CCOCC2)c1,CHEMBL5870157,7.434752705738266,7.434752705738266,2
Cc1ncc(NC(=O)c2cc(CN(C)C)cc(C(F)(F)F)c2)cc1-c1cnc(N(C)C)c(N2CCOCC2)c1,CHEMBL5875587,8.619788758288394,8.619788758288394,2
Cc1ncc(NC(=O)c2ccc(C#N)c(C(F)(F)F)c2)cc1-c1cc(N2CCOCC2)c2nccn2c1,CHEMBL5884449,8.187086643357144,8.187086643357144,1
Cc1ncc(NC(=O)c2ccc(C#N)c(C(F)(F)F)c2)cc1-c1cc(N2CCOCC2)c2nccn2n1,CHEMBL5863327,8.187086643357144,8.187086643357144,1
Cc1ncc(NC(=O)c2ccc(C(O)CO)c(C(F)(F)F)c2)cc1-c1cc(N2CCOCC2)c2nccn2n1,CHEMBL5936678,8.55284196865778,8.55284196865778,2
Cc1ncc(NC(=O)c2ccc(CBr)c(C(F)(F)F)c2)cc1-c1cc(N2CCOCC2)c2nccn2c1,CHEMBL5782881,7.915456821256488,7.915456821256488,2
Cc1ncc(NC(=O)c2ccc(CBr)c(C(F)(F)F)c2)cc1-c1cc(N2CCOCC2)c2nccn2n1,CHEMBL6006305,8.18045606445813,8.18045606445813,2
Cc1ncc(NC(=O)c2ccc(F)c(OC(C)C)c2)cc1-c1cc(N2CCOCC2)c(=O)n(C)c1,CHEMBL5836577,7.962591779677412,7.962591779677412,2
Cc1ncc(NC(=O)c2cccc(-c3nnco3)c2)cc1-c1cc(N2CCOCC2)nc(N2CC(O)C2)c1,CHEMBL5758231,7.456553264345272,7.456553264345272,2
Cc1ncc(NC(=O)c2cccc(-c3nnco3)c2)cc1-c1cc2[nH]cnc2c(N2CCOCC2)n1,CHEMBL5773125,8.113509274827518,8.113509274827518,2
Cc1ncc(NC(=O)c2cccc(C(C)(C)C#N)c2)cc1-c1cc(N2CCOCC2)c(=O)n(C)c1,CHEMBL5984164,7.1931424989736295,7.1931424989736295,2
Cc1ncc(NC(=O)c2cccc(C(C)(C)S(C)(=O)=O)c2)cc1-c1cc(N2CCOCC2)n(C)c(=O)c1,CHEMBL5864175,7.222573782813972,7.222573782813972,2
Cc1ncc(NC(=O)c2cccc(C(C)(C)S(C)(=O)=O)c2)cc1-c1cc(N2CCOCC2)nc(N2CC(O)C2)c1,CHEMBL5976582,5.952725132615821,5.952725132615821,2
Cc1ncc(NC(=O)c2cccc(C(C)(F)F)c2)cc1-c1cc(N2CCOCC2)c(=O)n(C)c1,CHEMBL5906526,8.337242168318426,8.337242168318426,2
Cc1ncc(NC(=O)c2cccc(C(C)(F)F)c2)cc1-c1ccnc(N2CCOCC2)c1,CHEMBL3951813,8.66094626429086,8.659837583087448,5
Cc1ncc(NC(=O)c2cccc(C(F)(F)F)c2)cc1-c1c[nH]c(=O)c(N2CCOCC2)n1,CHEMBL3960378,8.351542405717478,8.349679471240986,5
Cc1ncc(NC(=O)c2cccc(C(F)(F)F)c2)cc1-c1cc(C2(F)COC2)c(=O)n(CCCO)c1,CHEMBL6061723,4.167906420261361,4.167906420261361,1
Cc1ncc(NC(=O)c2cccc(C(F)(F)F)c2)cc1-c1cc(N2CCNCC2)nc(N2CCOCC2)c1,CHEMBL5758700,8.33348201944512,8.33348201944512,2
Cc1ncc(NC(=O)c2cccc(C(F)(F)F)c2)cc1-c1cc(N2CCOC(c3ncc[nH]3)C2)c2nccn2n1,CHEMBL5931564,5.853871964321762,5.853871964321762,2
Cc1ncc(NC(=O)c2cccc(C(F)(F)F)c2)cc1-c1cc(N2CCOCC2)c(=O)n(C(C)C)c1,CHEMBL3970403,7.539102157243452,7.5385622259582785,5
Cc1ncc(NC(=O)c2cccc(C(F)(F)F)c2)cc1-c1cc(N2CCOCC2)c(=O)n(C)c1,CHEMBL3986273,8.506960411682348,8.435448783551447,5
Cc1ncc(NC(=O)c2cccc(C(F)(F)F)c2)cc1-c1cc(N2CCOCC2)c(=O)n(C)n1,CHEMBL3968234,8.161150909262744,8.160316566804084,7
Cc1ncc(NC(=O)c2cccc(C(F)(F)F)c2)cc1-c1cc(N2CCOCC2)c(=O)n(C2CCOCC2)c1,CHEMBL3917231,8.238824186844269,8.237923314681387,5
Cc1ncc(NC(=O)c2cccc(C(F)(F)F)c2)cc1-c1cc(N2CCOCC2)c(=O)n(CCC#N)c1,CHEMBL5855296,7.950851231752651,7.950851231752651,2
Cc1ncc(NC(=O)c2cccc(C(F)(F)F)c2)cc1-c1cc(N2CCOCC2)c(=O)n(CCO)c1,CHEMBL3897441,7.856985199745905,7.856052910946974,5
Cc1ncc(NC(=O)c2cccc(C(F)(F)F)c2)cc1-c1cc(N2CCOCC2)c(=O)n(CCS(C)(=O)=O)c1,CHEMBL3981967,7.698970004336019,7.701463340318854,5
Cc1ncc(NC(=O)c2cccc(C(F)(F)F)c2)cc1-c1cc(N2CCOCC2)c(OC2CCOCC2)nn1,CHEMBL4461296,8.886056647693163,8.886056647693163,2
Cc1ncc(NC(=O)c2cccc(C(F)(F)F)c2)cc1-c1cc(N2CCOCC2)c(OCC(F)F)nn1,CHEMBL5969582,8.931814138253838,8.931814138253838,2
Cc1ncc(NC(=O)c2cccc(C(F)(F)F)c2)cc1-c1cc(N2CCOCC2)c(S(C)(=O)=O)nn1,CHEMBL5753861,8.386158178123932,8.386158178123932,2
Cc1ncc(NC(=O)c2cccc(C(F)(F)F)c2)cc1-c1cc(N2CCOCC2)c2nccn2c1,CHEMBL5781792,8.237542426230068,8.23590148385447,4
Cc1ncc(NC(=O)c2cccc(C(F)(F)F)c2)cc1-c1cc(N2CCOCC2)c2nccn2n1,CHEMBL6000493,8.853871964321762,8.853871964321762,2
Cc1ncc(NC(=O)c2cccc(C(F)(F)F)c2)cc1-c1cc(N2CCOCC2)cn(C)c1=O,CHEMBL3927611,7.082494490447454,7.081896971702998,5
Cc1ncc(NC(=O)c2cccc(C(F)(F)F)c2)cc1-c1cc(N2CCOCC2)cnn1,CHEMBL3921105,8.15676722190199,8.148781050688171,5
Cc1ncc(NC(=O)c2cccc(C(F)(F)F)c2)cc1-c1cc(N2CCOCC2)n(C)c(=O)c1,CHEMBL3929643,8.114073660198569,8.166094253850144,5
Cc1ncc(NC(=O)c2cccc(C(F)(F)F)c2)cc1-c1cc(N2CCOCC2)n2nccc2n1,CHEMBL5753397,8.886056647693163,8.886056647693163,2
Cc1ncc(NC(=O)c2cccc(C(F)(F)F)c2)cc1-c1cc(N2CCOCC2)nc(C(C)(C)O)n1,CHEMBL6042800,6.698970004336019,6.698970004336019,2
Cc1ncc(NC(=O)c2cccc(C(F)(F)F)c2)cc1-c1cc(N2CCOCC2)nc(N(C)C)n1,CHEMBL5812967,7.952764435679177,7.952764435679177,2
Cc1ncc(NC(=O)c2cccc(C(F)(F)F)c2)cc1-c1cc(N2CCOCC2)nc(N2C(=O)OC[C@@H]2C)n1,CHEMBL6032883,7.962591779677412,7.962591779677412,2
Cc1ncc(NC(=O)c2cccc(C(F)(F)F)c2)cc1-c1cc(N2CCOCC2)nc(N2CC(O)C2)c1,CHEMBL5854716,8.415668775632469,8.415668775632469,2
Cc1ncc(NC(=O)c2cccc(C(F)(F)F)c2)cc1-c1cc(N2CCOCC2)nc(N2CC(O)C2)n1,CHEMBL5809277,7.9566421680275585,7.9566421680275585,2
Cc1ncc(NC(=O)c2cccc(C(F)(F)F)c2)cc1-c1cc(N2CCOCC2)nc(N2CCC(O)C2)c1,CHEMBL5819462,8.630784142589857,8.630784142589857,2
Cc1ncc(NC(=O)c2cccc(C(F)(F)F)c2)cc1-c1cc(N2CCOCC2)nc(N2CCNCC2)n1,CHEMBL6034202,7.698970004336019,7.698970004336019,2
Cc1ncc(NC(=O)c2cccc(C(F)(F)F)c2)cc1-c1cc(N2CCOCC2)nc(N2CCOCC2)c1,CHEMBL3942721,9.200659450546418,9.208584558642873,5
Cc1ncc(NC(=O)c2cccc(C(F)(F)F)c2)cc1-c1cc(N2CCOCC2)nc(N2CCOCC2)n1,CHEMBL3953527,8.739928612014925,8.741848165167633,5
Cc1ncc(NC(=O)c2cccc(C(F)(F)F)c2)cc1-c1cc(N2CCOCC2)nc(NC(C)(C)CO)n1,CHEMBL5836112,8.744727494896694,8.744727494896694,2
Cc1ncc(NC(=O)c2cccc(C(F)(F)F)c2)cc1-c1cc(N2CCOCC2)nc(NC2CNC2)n1,CHEMBL6014051,8.259637310505756,8.259637310505756,2
Cc1ncc(NC(=O)c2cccc(C(F)(F)F)c2)cc1-c1cc(N2CCOCC2)nc(NCCO)n1,CHEMBL5899663,8.366531544420413,8.366531544420413,2
Cc1ncc(NC(=O)c2cccc(C(F)(F)F)c2)cc1-c1cc(N2CCOCC2)nc(NC[C@H](C)O)n1,CHEMBL5872065,8.67778070526608,8.67778070526608,2
Cc1ncc(NC(=O)c2cccc(C(F)(F)F)c2)cc1-c1cc(N2CCOCC2)nc(N[C@@H](C)CO)n1,CHEMBL5910775,8.443697499232712,8.443697499232712,2
Cc1ncc(NC(=O)c2cccc(C(F)(F)F)c2)cc1-c1cc(N2CCOCC2)nc(N[C@H](C)CO)n1,CHEMBL6052190,8.721246399047171,8.721246399047171,2
Cc1ncc(NC(=O)c2cccc(C(F)(F)F)c2)cc1-c1cc(N2CCOCC2)nc(OC2CNC2)n1,CHEMBL5880406,4.6020599913279625,4.6020599913279625,2
Cc1ncc(NC(=O)c2cccc(C(F)(F)F)c2)cc1-c1cc(N2CCOCC2)nc(OCCO)n1,CHEMBL3900045,8.732124580681102,8.732124580681102,1
Cc1ncc(NC(=O)c2cccc(C(F)(F)F)c2)cc1-c1cc(N2CCOCC2=O)nc(N2CCOCC2)n1,CHEMBL3977439,8.522878745280337,8.523071893844415,3
Cc1ncc(NC(=O)c2cccc(C(F)(F)F)c2)cc1-c1ccc(C#N)c(N2CCOCC2)c1,CHEMBL5898784,8.537602002101044,8.537602002101044,2
Cc1ncc(NC(=O)c2cccc(C(F)(F)F)c2)cc1-c1ccc(S(C)(=O)=O)c(N2CCOCC2)c1,CHEMBL5945061,9.096910013008056,9.096910013008056,2
Cc1ncc(NC(=O)c2cccc(C(F)(F)F)c2)cc1-c1cccc(C2COC2)c1,CHEMBL5798189,5.438842180087298,5.438842180087298,2
Cc1ncc(NC(=O)c2cccc(C(F)(F)F)c2)cc1-c1ccnc(N2CCOCC2)c1,CHEMBL3928581,8.906578314837764,8.91220447121631,5
Cc1ncc(NC(=O)c2cccc(C(F)(F)F)c2)cc1-c1ccnc(N2CCOCC2=O)c1,CHEMBL5807767,7.366531544420414,7.366531544420414,2
Cc1ncc(NC(=O)c2cccc(C(F)(F)F)c2)cc1-c1ccnc(N2CCO[C@H](CNC(=O)CO)C2)c1,CHEMBL4110211,7.91721462968355,7.907572001902471,5
Cc1ncc(NC(=O)c2cccc(C(F)(F)F)c2)cc1-c1cnc(C#N)c(N2CCOCC2)c1,CHEMBL5758836,8.42021640338319,8.42021640338319,2
Cc1ncc(NC(=O)c2cccc(C(F)(F)F)c2)cc1-c1cnc(C(C)(C)C#N)c(N2CCOCC2)c1,CHEMBL5842679,8.431798275933005,8.431798275933005,1
Cc1ncc(NC(=O)c2cccc(C(F)(F)F)c2)cc1-c1cnc(C=C2CCOCC2)c(N2CCOCC2)c1,CHEMBL6049278,8.714442690992227,8.714442690992227,2
Cc1ncc(NC(=O)c2cccc(C(F)(F)F)c2)cc1-c1cnc(CC2(O)CCOCC2)c(N2CCOCC2)c1,CHEMBL5991446,8.015022873584506,8.015022873584506,2
Cc1ncc(NC(=O)c2cccc(C(F)(F)F)c2)cc1-c1cnc(CS(C)(=O)=O)c(N2CCOCC2)c1,CHEMBL5747286,8.4089353929735,8.4089353929735,1
Cc1ncc(NC(=O)c2cccc(C(F)(F)F)c2)cc1-c1cnc(N(C)C)c(N2CCOCC2)c1,CHEMBL5829780,9.221848749616356,9.221848749616356,2
Cc1ncc(NC(=O)c2cccc(C(F)(F)F)c2)cc1-c1cnc(N(C)CCO)c(N2CCOCC2)c1,CHEMBL5897499,9.080921907623926,9.080921907623926,2
Cc1ncc(NC(=O)c2cccc(C(F)(F)F)c2)cc1-c1cnc(O)c(N2CCOCC2)c1,CHEMBL4593446,8.234331445240986,8.234331445240986,2
Cc1ncc(NC(=O)c2cccc(C(F)(F)F)c2)cc1-c1cnc(OC(C)C)c(N2CCOCC2)c1,CHEMBL3902816,8.438898616350944,8.511254673125924,5
Cc1ncc(NC(=O)c2cccc(C(F)(F)F)c2)cc1-c1cnc(OC(F)F)c(N2CCOCC2)c1,CHEMBL6063584,8.568636235841012,8.568636235841012,2
Cc1ncc(NC(=O)c2cccc(C(F)(F)F)c2)cc1-c1cnc(OC2CC3(COC3)C2)c(N2CCOCC2)c1,CHEMBL5764803,8.958607314841775,8.958607314841775,2
Cc1ncc(NC(=O)c2cccc(C(F)(F)F)c2)cc1-c1cnc(OC2CCCC(O)C2)c(N2CCOCC2)c1,CHEMBL5892881,8.769551078621726,8.769551078621726,2
Cc1ncc(NC(=O)c2cccc(C(F)(F)F)c2)cc1-c1cnc(OC2CCOCC2)c(C2(O)COC2)c1,CHEMBL5761966,5.409604052815987,5.409604052815987,1
Cc1ncc(NC(=O)c2cccc(C(F)(F)F)c2)cc1-c1cnc(OC2CCOCC2)c(N2CCOCC2)c1,CHEMBL3962812,9.316052869248487,9.139709916597802,6
Cc1ncc(NC(=O)c2cccc(C(F)(F)F)c2)cc1-c1cnc(OC2CCOCC2)c(N2CCOCC2=O)c1,CHEMBL6001249,8.036212172654444,8.036212172654444,2
Cc1ncc(NC(=O)c2cccc(C(F)(F)F)c2)cc1-c1cnc(OC2CCOCC2F)c(N2CCOCC2)c1,CHEMBL5873263,9.036212172654444,9.036212172654444,2
Cc1ncc(NC(=O)c2cccc(C(F)(F)F)c2)cc1-c1cnc(OC2CCS(=O)(=O)CC2)c(N2CCOCC2)c1,CHEMBL5809947,8.79860287567955,8.79860287567955,2
Cc1ncc(NC(=O)c2cccc(C(F)(F)F)c2)cc1-c1cnc(OC2CN(C)C2)c(N2CCOCC2)c1,CHEMBL5930379,7.603804155250874,7.603804155250874,2
Cc1ncc(NC(=O)c2cccc(C(F)(F)F)c2)cc1-c1cnc(OC2CNC2)c(N2CCOCC2)c1,CHEMBL5903336,6.522878745280337,6.522878745280337,1
Cc1ncc(NC(=O)c2cccc(C(F)(F)F)c2)cc1-c1cnc(OC2COC2)c(N2CCOCC2)c1,CHEMBL5993855,9.096910013008056,9.096910013008056,2
Cc1ncc(NC(=O)c2cccc(C(F)(F)F)c2)cc1-c1cnc(OCC(F)F)c(N2CCOCC2)c1,CHEMBL5743945,8.744727494896694,8.744727494896694,2
Cc1ncc(NC(=O)c2cccc(C(F)(F)F)c2)cc1-c1cnc(OCC2COCCO2)c(N2CCOCC2)c1,CHEMBL5780303,8.787812395596042,8.787812395596042,2
Cc1ncc(NC(=O)c2cccc(C(F)(F)F)c2)cc1-c1cnc(OCCO)c(C2(F)COC2)c1,CHEMBL6035687,5.732593581247096,5.732593581247096,1
Cc1ncc(NC(=O)c2cccc(C(F)(F)F)c2)cc1-c1cnc(OCCO)c(C2(O)COC2)c1,CHEMBL5879108,4.921108380159777,4.921108380159777,1
Cc1ncc(NC(=O)c2cccc(C(F)(F)F)c2)cc1-c1cnc(OCCO)c(N2CCOCC2)c1,CHEMBL3984244,8.421819390372223,8.46205969219935,5
Cc1ncc(NC(=O)c2cccc(C(F)(F)F)c2)cc1-c1cnc(OCCOCCO)c(N2CCOCC2)c1,CHEMBL5865729,8.681936665037238,8.681936665037238,2
Cc1ncc(NC(=O)c2cccc(C(F)(F)F)c2)cc1-c1cnc(OC[C@@H](C)O)c(N2CCOCC2)c1,CHEMBL6028862,8.642065152999546,8.642065152999546,2
Cc1ncc(NC(=O)c2cccc(C(F)(F)F)c2)cc1-c1cnc(O[C@@H](C)CO)c(N2CCOCC2)c1,CHEMBL5852647,8.69680394257951,8.69680394257951,2
Cc1ncc(NC(=O)c2cccc(C(F)(F)F)c2)cc1-c1cnc(O[C@@H]2CCOC2)c(N2CCOCC2)c1,CHEMBL5935394,8.619788758288394,8.619788758288394,2
Cc1ncc(NC(=O)c2cccc(C(F)(F)F)c2)cc1-c1cnc(O[C@H]2CCOC2)c(N2CCOCC2)c1,CHEMBL5806910,8.744727494896694,8.744727494896694,2
Cc1ncc(NC(=O)c2cccc(C(F)(F)F)c2)cc1-c1cnc(O[C@H]2CCOC[C@H]2F)c(N2CCOCC2)c1,CHEMBL4437227,8.485452247339714,8.485452247339714,2
Cc1ncc(NC(=O)c2cccc(C(F)(F)F)c2)cc1-c1cnc(O[C@H]2CC[C@@H](O)CC2)c(N2CCOCC2)c1,CHEMBL5960126,8.508638306165727,8.508638306165727,1
Cc1ncc(NC(=O)c2cccc(C(F)(F)F)c2)cc1-c1cnc(O[C@H]2CC[C@H](O)C2)c(N2CCOCC2)c1,CHEMBL5832010,8.701152407037243,8.701152407037243,2
Cc1ncc(NC(=O)c2cccc(C(F)(F)F)c2)cc1-c1cnnc(N2CCOCC2)c1,CHEMBL3925869,8.059483515067432,8.056083591064786,5
Cc1ncc(NC(=O)c2cccc(C(F)(F)F)c2)cc1-c1nc2c(c(N3CCOCC3)n1)CS(=O)(=O)C2,CHEMBL5794023,8.119186407719209,8.119186407719209,2
Cc1ncc(NC(=O)c2cccc(C(F)F)c2)cc1-c1cc(N2CCOCC2)c(=O)n(C)c1,CHEMBL5839048,8.443697499232712,8.443697499232712,2
Cc1ncc(NC(=O)c2cccc(C(F)F)c2)cc1-c1cc(N2CCOCC2)c(=O)n(C)n1,CHEMBL5898867,8.508638306165727,8.508638306165727,2
Cc1ncc(NC(=O)c2cccc(C(F)F)c2)cc1-c1cc(N2CCOCC2)c2nccn2c1,CHEMBL5772875,8.494850021680094,8.494850021680094,1
Cc1ncc(NC(=O)c2cccc(C(F)F)c2)cc1-c1cc(N2CCOCC2)c2nccn2n1,CHEMBL5746616,8.494850021680094,8.494850021680094,1
Cc1ncc(NC(=O)c2cccc(C(F)F)c2)cc1-c1cc(N2CCOCC2)n(C)c(=O)c1,CHEMBL6025456,8.744727494896694,8.744727494896694,2
Cc1ncc(NC(=O)c2cccc(C(F)F)c2)cc1-c1cc(N2CCOCC2)n2nccc2n1,CHEMBL5816685,9.096910013008056,9.096910013008056,2
Cc1ncc(NC(=O)c2cccc(C(F)F)c2)cc1-c1cc(N2CCOCC2)nc(N2CC(O)C2)c1,CHEMBL6059638,8.33348201944512,8.33348201944512,2
Cc1ncc(NC(=O)c2cccc(C(F)F)c2)cc1-c1cc(N2CCOCC2)nc(N2CC(O)C2)n1,CHEMBL5754973,8.275724130399212,8.275724130399212,2
Cc1ncc(NC(=O)c2cccc(C(F)F)c2)cc1-c1cc(N2CCOCC2)nc(N2CCOCC2)c1,CHEMBL5856785,8.714442690992227,8.714442690992227,2
Cc1ncc(NC(=O)c2cccc(C(F)F)c2)cc1-c1cc(NCCO)nc(N2CCOCC2)c1,CHEMBL5791702,8.543633966870956,8.543633966870956,2
Cc1ncc(NC(=O)c2cccc(C(F)F)c2)cc1-c1ccnc(N2CCOCC2)c1,CHEMBL3960515,8.931814138253838,8.927415984533251,5
Cc1ncc(NC(=O)c2cccc(C(O)C(F)(F)F)c2)cc1-c1cnc(OC2CCOCC2)c(N2CCOCC2)c1,CHEMBL6038708,8.375717904164333,8.375717904164333,2
Cc1ncc(NC(=O)c2cccc(C3(C#N)CC3)c2Cl)cc1-c1cc(N2CCOCC2)c(=O)n(C)c1,CHEMBL5885287,7.207608310501746,7.207608310501746,2
Cc1ncc(NC(=O)c2cccc(OC(C)C)c2)cc1-c1cc(N2CCOCC2)c(=O)n(C)c1,CHEMBL5963965,8.075720713938118,8.075720713938118,2
Cc1ncc(NC(=O)c2cccc(S(C)(=O)=O)c2)cc1-c1cc(N2CCOCC2)c2nc[nH]c2c1,CHEMBL5877225,8.568636235841012,8.568636235841012,2
Cc1ncc(NC(=O)c2cccc(S(C)(=O)=O)c2)cc1-c1cc(N2CCOCC2)n(C)c(=O)c1,CHEMBL5833648,7.765752487746465,7.765752487746465,2
Cc1ncc(NC(=O)c2cccc(S(C)(=O)=O)c2)cc1-c1cc(N2CCOCC2)nc(N2CC(O)C2)c1,CHEMBL5904831,7.6354581214781945,7.6354581214781945,2
Cc1ncc(NC(=O)c2cccc(S(C)(=O)=O)c2)cc1-c1ccnc(N2CCOCC2)c1,CHEMBL3946530,7.735182176990463,7.738858801711048,5
Cc1ncc(NC(=O)c2cccc(S(C)(=O)=O)c2)cc1-c1cnc(OC2CCOCC2)c(N2CCOCC2)c1,CHEMBL5889414,8.343901797987169,8.343901797987169,2
Cc1ncc(NC(=O)c2ccccc2)cc1-c1cc(N2CCOCC2)n(C)c(=O)c1,CHEMBL6015208,6.698970004336019,6.698970004336019,2
Cc1ncc(NC(=O)c2ccnc(C(C)(C)C#N)c2)cc1-c1cc(N2CCOCC2)c(=O)n(C)c1,CHEMBL3934389,7.455931955649724,7.403893703661407,5
Cc1ncc(NC(=O)c2ccnc(C(C)(C)C#N)c2)cc1-c1cc(N2CCOCC2)c(=O)n(C)n1,CHEMBL3970281,7.272458742971444,7.144245540309098,7
Cc1ncc(NC(=O)c2ccnc(C(C)(C)C#N)c2)cc1-c1cc(N2CCOCC2)c(OC2CCOCC2)nn1,CHEMBL5791035,8.142667503568731,8.142667503568731,2
Cc1ncc(NC(=O)c2ccnc(C(C)(C)C#N)c2)cc1-c1cc(N2CCOCC2)c(S(C)(=O)=O)nn1,CHEMBL5967641,7.237698096640666,7.237698096640666,2
Cc1ncc(NC(=O)c2ccnc(C(C)(C)C#N)c2)cc1-c1cc(N2CCOCC2)c2nccn2c1,CHEMBL5930496,7.481486060122112,7.481486060122112,1
Cc1ncc(NC(=O)c2ccnc(C(C)(C)C#N)c2)cc1-c1cc(N2CCOCC2)c2nccn2n1,CHEMBL6048925,7.486782399932061,7.486782399932061,1
Cc1ncc(NC(=O)c2ccnc(C(C)(C)C#N)c2)cc1-c1cc(N2CCOCC2)n(C)c(=O)c1,CHEMBL6017300,7.658566602168838,7.658566602168838,2
Cc1ncc(NC(=O)c2ccnc(C(C)(C)C#N)c2)cc1-c1cc(N2CCOCC2)n2nccc2n1,CHEMBL6054999,7.950851231752651,7.950851231752651,2
Cc1ncc(NC(=O)c2ccnc(C(C)(C)C#N)c2)cc1-c1cc(N2CCOCC2)nc(N2C(=O)OC[C@@H]2C)n1,CHEMBL6048299,6.698970004336019,6.698970004336019,2
Cc1ncc(NC(=O)c2ccnc(C(C)(C)C#N)c2)cc1-c1cc(N2CCOCC2)nc(N2CC(C)(O)C2)c1,CHEMBL5928212,7.69466991845506,7.69466991845506,2
Cc1ncc(NC(=O)c2ccnc(C(C)(C)C#N)c2)cc1-c1cc(N2CCOCC2)nc(N2CC(O)C2)c1,CHEMBL5804284,7.454694646085796,7.454694646085796,2
Cc1ncc(NC(=O)c2ccnc(C(C)(C)C#N)c2)cc1-c1cc(N2CCOCC2)nc(N2CC(O)C2)n1,CHEMBL5984894,7.326061900195098,7.326061900195098,2
Cc1ncc(NC(=O)c2ccnc(C(C)(C)C#N)c2)cc1-c1cc(N2CCOCC2)nc(N2CCOCC2)c1,CHEMBL5757486,7.962591779677412,7.962591779677412,2
Cc1ncc(NC(=O)c2ccnc(C(C)(C)C#N)c2)cc1-c1cc(N2CCOCC2)nc(NC(C)(C)CO)n1,CHEMBL5749300,7.653664650421815,7.653664650421815,2
Cc1ncc(NC(=O)c2ccnc(C(C)(C)C#N)c2)cc1-c1cc(N2CCOCC2)nc(NCCO)n1,CHEMBL6047602,7.319665433006147,7.319665433006147,2
Cc1ncc(NC(=O)c2ccnc(C(C)(C)C#N)c2)cc1-c1cc(N2CCOCC2)nc(NC[C@@H](C)O)n1,CHEMBL6025239,7.411174044150872,7.411174044150872,2
Cc1ncc(NC(=O)c2ccnc(C(C)(C)C#N)c2)cc1-c1cc(N2CCOCC2)nc(NC[C@H](C)O)n1,CHEMBL6002407,7.480173988209038,7.480173988209038,2
Cc1ncc(NC(=O)c2ccnc(C(C)(C)C#N)c2)cc1-c1cc(N2CCOCC2)nc(N[C@@H](C)CO)n1,CHEMBL5844278,7.368051834697695,7.368051834697695,2
Cc1ncc(NC(=O)c2ccnc(C(C)(C)C#N)c2)cc1-c1cc(N2CCOCC2)nc(N[C@H](C)CO)n1,CHEMBL5799352,7.721246399047171,7.721246399047171,2
Cc1ncc(NC(=O)c2ccnc(C(C)(C)C#N)c2)cc1-c1cc(N2CCOCC2)ncn1,CHEMBL5766201,8.318758762624412,8.318758762624412,1
Cc1ncc(NC(=O)c2ccnc(C(C)(C)C#N)c2)cc1-c1cc(NCCO)nc(N2CCOCC2)c1,CHEMBL5744989,7.389345054851535,7.389345054851535,2
Cc1ncc(NC(=O)c2ccnc(C(C)(C)C#N)c2)cc1-c1ccnc(N2CCOCC2)c1,CHEMBL3931624,7.8696662315049934,7.87004320302739,5
Cc1ncc(NC(=O)c2ccnc(C(C)(C)C#N)c2)cc1-c1cnc(Cl)c(N2CCOCC2)c1,CHEMBL5845945,7.8013777094948065,7.8013777094948065,2
Cc1ncc(NC(=O)c2ccnc(C(C)(C)C#N)c2)cc1-c1cnc(N(C)C)c(N2CCOCC2)c1,CHEMBL5884778,8.346787486224656,8.346787486224656,2
Cc1ncc(NC(=O)c2ccnc(C(C)(C)C#N)c2)cc1-c1cnc(OC(C)C)c(N2CCOCC2)c1,CHEMBL5970372,8.136677139879545,8.136677139879545,2
Cc1ncc(NC(=O)c2ccnc(C(C)(C)C#N)c2)cc1-c1cnc(OC(F)F)c(N2CCOCC2)c1,CHEMBL5880071,7.915456821256488,7.915456821256488,2
Cc1ncc(NC(=O)c2ccnc(C(C)(C)C#N)c2)cc1-c1cnc(OC2CC3(COC3)C2)c(N2CCOCC2)c1,CHEMBL5976848,8.241088107602026,8.241088107602026,2
Cc1ncc(NC(=O)c2ccnc(C(C)(C)C#N)c2)cc1-c1cnc(OC2CCOCC2)c(C2(O)COC2)c1,CHEMBL5884633,4.688670047696207,4.688670047696207,1
Cc1ncc(NC(=O)c2ccnc(C(C)(C)C#N)c2)cc1-c1cnc(OC2CCOCC2)c(N2CCOCC2)c1,CHEMBL5901851,8.200659450546418,8.200659450546418,2
Cc1ncc(NC(=O)c2ccnc(C(C)(C)C#N)c2)cc1-c1cnc(OCC(F)F)c(N2CCOCC2)c1,CHEMBL6027376,8.327902142064282,8.327902142064282,2
Cc1ncc(NC(=O)c2ccnc(C(C)(C)C#N)c2)cc1-c1cnc(OCCO)c(N2CCOCC2)c1,CHEMBL5767544,7.829777942579941,7.829777942579941,2
Cc1ncc(NC(=O)c2ccnc(C(C)(C)C#N)c2)cc1-c1cncc(N2CCOCC2)c1,CHEMBL5891553,7.723544274891745,7.723544274891745,2
Cc1ncc(NC(=O)c2ccnc(C(C)(C)C#N)c2)cc1-c1cncc(N2CCOCC2)n1,CHEMBL5831284,8.113509274827518,8.113509274827518,2
Cc1ncc(NC(=O)c2ccnc(C(C)(C)C)c2)cc1-c1cc(N2CCOCC2)c(=O)n(C)c1,CHEMBL5887952,7.368051834697695,7.368051834697695,2
Cc1ncc(NC(=O)c2ccnc(C(C)(C)C)c2)cc1-c1cc(N2CCOCC2)n(C)c(=O)c1,CHEMBL5963600,7.681956742448463,7.681956742448463,2
Cc1ncc(NC(=O)c2ccnc(C(C)(C)C)c2)cc1-c1cc(N2CCOCC2)nc(N2CC(O)C2)c1,CHEMBL5894385,7.147521719752374,7.147521719752374,2
Cc1ncc(NC(=O)c2ccnc(C(C)(C)C)c2)cc1-c1ccnc(N2CCOCC2)c1,CHEMBL3966297,7.414200990986999,7.412230063583399,5
Cc1ncc(NC(=O)c2ccnc(C(C)(C)F)c2)cc1-c1cc(C2COCCO2)nc(N2CCOCC2)c1,CHEMBL5743471,8.118045028660399,8.118045028660399,2
Cc1ncc(NC(=O)c2ccnc(C(C)(C)F)c2)cc1-c1cc(N2CCOCC2)c(=O)n(C)n1,CHEMBL5960736,7.891126463368603,7.891126463368603,2
Cc1ncc(NC(=O)c2ccnc(C(C)(C)F)c2)cc1-c1cc(N2CCOCC2)c(OC(C)C)nn1,CHEMBL5953633,8.446116973356126,8.446116973356126,2
Cc1ncc(NC(=O)c2ccnc(C(C)(C)F)c2)cc1-c1cc(N2CCOCC2)c(OC2CCOCC2)nn1,CHEMBL5965202,8.537602002101044,8.537602002101044,2
Cc1ncc(NC(=O)c2ccnc(C(C)(C)F)c2)cc1-c1cc(N2CCOCC2)c(S(C)(=O)=O)nn1,CHEMBL5955070,8.101823516502323,8.101823516502323,2
Cc1ncc(NC(=O)c2ccnc(C(C)(C)F)c2)cc1-c1cc(N2CCOCC2)n2nccc2n1,CHEMBL5801252,8.455931955649724,8.455931955649724,2
Cc1ncc(NC(=O)c2ccnc(C(C)(C)F)c2)cc1-c1cc(N2CCOCC2)nc(N2CC(C)(O)C2)c1,CHEMBL6057013,8.066006836168757,8.066006836168757,2
Cc1ncc(NC(=O)c2ccnc(C(C)(C)F)c2)cc1-c1cc(NCCO)nc(N2CCOCC2)c1,CHEMBL5747515,7.954694646085796,7.954694646085796,2
Cc1ncc(NC(=O)c2ccnc(C(C)(C)F)c2)cc1-c1cc(NCCO)nc(N2CCOC[C@H]2C)c1,CHEMBL5774774,7.554398586369852,7.554398586369852,2
Cc1ncc(NC(=O)c2ccnc(C(C)(C)F)c2)cc1-c1cccc(C2(C)COC2)c1,CHEMBL5924238,5.292259545726228,5.292259545726228,1
Cc1ncc(NC(=O)c2ccnc(C(C)(C)F)c2)cc1-c1cnc(Cl)c(N2CCOCC2)c1,CHEMBL5779797,8.221848749616356,8.221848749616356,2
Cc1ncc(NC(=O)c2ccnc(C(C)(C)F)c2)cc1-c1cnc(F)c(N2CCOCC2)c1,CHEMBL5900765,8.4089353929735,8.4089353929735,2
Cc1ncc(NC(=O)c2ccnc(C(C)(C)F)c2)cc1-c1cnc(N(C)C)c(N2CCOCC2)c1,CHEMBL6013302,8.795880017344075,8.795880017344075,2
Cc1ncc(NC(=O)c2ccnc(C(C)(C)F)c2)cc1-c1cnc(OC(C)C)c(N2CCOCC2)c1,CHEMBL6009361,8.47755576649368,8.47755576649368,2
Cc1ncc(NC(=O)c2ccnc(C(C)(C)F)c2)cc1-c1cnc(OC2CC3(COC3)C2)c(N2CCOCC2)c1,CHEMBL5887339,8.540607512240769,8.540607512240769,2
Cc1ncc(NC(=O)c2ccnc(C(C)(C)F)c2)cc1-c1cnc(OC2CCOCC2)c(N2C3CCC2COC3)c1,CHEMBL5898497,5.494850021680094,5.494850021680094,2
Cc1ncc(NC(=O)c2ccnc(C(C)(C)F)c2)cc1-c1cnc(OC2CCOCC2)c(N2CCOCC2)c1,CHEMBL5741335,8.568636235841012,8.568636235841012,2
Cc1ncc(NC(=O)c2ccnc(C(C)(C)F)c2)cc1-c1cnc(OCCO)c(N2CCOCC2)c1,CHEMBL5824494,8.161150909262744,8.161150909262744,2
Cc1ncc(NC(=O)c2ccnc(C(C)(C)F)c2)cc1-c1cnc(OC[C@H](C)O)c(N2CCOCC2)c1,CHEMBL5882425,8.26680273489343,8.26680273489343,2
Cc1ncc(NC(=O)c2ccnc(C(C)(C)F)c2)cc1-c1cncc(N2CCOCC2)c1,CHEMBL5880134,7.962591779677412,7.962591779677412,2
Cc1ncc(NC(=O)c2ccnc(C(C)(C)F)c2)cc1-c1cncc(N2CCOCC2)n1,CHEMBL6016954,8.221848749616356,8.221848749616356,2
Cc1ncc(NC(=O)c2ccnc(C(C)(C)O)c2)cc1-c1cc(N2CCOCC2)c(OC2CCOCC2)nn1,CHEMBL6001264,7.768277484114786,7.768277484114786,2
Cc1ncc(NC(=O)c2ccnc(C(C)(C)O)c2)cc1-c1cc(N2CCOCC2)c2nccn2c1,CHEMBL6041422,7.0,7.0,1
Cc1ncc(NC(=O)c2ccnc(C(C)(C)O)c2)cc1-c1cc(N2CCOCC2)c2nccn2n1,CHEMBL6010085,8.1249387366083,7.749959157738867,3
Cc1ncc(NC(=O)c2ccnc(C(C)(C)O)c2)cc1-c1cc(N2CCOCC2)n(C)c(=O)c1,CHEMBL5790832,7.493497074992131,7.493497074992131,2
Cc1ncc(NC(=O)c2ccnc(C(C)(C)O)c2)cc1-c1cc(N2CCOCC2)n2nccc2n1,CHEMBL6057280,7.604681519034148,7.604681519034148,2
Cc1ncc(NC(=O)c2ccnc(C(C)(C)O)c2)cc1-c1cc(N2CCOCC2)nc(N2CC(O)C2)c1,CHEMBL5880863,7.235824510893587,7.235824510893587,2
Cc1ncc(NC(=O)c2ccnc(C(C)(C)O)c2)cc1-c1cc(NCCO)nc(N2CCOCC2)c1,CHEMBL5978509,7.166217492786823,7.166217492786823,2
Cc1ncc(NC(=O)c2ccnc(C(C)(C)O)c2)cc1-c1cc2[nH]cnc2c(N2CCOCC2)n1,CHEMBL5822068,8.0268721464003,8.0268721464003,2
Cc1ncc(NC(=O)c2ccnc(C(C)(C)O)c2)cc1-c1cnc(OC(C)C)c(N2CCOCC2)c1,CHEMBL5923689,7.743524460013754,7.743524460013754,2
Cc1ncc(NC(=O)c2ccnc(C(C)(C)O)c2)cc1-c1cnc(OC(F)F)c(N2CCOCC2)c1,CHEMBL5829925,7.860166527975772,7.860166527975772,2
Cc1ncc(NC(=O)c2ccnc(C(C)(C)O)c2)cc1-c1cnc(OC2CC3(COC3)C2)c(N2CCOCC2)c1,CHEMBL5886171,8.089909454405932,8.089909454405932,2
Cc1ncc(NC(=O)c2ccnc(C(C)(C)O)c2)cc1-c1cnc(OC2CCOCC2)c(N2CCOCC2)c1,CHEMBL5831523,7.81960865506336,7.81960865506336,2
Cc1ncc(NC(=O)c2ccnc(C(C)(F)F)c2)cc1-c1cc(C2COCCO2)nc(N2CCOCC2)c1,CHEMBL6027046,8.48412615628832,8.48412615628832,2
Cc1ncc(NC(=O)c2ccnc(C(C)(F)F)c2)cc1-c1cc(N2CCOCC2)c(=O)n(C)c1,CHEMBL5749068,7.915456821256488,7.915456821256488,2
Cc1ncc(NC(=O)c2ccnc(C(C)(F)F)c2)cc1-c1cc(N2CCOCC2)c(=O)n(C)n1,CHEMBL5971203,8.193820026016112,8.193820026016112,2
Cc1ncc(NC(=O)c2ccnc(C(C)(F)F)c2)cc1-c1cc(N2CCOCC2)c(OC(C)C)nn1,CHEMBL5976152,8.647817481888637,8.647817481888637,2
Cc1ncc(NC(=O)c2ccnc(C(C)(F)F)c2)cc1-c1cc(N2CCOCC2)c(OC2CCOCC2)nn1,CHEMBL5827970,8.744727494896694,8.744727494896694,2
Cc1ncc(NC(=O)c2ccnc(C(C)(F)F)c2)cc1-c1cc(N2CCOCC2)c(OCC(F)F)nn1,CHEMBL5772478,8.954677021213342,8.954677021213342,2
Cc1ncc(NC(=O)c2ccnc(C(C)(F)F)c2)cc1-c1cc(N2CCOCC2)c(S(C)(=O)=O)nn1,CHEMBL5861330,8.053056729302174,8.053056729302174,2
Cc1ncc(NC(=O)c2ccnc(C(C)(F)F)c2)cc1-c1cc(N2CCOCC2)c2nccn2c1,CHEMBL5807042,8.214670164989233,8.214670164989233,1
Cc1ncc(NC(=O)c2ccnc(C(C)(F)F)c2)cc1-c1cc(N2CCOCC2)c2nccn2n1,CHEMBL5772954,9.221848749616356,8.886122554740648,3
Cc1ncc(NC(=O)c2ccnc(C(C)(F)F)c2)cc1-c1cc(N2CCOCC2)n(C)c(=O)c1,CHEMBL6044129,8.1249387366083,8.1249387366083,2
Cc1ncc(NC(=O)c2ccnc(C(C)(F)F)c2)cc1-c1cc(N2CCOCC2)n2nccc2n1,CHEMBL5969734,8.823908740944319,8.823908740944319,2
Cc1ncc(NC(=O)c2ccnc(C(C)(F)F)c2)cc1-c1cc(N2CCOCC2)nc(N2CC(C)(O)C2)c1,CHEMBL5909294,8.250263684430939,8.250263684430939,2
Cc1ncc(NC(=O)c2ccnc(C(C)(F)F)c2)cc1-c1cc(N2CCOCC2)nc(N2CC(O)C2)c1,CHEMBL5824460,7.887733468696958,7.887733468696958,2
Cc1ncc(NC(=O)c2ccnc(C(C)(F)F)c2)cc1-c1cc(N2CCOC[C@@H]2C)n(C)c(=O)c1,CHEMBL5897442,7.302336803465325,7.302336803465325,2
Cc1ncc(NC(=O)c2ccnc(C(C)(F)F)c2)cc1-c1cc(N2CCOC[C@H]2C)n(C)c(=O)c1,CHEMBL5997039,7.3861594636235655,7.3861594636235655,2
Cc1ncc(NC(=O)c2ccnc(C(C)(F)F)c2)cc1-c1cc(N2CCO[C@@H](CO)C2)n(C)c(=O)c1,CHEMBL5820780,7.118900875474318,7.118900875474318,2
Cc1ncc(NC(=O)c2ccnc(C(C)(F)F)c2)cc1-c1cc(N2CCO[C@H](CO)C2)n(C)c(=O)c1,CHEMBL5747383,7.291156229395123,7.291156229395123,2
Cc1ncc(NC(=O)c2ccnc(C(C)(F)F)c2)cc1-c1cc(NCCO)nc(N2CCOCC2)c1,CHEMBL4590865,8.242603971206975,8.242603971206975,2
Cc1ncc(NC(=O)c2ccnc(C(C)(F)F)c2)cc1-c1cc(NCCO)nc(N2CCOC[C@H]2C)c1,CHEMBL5847558,7.84926796342835,7.84926796342835,2
Cc1ncc(NC(=O)c2ccnc(C(C)(F)F)c2)cc1-c1cccc(C2(C)COC2)c1,CHEMBL5838680,5.430977413970437,5.430977413970437,1
Cc1ncc(NC(=O)c2ccnc(C(C)(F)F)c2)cc1-c1cccc(C2COC2)c1,CHEMBL6005215,4.888233566947438,4.888233566947438,1
Cc1ncc(NC(=O)c2ccnc(C(C)(F)F)c2)cc1-c1ccnc(N2CCOCC2)c1,CHEMBL3983865,8.388276691992658,8.387873711998301,5
Cc1ncc(NC(=O)c2ccnc(C(C)(F)F)c2)cc1-c1cnc(C#N)c(N2CCOCC2)c1,CHEMBL5982905,8.508638306165727,8.508638306165727,2
Cc1ncc(NC(=O)c2ccnc(C(C)(F)F)c2)cc1-c1cnc(N(C)C)c(N2CCOCC2)c1,CHEMBL5822253,8.958607314841775,8.958607314841775,2
Cc1ncc(NC(=O)c2ccnc(C(C)(F)F)c2)cc1-c1cnc(OC(C)C)c(N2CCOCC2)c1,CHEMBL5986889,8.703334809738468,8.703334809738468,2
Cc1ncc(NC(=O)c2ccnc(C(C)(F)F)c2)cc1-c1cnc(OC(F)F)c(N2CCOCC2)c1,CHEMBL5836232,8.701146923590294,8.701146923590294,2
Cc1ncc(NC(=O)c2ccnc(C(C)(F)F)c2)cc1-c1cnc(OC2CCOCC2)c(N2CCOCC2)c1,CHEMBL5761691,8.627087997029893,8.627087997029893,2
Cc1ncc(NC(=O)c2ccnc(C(C)(F)F)c2)cc1-c1cnc(OCCO)c(C2(F)COC2)c1,CHEMBL5959483,5.229147988357855,5.229147988357855,1
Cc1ncc(NC(=O)c2ccnc(C(C)(F)F)c2)cc1-c1cncc(N2CCOCC2)n1,CHEMBL5829910,8.356547323513812,8.356547323513812,2
Cc1ncc(NC(=O)c2ccnc(C(C)C)c2)cc1-c1cc(N2CCOCC2)c(=O)n(C)c1,CHEMBL5883699,7.45531241959195,7.45531241959195,2
Cc1ncc(NC(=O)c2ccnc(C(C)C)c2)cc1-c1cc(N2CCOCC2)c2nccn2c1,CHEMBL5873778,8.09151498112135,8.09151498112135,2
Cc1ncc(NC(=O)c2ccnc(C(C)C)c2)cc1-c1cc(N2CCOCC2)c2nccn2n1,CHEMBL5936114,8.886056647693163,8.886056647693163,2
Cc1ncc(NC(=O)c2ccnc(C(C)C)c2)cc1-c1cc(N2CCOCC2)n(C)c(=O)c1,CHEMBL5911245,8.236572006437063,8.236572006437063,2
Cc1ncc(NC(=O)c2ccnc(C(C)C)c2)cc1-c1cc(N2CCOCC2)nc(N2CC(O)C2)c1,CHEMBL6048562,8.191789027075778,8.191789027075778,2
Cc1ncc(NC(=O)c2ccnc(C(C)C)c2)cc1-c1cc(N2CCOCC2)nc(N2CCOCC2)c1,CHEMBL5767037,8.698970004336019,8.698970004336019,2
Cc1ncc(NC(=O)c2ccnc(C(C)C)c2)cc1-c1ccc(C#N)c(N2CCOCC2)c1,CHEMBL6057019,8.769551078621726,8.769551078621726,2
Cc1ncc(NC(=O)c2ccnc(C(C)C)c2)cc1-c1ccnc(N2CCOCC2)c1,CHEMBL5746027,8.298432014944073,8.298432014944073,2
Cc1ncc(NC(=O)c2ccnc(C(C)C)c2)cc1-c1cnc(C#N)c(N2CCOCC2)c1,CHEMBL6025476,8.508638306165727,8.508638306165727,2
Cc1ncc(NC(=O)c2ccnc(C(C)C)c2)cc1-c1cnc(N(C)C)c(N2CCOCC2)c1,CHEMBL5932347,9.096910013008056,9.096910013008056,2
Cc1ncc(NC(=O)c2ccnc(C(C)C)c2)cc1-c1cnc(OC2CCOCC2)c(N2CCOCC2)c1,CHEMBL5961759,8.154901959985743,8.154901959985743,2
Cc1ncc(NC(=O)c2ccnc(C(F)(F)F)c2)cc1-c1cc(C2COCCO2)nc(N2CCOCC2)c1,CHEMBL5904080,8.549750891680638,8.549750891680638,2
Cc1ncc(NC(=O)c2ccnc(C(F)(F)F)c2)cc1-c1cc(N2CCOCC2)c(=O)n(C)c1,CHEMBL4062317,8.267606240177031,8.267606240177031,2
Cc1ncc(NC(=O)c2ccnc(C(F)(F)F)c2)cc1-c1cc(N2CCOCC2)c(S(C)(=O)=O)nn1,CHEMBL6040379,8.111820506081674,8.111820506081674,2
Cc1ncc(NC(=O)c2ccnc(C(F)(F)F)c2)cc1-c1cc(N2CCOCC2)n(C)c(=O)c1,CHEMBL5988150,8.2518119729938,8.2518119729938,2
Cc1ncc(NC(=O)c2ccnc(C(F)(F)F)c2)cc1-c1cc(N2CCOCC2)n2nccc2n1,CHEMBL5969161,8.958607314841775,8.958607314841775,2
Cc1ncc(NC(=O)c2ccnc(C(F)(F)F)c2)cc1-c1cc(N2CCOCC2)nc(N2CC(C)(O)C2)c1,CHEMBL5825903,8.11690664142431,8.11690664142431,2
Cc1ncc(NC(=O)c2ccnc(C(F)(F)F)c2)cc1-c1cc(N2CCOCC2)nc(N2CC(O)C2)c1,CHEMBL5937697,8.391473966422806,8.391473966422806,2
Cc1ncc(NC(=O)c2ccnc(C(F)(F)F)c2)cc1-c1cc(N2CCOCC2)nc(N2CCOCC2)c1,CHEMBL5898585,8.787812395596042,8.787812395596042,2
Cc1ncc(NC(=O)c2ccnc(C(F)(F)F)c2)cc1-c1cc(N2CCOCC2)nc(NC[C@@H](C)O)n1,CHEMBL5918803,8.431798275933005,8.431798275933005,2
Cc1ncc(NC(=O)c2ccnc(C(F)(F)F)c2)cc1-c1cc(NCCO)nc(N2CCOCC2)c1,CHEMBL6065141,8.361510743045363,8.361510743045363,2
Cc1ncc(NC(=O)c2ccnc(C(F)(F)F)c2)cc1-c1cc(NCCO)nc(N2CCOC[C@H]2C)c1,CHEMBL5973301,7.8794759246641775,7.8794759246641775,2
Cc1ncc(NC(=O)c2ccnc(C(F)(F)F)c2)cc1-c1cnc(C(C)(C)C#N)c(N2CCOCC2)c1,CHEMBL5926504,8.431798275933005,8.431798275933005,1
Cc1ncc(NC(=O)c2ccnc(C(F)(F)F)c2)cc1-c1cnc(CS(C)(=O)=O)c(N2CCOCC2)c1,CHEMBL5753365,8.4089353929735,8.4089353929735,1
Cc1ncc(NC(=O)c2ccnc(C(F)(F)F)c2)cc1-c1cnc(Cl)c(N2CCOCC2)c1,CHEMBL5839109,8.638272163982407,8.638272163982407,2
Cc1ncc(NC(=O)c2ccnc(C(F)(F)F)c2)cc1-c1cnc(OC(F)F)c(N2CCOCC2)c1,CHEMBL5761341,8.730487055782083,8.730487055782083,2
Cc1ncc(NC(=O)c2ccnc(C(F)(F)F)c2)cc1-c1cnc(OC2CCOCC2)c(N2C3CCC2COC3)c1,CHEMBL5953894,8.075720713938118,8.075720713938118,2
Cc1ncc(NC(=O)c2ccnc(C(F)(F)F)c2)cc1-c1cnc(OC2CCOCC2)c(N2CCOCC2)c1,CHEMBL6032114,8.221848749616356,8.221848749616356,2
Cc1ncc(NC(=O)c2ccnc(C(F)(F)F)c2)cc1-c1cnc(OC2CNC2)c(N2CCOCC2)c1,CHEMBL5832859,6.522878745280337,6.522878745280337,1
Cc1ncc(NC(=O)c2ccnc(C(F)(F)F)c2)cc1-c1cnc(OCCO)c(C2(F)COC2)c1,CHEMBL5844454,5.315334135974139,5.315334135974139,1
Cc1ncc(NC(=O)c2ccnc(C(F)(F)F)c2)cc1-c1cncc(N2CCOCC2)c1,CHEMBL5938073,8.443697499232712,8.443697499232712,2
Cc1ncc(NC(=O)c2ccnc(C(F)F)c2)cc1-c1cc(N2CCOCC2)c(=O)n(C)c1,CHEMBL5746123,7.81960865506336,7.81960865506336,2
Cc1ncc(NC(=O)c2ccnc(C(F)F)c2)cc1-c1cc(N2CCOCC2)c(=O)n(C)n1,CHEMBL5780110,7.829777942579941,7.829777942579941,2
Cc1ncc(NC(=O)c2ccnc(C(F)F)c2)cc1-c1cc(N2CCOCC2)c(OC(C)C)nn1,CHEMBL6065103,8.665546248849068,8.665546248849068,2
Cc1ncc(NC(=O)c2ccnc(C(F)F)c2)cc1-c1cc(N2CCOCC2)n(C)c(=O)c1,CHEMBL6057863,8.10790539730952,8.10790539730952,2
Cc1ncc(NC(=O)c2ccnc(C(F)F)c2)cc1-c1cc(N2CCOCC2)n2nccc2n1,CHEMBL5781199,8.721246399047171,8.721246399047171,2
Cc1ncc(NC(=O)c2ccnc(C(F)F)c2)cc1-c1cc(N2CCOCC2)nc(N2CC(C)(O)C2)c1,CHEMBL5831423,8.173925197299173,8.173925197299173,2
Cc1ncc(NC(=O)c2ccnc(C(F)F)c2)cc1-c1cc(N2CCOCC2)nc(N2CCOCC2)c1,CHEMBL5854902,8.480172006224281,8.480172006224281,2
Cc1ncc(NC(=O)c2ccnc(C(F)F)c2)cc1-c1cc(NCCO)nc(N2CCOCC2)c1,CHEMBL5916174,8.297569463554474,8.297569463554474,2
Cc1ncc(NC(=O)c2ccnc(C(F)F)c2)cc1-c1cc(NCCO)nc(N2CCOC[C@H]2C)c1,CHEMBL6051524,7.79999018246742,7.79999018246742,2
Cc1ncc(NC(=O)c2ccnc(C(F)F)c2)cc1-c1cnc(OC(F)F)c(N2CCOCC2)c1,CHEMBL5789016,8.61261017366127,8.61261017366127,2
Cc1ncc(NC(=O)c2ccnc(C(F)F)c2)cc1-c1cnc(OC2CC3(COC3)C2)c(N2CCOCC2)c1,CHEMBL5790670,8.7281583934635,8.7281583934635,2
Cc1ncc(NC(=O)c2ccnc(C(F)F)c2)cc1-c1cncc(N2CCOCC2)n1,CHEMBL5975896,7.3396153858306565,7.3396153858306565,2
Cc1ncc(NC(=O)c2ccnc(C3(C#N)CC3)c2)cc1-c1cc(N2CCOCC2)c(=O)n(C)n1,CHEMBL5831198,7.954694646085796,7.954694646085796,2
Cc1ncc(NC(=O)c2ccnc(C3(C#N)CC3)c2)cc1-c1cc(N2CCOCC2)n2nccc2n1,CHEMBL5904688,8.508638306165727,8.508638306165727,2
Cc1ncc(NC(=O)c2ccnc(C3(C#N)CC3)c2)cc1-c1cc(N2CCOCC2)nc(N2CC(C)(O)C2)c1,CHEMBL5941756,8.095825631715837,8.095825631715837,2
Cc1ncc(NC(=O)c2ccnc(C3(C#N)CC3)c2)cc1-c1cnc(Cl)c(N2CCOCC2)c1,CHEMBL6007991,8.221848749616356,8.221848749616356,2
Cc1ncc(NC(=O)c2ccnc(C3(C#N)CC3)c2)cc1-c1cnc(N(C)C)c(N2CCOCC2)c1,CHEMBL6008048,8.721246399047171,8.721246399047171,2
Cc1ncc(NC(=O)c2ccnc(C3(C#N)CC3)c2)cc1-c1cnc(OC2CCOCC2)c(N2CCOCC2)c1,CHEMBL5948135,8.317854923626168,8.317854923626168,2
Cc1ncc(NC(=O)c2ccnc(C3CC3)c2)cc1-c1cc(C2COCCO2)nc(N2CCOCC2)c1,CHEMBL5863370,8.521433504406156,8.521433504406156,2
Cc1ncc(NC(=O)c2ccnc(C3CC3)c2)cc1-c1cc(N2CCOCC2)c(=O)n(C)n1,CHEMBL5908148,8.161150909262744,8.161150909262744,2
Cc1ncc(NC(=O)c2ccnc(C3CC3)c2)cc1-c1cc(N2CCOCC2)n(C)c(=O)c1,CHEMBL5834844,8.193820026016112,8.193820026016112,2
Cc1ncc(NC(=O)c2ccnc(C3CC3)c2)cc1-c1cc(N2CCOCC2)nc(N2CC(C)(O)C2)c1,CHEMBL5755512,8.351639989019068,8.351639989019068,2
Cc1ncc(NC(=O)c2ccnc(C3CC3)c2)cc1-c1cc(NCCO)nc(N2CCOCC2)c1,CHEMBL6047549,8.385102783966865,8.385102783966865,2
Cc1ncc(NC(=O)c2ccnc(C3CC3)c2)cc1-c1cnc(OC2CC3(COC3)C2)c(N2CCOCC2)c1,CHEMBL5788617,8.869666231504993,8.869666231504993,2
Cc1ncc(NC(=O)c2ccnc(C3CC3)c2)cc1-c1cnc(OC2CCOCC2)c(N2CCOCC2)c1,CHEMBL5890926,8.642065152999546,8.642065152999546,2
Cc1ncc(NC(=O)c2ccnc(S(C)(=O)=O)c2)cc1-c1cc(N2CCOCC2)c(OC2CCOCC2)nn1,CHEMBL5805784,8.1249387366083,8.1249387366083,2
Cc1ncc(NC(=O)c2ccnc(S(C)(=O)=O)c2)cc1-c1cc(N2CCOCC2)n(C)c(=O)c1,CHEMBL5865288,7.6777807052660805,7.6777807052660805,2
Cc1ncc(NC(=O)c2ccnc(S(C)(=O)=O)c2)cc1-c1cc(N2CCOCC2)n2nccc2n1,CHEMBL5916004,8.05551732784983,8.05551732784983,2
Cc1ncc(NC(=O)c2ccnc(S(C)(=O)=O)c2)cc1-c1cc(N2CCOCC2)nc(N2CC(O)C2)c1,CHEMBL5747983,7.292004461883675,7.292004461883675,2
Cc1ncc(NC(=O)c2ccnc(S(C)(=O)=O)c2)cc1-c1cc(N2CCOCC2)nc(N2CCOCC2)c1,CHEMBL5902212,7.919016691817962,7.919016691817962,2
Cc1ncc(NC(=O)c2ccnc(S(C)(=O)=O)c2)cc1-c1cc(NCCO)nc(N2CCOCC2)c1,CHEMBL6033197,7.6401686584909765,7.6401686584909765,2
Cc1ncc(NC(=O)c2ccnc(S(C)(=O)=O)c2)cc1-c1cc2[nH]cnc2c(N2CCOCC2)n1,CHEMBL5849250,8.42021640338319,8.42021640338319,2
Cc1ncc(NC(=O)c2ccnc(S(C)(=O)=O)c2)cc1-c1ccnc(N2CCOCC2)c1,CHEMBL3975841,7.552841968657781,7.552687001807788,5
Cc1ncc(NC(=O)c2cncc(C(F)(F)F)c2)cc1-c1cc(N2CCOCC2)c(OCC(F)F)nn1,CHEMBL5988867,9.096910013008056,9.096910013008056,2
Cc1ncc(NC(=O)c2cncc(C(F)(F)F)c2)cc1-c1cnc(OC(C)C)c(N2CCOCC2)c1,CHEMBL5960387,8.575118363368933,8.575118363368933,2
Cc1ncc(NC(=O)c2cncc(C(F)(F)F)c2)cc1-c1cnc(OCC(F)F)c(N2CCOCC2)c1,CHEMBL6014188,8.6903698325741,8.6903698325741,2
Cc1ncc(NC(=O)c2cncc(N(C)C)c2)cc1-c1ccnc(N2CCOCC2)c1,CHEMBL3956712,7.853871964321762,7.853747968731281,5
Cc1ncc(NC(=O)c2cnnc(C(C)(C)C#N)c2)cc1-c1cc(N2CCOCC2)c(OC2CCOCC2)nn1,CHEMBL5844070,7.723544274891745,7.723544274891745,2
Cc1ncc(NC(=O)c2cnnc(C(C)(C)C#N)c2)cc1-c1cnc(Cl)c(N2CCOCC2)c1,CHEMBL5956754,7.492823749674495,7.492823749674495,2
Cc1ncc(NC(=O)c2cnnc(C(C)(C)C#N)c2)cc1-c1cnc(OCC(F)F)c(N2CCOCC2)c1,CHEMBL5902807,7.818194010053928,7.818194010053928,2
Cc1ncc(NC(=O)c2cnnc(C(C)(C)C#N)c2)cc1-c1cncc(N2CCOCC2)c1,CHEMBL5821479,7.604681519034148,7.604681519034148,2
Cc1ncc(NC(=O)c2cnnc(C(F)(F)F)c2)cc1-c1cc(N2CCOCC2)c(OC2CCOCC2)nn1,CHEMBL5752607,8.568636235841012,8.568636235841012,2
Cc1ncc(NC(=O)c2cnnc(C(F)(F)F)c2)cc1-c1cc(N2CCOCC2)n2nccc2n1,CHEMBL5876267,8.522878745280337,8.522878745280337,2
Cc1ncc(NC(=O)c2cnnc(C(F)(F)F)c2)cc1-c1cc(N2CCOCC2)nc(N2CC(C)(O)C2)c1,CHEMBL5892718,7.8794759246641775,7.8794759246641775,2
Cc1ncc(NC(=O)c2cnnc(C(F)(F)F)c2)cc1-c1cc(NCCO)nc(N2CCOCC2)c1,CHEMBL5943868,8.086716098239581,8.086716098239581,2
Cc1ncc(NC(=O)c2cnnc(C(F)(F)F)c2)cc1-c1cc(NCCO)nc(N2CCOCC2)c1F,CHEMBL5756687,7.076757218249551,7.076757218249551,2
Cc1ncc(NC(=O)c2cnnc(C(F)(F)F)c2)cc1-c1cnc(Cl)c(N2CCOCC2)c1,CHEMBL5747350,8.42021640338319,8.42021640338319,2
Cc1ncc(NC(=O)c2cnnc(C(F)(F)F)c2)cc1-c1cnc(N(C)C)c(N2CCOCC2)c1,CHEMBL5924237,9.301029995663981,9.301029995663981,2
Cc1ncc(NC(=O)c2cnnc(C3(C#N)CC3)c2)cc1-c1cnc(OC2CCOCC2)c(N2CCOCC2)c1,CHEMBL5963920,8.410050398674292,8.410050398674292,2
Cc1ncc(NC(=O)c2cnnc(C3(C#N)CC3)c2)cc1-c1cnc(OCC(F)F)c(N2CCOCC2)c1,CHEMBL5986629,8.122053048370812,8.122053048370812,2
Cc1ncc(NC(=O)c2cnnc(C3CC3)c2)cc1-c1cc(N2CCOCC2)nc(N2CC(C)(O)C2)c1,CHEMBL5961521,7.858575698582678,7.858575698582678,2
Cc1ncc(NC(=O)c2cnnc(C3CC3)c2)cc1-c1cc(NCCO)nc(N2CCOCC2)c1,CHEMBL5946027,8.084072788302883,8.084072788302883,2
Cc1ncc(NC(=O)c2cnnc(C3CC3)c2)cc1-c1cnc(N(C)C)c(N2CCOCC2)c1,CHEMBL5823052,9.154901959985743,9.154901959985743,2
Cc1nccn1-c1cc(C(=O)Nc2cccc(-c3cc(C(=O)OCCN4CCOCC4)[nH]n3)c2)cc(C(F)(F)F)c1,CHEMBL5284248,7.0,7.0,1
Cc1nn(-c2ccccc2)c(Cl)c1Nc1ccc(C(F)(F)F)cc1,CHEMBL5273657,7.180456064458131,7.180456064458131,1
Cc1nn(C(C)C)cc1C(=O)Nc1cnc(C)c(-c2cc(N3CCOCC3)c(=O)n(C)c2)c1,CHEMBL6060335,6.698970004336019,6.698970004336019,2
Cc1nn(C(C)C)cc1C(=O)Nc1cnc(C)c(-c2cc3[nH]cnc3c(N3CCOCC3)n2)c1,CHEMBL5995246,7.764500915169563,7.764500915169563,2
Cc1nn(C)cc1C(=O)Nc1cnc(C)c(-c2cc(N3CCOCC3)c(=O)n(C)c2)c1,CHEMBL6054538,5.468521082957745,5.468521082957745,2
Cc1nn(C)cc1C(=O)Nc1cnc(C)c(-c2cc3[nH]cnc3c(N3CCOCC3)n2)c1,CHEMBL6049596,7.0,7.0,2
Cc1noc(C)c1NC(=O)Nc1cccc(-c2csc3c(-c4cccnc4)cnc(N)c23)c1,CHEMBL2315073,6.1598939055432425,6.1598939055432425,1
Cc1sc(C(=O)N[C@@H]2[C@H](N)CCCC2(F)F)cc1-c1cnn2cc(Cl)cnc12,CHEMBL4552628,5.958607314841775,5.958607314841775,1
Clc1cc(Cl)c(N/N=C/c2ccncc2)c(Cl)c1,CHEMBL3958081,5.6020599913279625,5.6020599913279625,1
Clc1cc(Nc2c(-c3ncccn3)oc3cnccc23)c2cn[nH]c2c1,CHEMBL1667917,8.244125144327509,8.244125144327509,1
Clc1ccc(-c2ccc3ncnc(Nc4cccc5[nH]ncc45)c3c2)cc1,CHEMBL3661257,6.540761505123845,6.540761505123845,2
Clc1ccc(Nc2c(-c3ccccc3)nc3cnccn23)cc1,CHEMBL1668903,5.181655776023359,5.181655776023359,2
Clc1ccc(Nc2c(-c3ncccn3)oc3cnccc23)c2cn[nH]c12,CHEMBL1667916,8.3767507096021,8.3767507096021,1
Clc1ccc2[nH]ncc2c1Nc1c(-c2ncccn2)oc2cnccc12,CHEMBL1667918,6.619788758288394,6.619788758288394,1
Cn1c(=O)[nH]c(=O)c2c1nc(N/N=C\c1ccc([N+](=O)[O-])cc1)n2Cc1ccccc1,CHEMBL518163,4.237396450433197,4.237396450433197,1
Cn1c(=O)[nH]c(=O)c2c1nc(S)n2Cc1ccc(Cl)cc1,CHEMBL454028,5.6777807052660805,5.6777807052660805,1
Cn1c(=O)[nH]c(=O)c2c1nc(SCC(N)=O)n2Cc1cccc(Br)c1,CHEMBL517286,4.955460239607589,4.955460239607589,1
Cn1c(=O)[nH]c2c(Oc3ccc(NC(=O)Nc4cc(C(C)(C)C)nn4-c4ccccc4)c4ccccc34)ccnc21,CHEMBL1090980,6.364893572551878,6.364893572551878,2
Cn1c(=O)[nH]c2c(Oc3ccc(NC(=O)Nc4cc(C(C)(C)C)nn4-c4ccccc4)cc3)ccnc21,CHEMBL1092771,6.470786987771497,6.470786987771497,2
Cn1c(=O)[nH]c2c(Oc3ccc(NC(=O)Nc4cc(C(F)(F)F)ccc4F)c4ccccc34)ccnc21,CHEMBL489856,6.238126766594218,6.238126766594218,2
Cn1c(=O)[nH]c2c(Oc3ccc(NC(=O)Nc4cc(C(F)(F)F)ccc4F)cc3)ccnc21,CHEMBL523278,7.337242168318426,7.337242168318426,1
Cn1c(=O)[nH]c2c(Oc3ccc(NC(=O)Nc4ccc(Cl)c(C(F)(F)F)c4)c4ccccc34)ccnc21,CHEMBL487719,6.154972876786162,6.154972876786162,2
Cn1c(=O)[nH]c2c(Oc3ccc(NC(=O)Nc4ccc(Cl)c(C(F)(F)F)c4)cc3)ccnc21,CHEMBL523129,7.346787486224656,7.346787486224656,1
Cn1c(=O)[nH]c2c(Oc3ccc(NC(=O)Nc4cccc(C(C)(C)C)c4)c4ccccc34)ccnc21,CHEMBL523907,5.351886856369419,5.351886856369419,2
Cn1c(=O)[nH]c2c(Oc3ccc(NC(=O)Nc4cccc(C(C)(C)C)c4)cc3)ccnc21,CHEMBL489823,7.221848749616356,7.221848749616356,1
Cn1c(=O)[nH]c2nccc(Oc3ccc(NC(=O)Nc4cc(C(C)(C)C)nn4-c4ccc(F)cc4)c4ccccc34)c21,CHEMBL1090976,6.980193809051638,6.980193809051638,2
Cn1c(=O)[nH]c2nccc(Oc3ccc(NC(=O)Nc4cc(C(C)(C)C)nn4-c4ccc(F)cc4)cc3)c21,CHEMBL1093704,6.368063661567388,6.368063661567388,2
Cn1c(=O)[nH]c2nccc(Oc3ccc(NC(=O)Nc4cc(C(C)(C)C)nn4-c4ccccc4)c4ccccc34)c21,CHEMBL1090977,7.160786338783066,7.160786338783066,2
Cn1c(=O)[nH]c2nccc(Oc3ccc(NC(=O)Nc4cc(C(C)(C)C)nn4-c4ccccc4)cc3)c21,CHEMBL1093364,6.726358846018348,6.726358846018348,2
Cn1c(=O)[nH]c2nccc(Oc3ccc(NC(=O)Nc4cc(C(C)(C)C)nn4-c4cccnc4)c4ccccc34)c21,CHEMBL1090978,6.551186454354779,6.551186454354779,2
Cn1c(=O)[nH]c2nccc(Oc3ccc(NC(=O)Nc4cc(C(C)(C)C)nn4-c4cccnc4)cc3)c21,CHEMBL1089014,6.244928650298713,6.244928650298713,2
Cn1c(=O)[nH]c2nccc(Oc3ccc(NC(=O)Nc4cc(C(F)(F)F)ccc4F)c4ccccc34)c21,CHEMBL524068,6.930533029871538,6.930533029871538,2
Cn1c(=O)[nH]c2nccc(Oc3ccc(NC(=O)Nc4cc(C5CC5)nn4-c4ccccc4)cc3)c21,CHEMBL1093065,5.792296287274931,5.792296287274931,2
Cn1c(=O)[nH]c2nccc(Oc3ccc(NC(=O)Nc4ccc(Cl)c(C(F)(F)F)c4)c(F)c3)c21,CHEMBL498458,5.999639834434802,5.999639834434802,2
Cn1c(=O)[nH]c2nccc(Oc3ccc(NC(=O)Nc4ccc(Cl)c(C(F)(F)F)c4)c4ccccc34)c21,CHEMBL498459,6.875890719404962,6.875890719404962,2
Cn1c(=O)[nH]c2nccc(Oc3ccc(NC(=O)Nc4ccc(Cl)c(C(F)(F)F)c4)cc3)c21,CHEMBL485302,7.657577319177793,7.657577319177793,1
Cn1c(=O)[nH]c2nccc(Oc3ccc(NC(=O)Nc4cccc(C(C)(C)C)c4)c4ccccc34)c21,CHEMBL496081,6.703246205334118,6.703246205334118,2
Cn1c(=O)[nH]c2nccc(Oc3ccc(NC(=O)Nc4cccc(C(C)(C)C)c4)cc3)c21,CHEMBL490841,6.787812395596042,6.787812395596042,1
Cn1c(=O)[nH]c2nccc(Oc3ccc(NC(=O)Nc4cccc(C(F)(F)F)c4)c4ccccc34)c21,CHEMBL487717,7.110924374808178,7.110924374808178,2
Cn1c(=O)[nH]c2nccc(Oc3ccc(NC(=O)Nc4cccc(SC(F)(F)F)c4)c4ccccc34)c21,CHEMBL487718,6.727717951251979,6.727717951251979,2
Cn1c(=O)[nH]c2nccc(Oc3ccc(NC(=O)c4cccc(OC(F)(F)F)c4)c4ccccc34)c21,CHEMBL496410,4.896317481265464,4.896317481265464,2
Cn1c(=O)[nH]c2nccc(Oc3ccc(NC(=O)c4cccc(SC(F)(F)F)c4)c4ccccc34)c21,CHEMBL497017,5.036212172654444,5.036212172654444,2
Cn1c(=O)n(C)c2c(Oc3ccc(NC(=O)Nc4cc(C(C)(C)C)nn4-c4ccccc4)c(F)c3)ccnc21,CHEMBL1092188,6.438106835692314,6.438106835692314,2
Cn1c(=O)n(C)c2c(Oc3ccc(NC(=O)Nc4ccc(Cl)c(C(F)(F)F)c4)cc3)ccnc21,CHEMBL491054,7.214670164989233,7.214670164989233,1
Cn1c(=O)n(Cc2ccccc2)c(=O)c2c1nc(SCCO)n2Cc1ccccc1,CHEMBL460137,5.764471553092451,5.764471553092451,1
Cn1c(C2C3Oc4ccc(Oc5ccnc6c5CCC(=O)N6)cc4C32)nc2cc(C(F)(F)F)ccc21,CHEMBL3937407,7.327902142064282,7.327902142064282,3
Cn1c(C2C3Oc4ccc(Oc5ccnc6c5CCC(=O)N6)cc4C32)nc2ccc(C(F)(F)F)cc21,CHEMBL3976907,6.690369832574101,6.690369832574102,3
Cn1c(C2C3Oc4ccc(Oc5ccnc6c5CCC(=O)N6)cc4C32)nc2ccccc21,CHEMBL3931164,7.920818753952375,7.920818753952375,3
Cn1c(N2C3CCC2COC3)cc(-c2cc(NC(=O)c3ccnc(C(C)(F)F)c3)cnc2Cl)cc1=O,CHEMBL5968733,7.821032576499773,7.821032576499773,2
Cn1c(N2CCOCC2)cc(-c2cc(NC(=O)c3ccnc(C(C)(F)F)c3)cnc2Cl)cc1=O,CHEMBL5769996,8.619788758288394,8.619788758288394,2
Cn1c(Nc2cc(C(C)(C)C)ccc2F)nc2cc(Oc3ccnc(-c4ncc(C(F)(F)F)[nH]4)c3)ccc21,CHEMBL3632721,7.376750709602099,7.376750709602099,1
Cn1c(Nc2cc(C(F)(F)F)ccc2F)nc2cc(Oc3ccnc(-c4ncc(C(F)(F)F)[nH]4)c3)ccc21,CHEMBL3632723,6.6777807052660805,6.6777807052660805,1
Cn1c(Nc2ccc(Br)cc2)nc2cc(Oc3ccnc(C(=O)NCCC4CNCCO4)c3)ccc21,CHEMBL511119,7.508638306165727,7.508638306165727,1
Cn1c(Nc2ccc(Br)cc2)nc2cc(Oc3ccnc(C(=O)NCCO)c3)ccc21,CHEMBL486137,7.958607314841775,7.958607314841775,1
Cn1c(Nc2ccc(C(C)(C)C)cc2)nc2cc(Oc3ccnc(-c4ncc(C(F)(F)F)[nH]4)c3)ccc21,CHEMBL3632720,6.886056647693163,6.886056647693163,1
Cn1c(Nc2ccc(C(F)(F)F)cc2)nc2cc(Oc3ccnc(-c4ncc(C(F)(F)F)[nH]4)c3)ccc21,CHEMBL558752,7.3979400086720375,7.6003705643319455,7
Cn1c(Nc2ccc(C(F)(F)F)cc2)nc2ccc(Oc3ccnc(-c4cnc(C(F)(F)F)[nH]4)c3)cc21,CHEMBL1946171,8.522878745280337,8.522878745280337,2
Cn1c(Nc2cccc(C(C)(C)C)c2)nc2cc(Oc3ccnc(-c4ncc(-c5ccccc5)[nH]4)c3)ccc21,CHEMBL3632718,6.318758762624412,6.318758762624412,1
Cn1c(Nc2cccc(C(C)(C)C)c2)nc2cc(Oc3ccnc(-c4ncc(C(F)(F)F)[nH]4)c3)ccc21,CHEMBL3632719,7.090228032229065,7.090228032229065,2
Cn1c(Nc2cccc(C(C)(C)C)c2)nc2cc(Oc3ccnc(-c4ncc[nH]4)c3)ccc21,CHEMBL3632717,6.727346441767088,6.727346441767088,2
Cn1c(Nc2cccc(C(C)(C)C)c2)nc2cc(Oc3ccnc(NC(=O)C4CCNCC4)c3)ccc21,CHEMBL3335382,8.154901959985743,8.154901959985743,1
Cn1c(Nc2cccc(C(F)(F)F)c2)nc2cc(Oc3ccnc(-c4ncc(C(F)(F)F)[nH]4)c3)ccc21,CHEMBL3632722,6.107905397309519,6.107905397309519,1
Cn1cc(-c2cc(C(=O)Nc3cccc(C(C)(C)C#N)c3)ccc2Cl)cc(N2CCOCC2)c1=O,CHEMBL5899450,8.221848749616356,8.221848749616356,2
Cn1cc(-c2cc(C(=O)Nc3cccc(C(C)(C)O)c3)cnc2Cl)cc(N2CCOCC2)c1=O,CHEMBL5777790,7.299299729609228,7.299299729609228,2
Cn1cc(-c2cc(C(=O)Nc3cccc(C(F)(F)F)c3)ccc2C(F)F)cc(N2CCOCC2)c1=O,CHEMBL3918963,7.4698003017969175,7.469391163147281,5
Cn1cc(-c2cc(C(=O)Nc3cccc(C(F)(F)F)c3)ccc2Cl)cc(N2CCOCC2)c1=O,CHEMBL5990401,8.585026652029182,8.585026652029182,2
Cn1cc(-c2cc(C(=O)Nc3cccc(C(F)(F)F)c3)cnc2Cl)cc(N2CCOCC2)c1=O,CHEMBL6021773,8.221848749616356,8.221848749616356,2
Cn1cc(-c2cc(C(=O)Nc3cccc(C(F)F)c3)ccc2Cl)cc(N2CCOCC2)c1=O,CHEMBL5994092,8.619788758288394,8.619788758288394,2
Cn1cc(-c2cc(NC(=O)c3cccc(C(F)(F)F)c3)ccc2C#N)cc(N2CCOCC2)c1=O,CHEMBL5802960,5.508638306165727,5.508638306165727,2
Cn1cc(-c2cc(NC(=O)c3cccc(C(F)(F)F)c3)ccc2Cl)cc(N2CCOCC2)c1=O,CHEMBL5941770,8.769551078621726,8.769551078621726,2
Cn1cc(-c2cc(NC(=O)c3cccc(C(F)(F)F)c3)ccc2F)cc(N2CCOCC2)c1=O,CHEMBL5928455,8.698970004336019,8.698970004336019,2
Cn1cc(-c2cc(NC(=O)c3cccc(C(F)(F)F)c3)cnc2Cl)cc(N2CCOCC2)c1=O,CHEMBL5812388,8.853871964321762,8.853871964321762,2
Cn1cc(-c2cc(NC(=O)c3cccc(C(F)F)c3)ccc2C#N)cc(N2CCOCC2)c1=O,CHEMBL5888600,5.443697499232712,5.443697499232712,2
Cn1cc(-c2cc(NC(=O)c3cccc(C(F)F)c3)ccc2Cl)cc(N2CCOCC2)c1=O,CHEMBL6022885,9.096910013008056,9.096910013008056,2
Cn1cc(-c2cc(NC(=O)c3cccc(C(F)F)c3)ccc2F)cc(N2CCOCC2)c1=O,CHEMBL5876156,8.508638306165727,8.508638306165727,2
Cn1cc(-c2cc(NC(=O)c3cccc(C(F)F)c3)cnc2Cl)cc(N2CCOCC2)c1=O,CHEMBL5866750,8.886056647693163,8.886056647693163,2
Cn1cc(-c2cc(NC(=O)c3ccnc(C(C)(F)F)c3)ccc2C#N)cc(N2CCOCC2)c1=O,CHEMBL6017356,5.958607314841775,5.958607314841775,2
Cn1cc(-c2cc(NC(=O)c3ccnc(C(C)(F)F)c3)ccc2Cl)cc(N2CCOCC2)c1=O,CHEMBL5967517,8.853871964321762,8.853871964321762,2
Cn1cc(-c2cc(NC(=O)c3ccnc(C(C)(F)F)c3)ccc2F)cc(N2CCOCC2)c1=O,CHEMBL6038034,8.366531544420413,8.366531544420413,2
Cn1cc(-c2cc(NC(=O)c3ccnc(C(C)(F)F)c3)cnc2Cl)cc(N2CCOCC2)c1=O,CHEMBL5845493,8.346787486224656,8.346787486224656,2
Cn1cc(-c2cc(NC(=O)c3ccnc(C(F)(F)F)c3)ccc2C#N)cc(N2CCOCC2)c1=O,CHEMBL5801851,4.995678626217358,4.995678626217358,2
Cn1cc(-c2cc(NC(=O)c3ccnc(C(F)(F)F)c3)ccc2Cl)cc(N2CCOCC2)c1=O,CHEMBL5808970,9.397940008672037,9.397940008672037,2
Cn1cc(-c2cc(NC(=O)c3ccnc(C(F)(F)F)c3)ccc2F)cc(N2CCOCC2)c1=O,CHEMBL6028940,8.455931955649724,8.455931955649724,2
Cn1cc(-c2cc(NC(=O)c3ccnc(C(F)(F)F)c3)cnc2Cl)cc(N2CCOCC2)c1=O,CHEMBL6019768,8.366531544420413,8.366531544420413,2
Cn1cc(-c2ccc(-c3cc[nH]c3)cc2)c(-c2ccncc2)n1,CHEMBL1780153,6.103473782510445,6.103473782510445,1
Cn1cc(-c2ccc(-c3cc[nH]n3)cc2)c(-c2ccncc2)n1,CHEMBL498467,7.166217492786823,7.166217492786823,2
Cn1cc(-c2ccc(-c3cn[nH]n3)cc2)c(-c2ccncc2)n1,CHEMBL1780152,7.259637310505756,7.259637310505756,1
Cn1cc(-c2ccc(/C(N)=N\O)cc2)c(-c2ccncc2)n1,CHEMBL497866,7.735182176990463,7.735182176990463,1
Cn1cc(-c2ccc(C(=O)N3N=C(c4cccnc4)CC3c3c(O)cccc3F)s2)cn1,CHEMBL1779424,7.891258027893047,7.891258027893047,2
Cn1cc(-c2ccc(C(=O)N3N=C(c4cccnc4)CC3c3ccccc3O)s2)cn1,CHEMBL1779286,7.548183741957881,7.548183741957881,2
Cn1cc(-c2ccc3[nH]ccc3c2)c(-c2ccncc2)n1,CHEMBL1780159,6.064996848546345,6.064996848546345,1
Cn1cc(-c2ccc3c(O)cccc3c2)c(-c2ccncc2)n1,CHEMBL1780161,8.853871964321762,8.853871964321762,1
Cn1cc(-c2ccc3c(c2)C(=O)NC3)c(-c2ccncc2)n1,CHEMBL496477,7.164943898279883,7.164943898279883,1
Cn1cc(-c2ccc3c(c2)CC/C3=N\O)c(-c2ccc3c(cnn3C)c2)n1,CHEMBL526671,6.013407393177789,6.013407393177789,1
Cn1cc(-c2ccc3c(c2)CC/C3=N\O)c(-c2cccnc2)n1,CHEMBL521731,6.362710452321826,6.362710452321826,1
Cn1cc(-c2ccc3c(c2)CC/C3=N\O)c(-c2ccnc(N)c2)n1,CHEMBL496479,8.67778070526608,8.67778070526608,1
Cn1cc(-c2ccc3c(c2)CC/C3=N\O)c(-c2ccnc(O)c2)n1,CHEMBL497700,8.537602002101044,8.537602002101044,1
Cn1cc(-c2ccc3c(c2)CC/C3=N\O)c(-c2ccncc2)n1,CHEMBL500659,10.698970004336019,10.698970004336019,1
Cn1cc(-c2ccc3c(c2)CC/C3=N\O)c(-c2ccncn2)n1,CHEMBL497701,8.508638306165727,8.508638306165727,1
Cn1cc(-c2ccc3c(c2)CC/C3=N\O)c(-c2cnco2)n1,CHEMBL496478,8.387216143280265,8.387216143280265,1
Cn1cc(-c2ccc3c(c2)CCN/C3=N/O)c(-c2ccncc2)n1,CHEMBL498524,7.795880017344075,7.795880017344075,1
Cn1cc(-c2ccc3c(c2)CCc2c[nH]nc2-3)c(-c2ccncc2)n1,CHEMBL1780149,7.638272163982407,7.638272163982407,1
Cn1cc(-c2ccc3c(c2)CNC3=O)c(-c2ccncc2)n1,CHEMBL1780154,7.026872146400302,7.026872146400302,1
Cn1cc(-c2ccc3c(c2)Cc2c[nH]nc2-3)c(-c2ccncc2)n1,CHEMBL523261,8.823908740944319,8.823908740944319,1
Cn1cc(-c2ccc3c(c2)Cc2n[nH]nc2-3)c(-c2ccncc2)n1,CHEMBL1780151,7.958607314841775,7.958607314841775,1
Cn1cc(-c2ccc3cc(O)ccc3c2)c(-c2ccncc2)n1,CHEMBL1780162,7.113509274827518,7.113509274827518,1
Cn1cc(-c2ccc3cc[nH]c3c2)c(-c2ccncc2)n1,CHEMBL1780160,6.484126156288321,6.484126156288321,1
Cn1cc(-c2ccc3cn[nH]c3c2)c(-c2ccncc2)n1,CHEMBL521732,7.005943579865824,7.005943579865824,2
Cn1cc(-c2cccc(NC(=O)c3cc4c(nc3O[C@H]3C[C@@H](O)C3)OC(C)(C)C4)n2)cn1,CHEMBL5633185,4.589864140580731,4.589864140580731,1
Cn1cc(-c2cccc3[nH]ncc23)c(-c2ccncc2)n1,CHEMBL1780157,6.329754146925875,6.329754146925875,1
Cn1cc(-c2cnc3c(-c4csc(C(=O)NCC(F)(F)F)c4)cnn3c2)cn1,CHEMBL4550702,5.823908740944319,5.823908740944319,1
Cn1cc(-c2cnc3c(-c4csc(C(=O)N[C@@H]5CCCC[C@@H]5N)c4)cnn3c2)cn1,CHEMBL4568087,7.721246399047171,7.721246399047171,1
Cn1cc(S(=O)(=O)Nc2ccc(F)c(Nc3ncccc3-c3ncnc4[nH]cnc34)c2F)cn1,CHEMBL3799568,7.321032576499773,7.221929204322132,4
Cn1ccc2c(Oc3ccc(NC(=O)Nc4ccc(Cl)c(C(F)(F)F)c4)cc3)ncnc21,CHEMBL4173438,7.4576403839943515,7.4576403839943515,2
Cn1ccc2c(S(=O)(=O)Nc3ccc(F)c(Nc4ncccc4-c4ncnc5[nH]cnc45)c3F)cccc21,CHEMBL3906265,6.259637310505756,6.259637310505756,1
Cn1ccc2cccc(S(=O)(=O)Nc3ccc(F)c(Nc4ncccc4-c4ncnc5[nH]cnc45)c3F)c21,CHEMBL3942148,6.096910013008056,6.096910013008056,1
Cn1ccc2ncnc(Oc3ccc(NC(=O)Nc4cccc(C(F)(F)F)c4)c(F)c3)c21,CHEMBL1254007,6.045757490560675,6.045757490560675,1
Cn1cccc1C(=O)Nc1cccc(-c2csc3c(-c4cccnc4)cnc(N)c23)c1,CHEMBL2315065,5.379863945026242,5.379863945026242,1
Cn1cnc(S(=O)(=O)Nc2ccc(F)c(Nc3ncccc3-c3ncnc4[nH]cnc34)c2F)c1,CHEMBL3931834,5.7447274948966935,5.7447274948966935,1
Cn1cncc1-c1cc2nccc(-c3cccc(NC(=O)c4cccc(C(F)(F)F)c4)c3)n2n1,CHEMBL1088768,7.0,7.0,1
Cn1nc(C(C)(C)C)cc1C(=O)Nc1cccc(Nc2cc3c(=O)[nH][nH]c(=O)c3cc2Cl)c1,CHEMBL1922600,6.53313237964589,6.53313237964589,1
Cn1nc(C(C)(C)C)cc1C(=O)Nc1cccc(Nc2cc3c(cc2Cl)C(=O)NC3=O)c1,CHEMBL1922593,6.45717457304082,6.45717457304082,1
Cn1nc(C(C)(C)C)cc1NC(=O)Nc1ccc(Oc2ccnc3[nH]c(=O)[nH]c23)c2ccccc12,CHEMBL1091432,6.798439739412091,6.798439739412091,2
Cn1nc(C(C)(C)C)cc1NC(=O)Nc1ccc(Oc2ccnc3[nH]c(=O)[nH]c23)cc1,CHEMBL1089706,6.017164014389946,6.017164014389946,2
Cn1nc(C(C)(C)C)cc1NC(=O)Nc1ccc(Oc2ccnc3[nH]c(=O)cnc23)cc1F,CHEMBL1213884,6.988579694561736,6.988579694561736,2
Cn1nc(C(C)(C)C)cc1NC(=O)Nc1ccc(Oc2ccnc3[nH]c(=O)n(C)c23)c2ccccc12,CHEMBL1093757,6.710583015716914,6.710583015716914,2
Cn1nc(C(C)(C)C)cc1NC(=O)Nc1ccc(Oc2ccnc3[nH]c(=O)n(C)c23)cc1,CHEMBL1093703,5.963250800641369,5.963250800641369,2
Cn1nc(C(C)(C)C)cc1NC(=O)Nc1ccc(Oc2ccnc3c2[nH]c(=O)n3C)c2ccccc12,CHEMBL1091039,6.516717957951345,6.516717957951345,2
Cn1nc(C(C)(C)C)cc1NC(=O)Nc1ccc(Oc2ccnc3c2[nH]c(=O)n3C)cc1,CHEMBL1092770,6.062991148068907,6.062991148068907,2
Cn1nc(C(C)(C)C)cc1NC(=O)c1cc(Cl)cc(Nc2ncnc3cnc(N4CCCC4)nc23)c1,CHEMBL3697918,8.397940008672037,8.397940008672037,1
Cn1nc(C(C)(C)C)cc1NC(=O)c1cc(Cl)cc(Nc2ncnc3cnc(N4CCCC4)nc23)c1Cl,CHEMBL3697915,5.698970004336019,5.698970004336019,1
Cn1nc(C(C)(C)C)cc1NC(=O)c1cc(Cl)cc(Nc2ncnc3cnc(N4CCOCC4)nc23)c1,CHEMBL3697917,8.154901959985743,8.154901959985743,1
Cn1nc(C(C)(C)C)cc1NC(=O)c1cc(Cl)cc(Nc2ncnc3cnc(N4CCOCC4)nc23)c1Cl,CHEMBL3697916,5.698970004336019,5.698970004336019,1
Cn1nc(C(C)(C)C)cc1NC(=O)c1ccc(F)c(Nc2ncnc3cnc(N4CCOCC4)nc23)c1,CHEMBL3697924,8.698970004336019,8.698970004336019,1
Cn1nc(C(C)(C)C)cc1NC(=O)c1ccc(F)c(Nc2ncnc3cnc(NC4CCOC4)nc23)c1,CHEMBL3697927,8.698970004336019,8.698970004336019,1
Cn1ncc(-c2ccc3c(c2)CC/C3=N\O)c1-c1ccncc1,CHEMBL500660,9.318758762624412,9.318758762624412,1
Cn1ncc2c(Oc3ccc(NC(=O)Nc4ccc(Cl)c(C(F)(F)F)c4)cc3)ncnc21,CHEMBL5267814,7.4576403839943515,7.4576403839943515,2
Cn1ncc2c(Oc3ccc4c(c3)nc(Nc3ccc(Br)cc3)n4C)ncnc21,CHEMBL4165904,7.388276691992658,7.388276691992658,1
Cn1ncc2c(Oc3ccc4c(c3)nc(Nc3ccc(C(F)(F)F)cc3)n4C)ncnc21,CHEMBL4175295,6.666351243485298,6.666351243485298,1
Cn1ncc2c(Oc3ccc4c(c3)nc(Nc3ccc(Cl)c(Cl)c3)n4C)ncnc21,CHEMBL4162460,6.311758204022288,6.311758204022288,1
Cn1ncc2c(Oc3ccc4c(c3)nc(Nc3ccc(Cl)cc3)n4C)ncnc21,CHEMBL4163939,6.976336081802207,6.976336081802207,1
Cn1ncc2c(Oc3ccc4c(c3)nc(Nc3ccc(F)cc3)n4C)ncnc21,CHEMBL4173144,6.390192230671298,6.390192230671298,1
Cn1ncc2c(Oc3ccc4c(c3)nc(Nc3ccc(OC(F)(F)F)cc3)n4C)ncnc21,CHEMBL4170025,6.7657358756212105,6.7657358756212105,1
Cn1ncc2c(Oc3ccc4c(c3)nc(Nc3cccc(C(F)(F)F)c3)n4C)ncnc21,CHEMBL4169626,6.322119418488409,6.322119418488409,1
Cn1nnnc1Sc1cc(NS(=O)(=O)c2cccs2)c2ccccc2c1O,CHEMBL2030271,6.548455006504028,6.548455006504028,2
FC(F)(F)c1ccc(C2=NN(C(=S)Nc3ccccc3)C(c3ccc4c(c3)OCCO4)C2)cc1,CHEMBL4287349,4.448550002027125,4.448550002027125,1
FC(F)(F)c1ccc2nc(C3C4Oc5ccc(Oc6ccnc(-c7nc(C(F)(F)F)c[nH]7)c6)cc5C43)[nH]c2c1,CHEMBL3967304,6.536107011014092,6.536107011014092,3
FC(F)(F)c1ccc2nc(C3C4Oc5ccc(Oc6ccnc7[nH]ccc67)cc5C43)[nH]c2c1,CHEMBL3890417,6.282329496997738,6.282329496997738,2
FC(F)(F)c1ccc2nc(C3C4Oc5ccc(Oc6ccncc6)cc5C43)[nH]c2c1,CHEMBL3922825,6.285670240254767,6.285670240254767,3
FC(F)(F)c1ccc2nc(C3C4Oc5ccc(Oc6ccncn6)cc5C43)[nH]c2c1,CHEMBL3924429,6.244887733604928,6.244887733604929,3
FC(F)(F)c1ccc2nc(C3C4Oc5ccc(Oc6ncnc7[nH]cnc67)cc5C43)[nH]c2c1,CHEMBL3905022,7.251811972993799,7.251811972993799,3
FC(F)(F)c1cccc(-c2ccc3ncnc(Nc4cccc5[nH]ncc45)c3c2)c1,CHEMBL3661263,6.439644150426644,6.439644150426644,2
F[C@@H]1CNCC[C@H]1n1cc(-c2ccc3c(c2)Cc2c[nH]nc2-3)c(-c2ccncc2)n1,CHEMBL1780177,7.534984192524513,7.519685577339133,4
F[C@H]1CCNC[C@H]1n1cc(-c2ccc3c(c2)Cc2c[nH]nc2-3)c(-c2ccncc2)n1,CHEMBL1780179,7.084359532484649,7.084359532484649,2
F[C@H]1CNCC[C@@H]1n1cc(-c2ccc3c(c2)Cc2c[nH]nc2-3)c(-c2ccncc2)n1,CHEMBL1780180,7.537860356969059,7.537860356969059,2
F[C@H]1CNCC[C@H]1n1cc(-c2ccc3c(c2)Cc2c[nH]nc2-3)c(-c2ccncc2)n1,CHEMBL1780178,7.405310997078985,7.405310997078985,2
Fc1cc(CN2C3COCC2COC3)ccc1-c1ccnc2c(-c3cccc4[nH]ncc34)c(-c3ccncc3)nn12,CHEMBL1276192,9.113509274827518,9.113509274827518,1
Fc1cc(CN2C[C@@H]3C[C@H]2CO3)ccc1-c1ccnc2c(-c3cccc4[nH]ncc34)c(-c3ccncc3)nn12,CHEMBL1276189,8.920818753952375,8.920818753952375,1
Fc1cc(CN2C[C@H]3C[C@@H]2CO3)ccc1-c1ccnc2c(-c3cccc4[nH]ncc34)c(-c3ccncc3)nn12,CHEMBL1276190,9.2839966563652,9.2839966563652,1
Fc1ccc(-c2c(-c3ccncc3)nn3c(C4CC5CCC(C4)N5)ccnc23)c2cn[nH]c12,CHEMBL584527,8.42021640338319,8.42021640338319,1
Fc1ccc(-c2ccc3ncnc(Nc4cccc5[nH]ncc45)c3c2)cc1Cl,CHEMBL3661256,6.271798883524722,6.271798883524722,2
Fc1ccc(-c2ccc3ncnc(Nc4cccc5[nH]ncc45)c3c2)cc1F,CHEMBL3661261,6.7194655948293,6.7194655948293,2
Fc1ccc(-c2cn(-c3c(Cl)cc(Cl)cc3Cl)nc2-c2ccncc2)cc1,CHEMBL2011304,5.6020599913279625,5.6020599913279625,1
Fc1ccc(-c2cn(-c3ccc(C(F)(F)F)cc3)nc2-c2ccncc2)cc1,CHEMBL2011305,5.568636235841012,5.568636235841012,2
Fc1ccc(C2=NN(C(=S)Nc3ccccc3)C(c3ccc4c(c3)OCCO4)C2)cc1,CHEMBL4287092,4.636388020107856,4.636388020107856,1
Fc1ccc(Nc2c(-c3ncccn3)oc3cnccc23)c2cn[nH]c12,CHEMBL1667921,8.698970004336019,8.698970004336019,1
Fc1cccc(-c2ccc3ncnc(Nc4cccc5[nH]ncc45)c3c2)c1,CHEMBL3661258,6.583114180719415,6.583114180719415,2
Fc1ccccc1-c1ccc2nccc(Nc3cccc4[nH]ncc34)c2c1,CHEMBL3661299,6.459485267430761,6.459485267430761,2
Fc1ccccc1-c1ccc2ncnc(Nc3cccc4[nH]ncc34)c2c1,CHEMBL3661267,6.701448883718272,6.701448883718272,2
N#CC(=C(/N)Sc1ccccc1N)/C(C#N)=C(\N)Sc1ccccc1N,CHEMBL34704,6.6020599913279625,6.6020599913279625,1
N#CC1(c2cccc(C(=O)N[C@@H]3[C@H]4Oc5ccc(Oc6ccnc7c6CCC(=O)N7)cc5[C@@H]34)c2)CC1,CHEMBL6031887,8.602059991327963,8.602059991327963,1
N#CC1(c2cccc(C(=O)Nc3cc(Oc4ccc5nc(NC(=O)C6CC6)sc5n4)ccc3F)c2Cl)CC1,CHEMBL2063743,8.2518119729938,8.2518119729938,1
N#CC1(c2cccc(C(=O)Nc3cccc(Nc4ccnc(NC(=O)C5CC5)c4)c3)c2)CC1,CHEMBL3800220,6.397331492652375,6.397331492652375,2
N#CCNc1ncnc(-n2c(Nc3cccc(O)c3)nc3ccccc32)n1,CHEMBL1615182,8.522878745280337,8.522878745280337,1
N#CNc1cccc(-c2nc(NC3CC3)nc3sc(C(N)=O)c(N)c23)c1,CHEMBL1934518,5.795880017344075,5.795880017344075,1
N#Cc1c(-c2ccc(Cl)cc2Cl)cc(-c2c[nH]c3ccccc23)[nH]c1=O,CHEMBL5631610,7.015851942476872,7.015851942476872,2
N#Cc1c(N)nc2sc(C(N)=O)c(N)c2c1-c1ccc(Cl)cc1,CHEMBL5619143,5.712984366136141,5.712984366136141,2
N#Cc1c(Oc2ccc(F)c(NC(=O)Cc3cccc(C(F)(F)F)c3)c2)ccc2nc(NC(=O)C3CC3)sc12,CHEMBL3125890,8.080921907623926,8.059730615482195,17
N#Cc1c(Oc2ccc(F)c(NC(=O)Cc3cccc(C(F)(F)F)c3)c2)ccc2nc(NC(=O)COCC(=O)Nc3nc4ccc(Oc5ccc(F)c(NC(=O)Cc6cccc(C(F)(F)F)c6)c5)c(C#N)c4s3)sc12,CHEMBL4243306,6.322871809232389,6.322871809232389,2
N#Cc1c(Oc2ccc(F)c(NC(=O)Cc3cccc(C(F)(F)F)c3)c2)ccc2nc(NC(=O)COCCOCCOCC(=O)Nc3nc4ccc(Oc5ccc(F)c(NC(=O)Cc6cccc(C(F)(F)F)c6)c5)c(C#N)c4s3)sc12,CHEMBL4237730,7.095419538336303,7.095419538336303,2
N#Cc1c(Oc2ccc(F)c(NC(=O)Cc3cccc(C(F)(F)F)c3)c2)ccc2nc(NC(=O)COCCOCCOCC(=O)Nc3nccs3)sc12,CHEMBL4241641,7.692503962086787,7.692503962086787,1
N#Cc1c(Oc2ccc(F)c(NC(=O)Cc3cccc(C(F)(F)F)c3)c2)ccc2nc(NC(=O)COCCOCCOCCOCC(=O)Nc3nc4ccc(Oc5ccc(F)c(NC(=O)Cc6cccc(C(F)(F)F)c6)c5)c(C#N)c4s3)sc12,CHEMBL4243806,6.492555003054855,6.492555003054855,2
N#Cc1c(Oc2ccc(F)c(NC(=O)Cc3cccc(C(F)(F)F)c3)c2)ccc2nc(NC(=O)COCCOCCOCCOCCOCC(=O)Nc3nc4ccc(Oc5ccc(F)c(NC(=O)Cc6cccc(C(F)(F)F)c6)c5)c(C#N)c4s3)sc12,CHEMBL4246643,7.099988761724393,7.099988761724393,2
N#Cc1c(Oc2ccc(F)c(NC(=O)Cc3cccc(C(F)(F)F)c3)c2)ccc2nc(NC(=O)COCCOCCOCCOCCOCCOCCOCC(=O)Nc3nc4ccc(Oc5ccc(F)c(NC(=O)Cc6cccc(C(F)(F)F)c6)c5)c(C#N)c4s3)sc12,CHEMBL4239581,6.294473127731738,6.294473127731738,2
N#Cc1c(Oc2ccc(F)c(NC(=O)Nc3ccc(C(F)(F)F)cc3)c2)ccc2nc(NC(=O)C3CC3)sc12,CHEMBL3125886,7.338270816575266,7.338270816575266,2
N#Cc1c(Oc2ccc(F)c(NC(=O)Nc3cccc(C(F)(F)F)c3)c2)ccc2nc(NC(=O)C3CC3)sc12,CHEMBL3125885,7.48369061957464,7.48369061957464,2
N#Cc1c(Oc2cccc(NC(=O)Cc3ccc(C(F)(F)F)cc3)c2)ccc2nc(NC(=O)C3CC3)sc12,CHEMBL3125889,7.258563208195623,7.258563208195623,2
N#Cc1c(Oc2cccc(NC(=O)Cc3cccc(C(F)(F)F)c3)c2)ccc2nc(NC(=O)C3CC3)sc12,CHEMBL3125888,7.664877073462938,7.664877073462938,2
N#Cc1c(Oc2cccc(NC(=O)Cc3ccccc3C(F)(F)F)c2)ccc2nc(NC(=O)C3CC3)sc12,CHEMBL3125887,7.853871964321762,7.853871964321762,1
N#Cc1c(Oc2cccc(NC(=O)Nc3ccc(C(F)(F)F)cc3)c2)ccc2nc(NC(=O)C3CC3)sc12,CHEMBL3125884,7.351667404869234,7.351667404869234,2
N#Cc1c(Oc2cccc(NC(=O)Nc3cccc(C(F)(F)F)c3)c2)ccc2nc(NC(=O)C3CC3)sc12,CHEMBL3125883,7.434833115752497,7.434833115752497,2
N#Cc1c(Oc2cccc(NC(=O)Nc3ccccc3C(F)(F)F)c2)ccc2nc(NC(=O)C3CC3)sc12,CHEMBL3125882,7.721246399047171,7.721246399047171,1
N#Cc1cc(CNc2ccccc2C(=O)Nc2ccc3c(c2)OC(F)(F)O3)ccn1,CHEMBL248257,6.958607314841775,6.958607314841775,1
N#Cc1cc(NC(=O)Nc2ccc(Oc3ccnc(NC(=O)C4CC4)c3)c(F)c2)cc(C(F)(F)F)c1,CHEMBL3972070,7.060480747381382,7.060480747381382,1
N#Cc1cc(NC(=O)Nc2ccc(Oc3ccnc(NC(=O)C4CC4)c3)cc2)cc(C(F)(F)F)c1,CHEMBL3951823,7.142667503568731,7.142667503568731,1
N#Cc1ccc(-c2cnc3ccc(NCc4ccccc4)nn23)cc1,CHEMBL3582427,5.6020599913279625,5.6020599913279625,1
N#Cc1ccc(-n2nc(-c3ccncc3)c(-c3ccc(F)cc3)c2N)cc1,CHEMBL2011297,5.769551078621726,5.769551078621726,2
N#Cc1ccc(C(=O)CSc2nccc(Nc3ccc(C(=O)O)cc3)n2)cc1,CHEMBL4558790,5.769551078621726,5.769551078621726,1
N#Cc1ccc(NC(=O)Nc2ccc(Oc3ccnc(NC(=O)C4CC4)c3)c(F)c2)cc1C(F)(F)F,CHEMBL3940692,8.154901959985743,8.154901959985743,1
N#Cc1ccc(NC(=O)Nc2ccc(Oc3ccnc(NC(=O)C4CC4)c3)cc2)cc1C(F)(F)F,CHEMBL3929084,7.886056647693163,7.886056647693163,1
N#Cc1ccc(NC(=O)Nc2ccc(Oc3ccnc(NC(=O)C4CC4)c3)cc2F)cc1Cl,CHEMBL3910713,7.958607314841775,7.958607314841775,1
N#Cc1ccc(NC(=O)Nc2ccc(Oc3ccnc(NC(=O)C4CC4)c3)cn2)cc1C(F)(F)F,CHEMBL3975944,7.6020599913279625,7.6020599913279625,1
N#Cc1ccc2nc(C3C4Oc5ccc(Oc6ccnc7c6CCC(=O)N7)cc5C43)[nH]c2c1,CHEMBL3893187,7.657577319177793,7.657577319177793,3
N#Cc1cccc(-c2ccc3nccc(Nc4cccc5[nH]ncc45)c3c2)c1,CHEMBL3661289,6.9571449805203365,6.9571449805203365,2
N#Cc1cccc(-c2ccc3ncnc(Nc4cccc5[nH]ncc45)c3c2)c1,CHEMBL3661278,6.786802933773756,6.786802933773756,2
N#Cc1cccc(C(=O)Nc2cccc(Nc3cc4c(=O)[nH][nH]c(=O)c4cc3Cl)c2)c1,CHEMBL1922599,6.528708288941061,6.528708288941061,1
N#Cc1cccc(C(=O)Nc2cccc(Nc3cc4c(cc3Cl)C(=O)NC4=O)c2)c1,CHEMBL1922592,6.527243550682788,6.527243550682788,1
N#Cc1cccc(C(=O)Nc2cccc(Nc3ccnc(NC(=O)C4CC4)c3)c2)c1,CHEMBL3798792,5.452225294612178,5.452225294612178,1
N#Cc1cccc(N2C(=O)c3ccccc3C2(O)c2ccc3c(c2)NC(=O)CO3)c1,CHEMBL3941642,6.0,6.0,1
N#Cc1ccccc1-c1ccc(C=C2C(=O)NC(=S)NC2=O)o1,CHEMBL2070563,6.130768280269024,6.130768280269024,1
N#Cc1ccccc1S(=O)(=O)N1N=C(c2cccnc2)CC1c1ccccc1O,CHEMBL1782354,6.346787486224656,6.346787486224656,1
N#Cc1cnc2cc(-c3ccncc3)sc2c1-c1cccc(NC(=O)c2cccc(C(F)(F)F)c2)c1,CHEMBL1091543,5.2262135550188065,5.2262135550188065,1
N=C(N)SCCCn1c(=O)c2c(c1=O)n1c3ccccc3cc1c1cccc3ccn2c31,CHEMBL489083,5.920818753952375,5.920818753952375,1
NC(=O)CCn1cc(-c2ccc3ncnc(Nc4cc(O)c(F)cc4F)c3c2)nn1,CHEMBL5418423,7.268277484114786,7.268277484114786,4
NC(=O)c1c(-c2ccncc2)nn(-c2ccccc2)c1N,CHEMBL2011301,4.1938200260161125,4.1938200260161125,2
NC(=O)c1cc(CNc2ccccc2C(=O)Nc2ccc3c(c2)OC(F)(F)O3)ccn1,CHEMBL248051,7.468521082957745,7.468521082957745,1
NC(=O)c1cc(Oc2ccc(NC(=O)c3ccc(Cl)c(C(F)(F)F)c3)cc2)ccc1N,CHEMBL4457709,6.162411561764489,6.162411561764489,2
NC(=O)c1ccc2nc(C3C4Oc5ccc(Oc6ccnc7c6CCC(=O)N7)cc5C43)[nH]c2c1,CHEMBL3892591,8.397940008672037,8.397940008672037,3
NC(=O)c1cccc(-c2ccc3nccc(Nc4cccc5[nH]ncc45)c3c2)c1,CHEMBL3639601,6.957213441634124,6.957213441634124,2
NC(=O)c1cccc(-c2ccc3ncnc(Nc4cccc5[nH]ncc45)c3c2)c1,CHEMBL3661273,6.886478502732568,6.886478502732568,2
NC(=O)c1cccc(-c2cnn3c(-c4cccc(NC(=O)c5cccc(C(F)(F)F)c5)c4)ccnc23)c1,CHEMBL1086870,7.2441251443275085,7.2441251443275085,1
NC(=O)c1cccc(N2C(=O)c3ccccc3C2(O)c2ccc3c(c2)NC(=O)CO3)c1,CHEMBL3899779,6.0,6.0,1
NC(=O)c1cccc(Nc2nccc(-c3[nH]c(C(F)(F)F)nc3-c3cccc(NC(=O)Cc4ccc(Cl)cc4)c3)n2)c1,CHEMBL256775,7.018578659399378,7.018578659399378,2
NC(=O)c1cccc(Nc2nccc(-c3[nH]c(C4CC4)nc3-c3cccc(NC(=O)Cc4ccc(Cl)cc4)c3)n2)c1,CHEMBL254966,8.460409376976187,8.460409376976187,2
NC(=O)c1cccc(Nc2nccc(-c3[nH]c(C4CC4)nc3-c3cccc(NC(=O)Nc4ccc(Cl)c(C(F)(F)F)c4)c3)n2)c1,CHEMBL255496,7.335301060319479,7.335301060319479,2
NC(=O)c1cccc(Nc2nccc(-c3[nH]c(C4CC4)nc3-c3cccc(NS(=O)(=O)Cc4ccc(Cl)c(Cl)c4)c3)n2)c1,CHEMBL402424,6.307162908673943,6.307162908673943,2
NC(=O)c1nccc2c1[nH]c1ccc(S(=O)(=O)NC3CC3)cc12,CHEMBL2047065,5.042392712939905,5.042392712939905,1
NC(=O)c1nccc2c1[nH]c1ccc(S(=O)(=O)NCC(O)CO)cc12,CHEMBL2047062,4.34591976469343,4.34591976469343,1
NC(=O)c1nccc2c1[nH]c1ccc(S(=O)(=O)NCCCO)cc12,CHEMBL2047058,4.688246138944246,4.688246138944246,1
NC(=O)c1nccc2c1[nH]c1ccc(S(=O)(=O)NCCO)cc12,CHEMBL2047063,4.624519285381427,4.624519285381427,1
NC(=O)c1nccc2c1[nH]c1ccc(S(=O)(=O)Nc3ccc(F)cc3)cc12,CHEMBL2047068,5.051098239029786,5.051098239029786,1
NC(=O)c1nccc2c1[nH]c1ccc(S(=O)(=O)Nc3ccccc3)cc12,CHEMBL2047066,5.562249437179612,5.562249437179612,1
NC(=O)c1nccc2c1[nH]c1ccc(S(=O)(=O)Nc3ccccn3)cc12,CHEMBL2047069,5.424812155072339,5.424812155072339,1
NC(=O)c1nccc2c1[nH]c1ccc(S(=O)(=O)Nc3nccs3)cc12,CHEMBL2047070,5.126098402135538,5.126098402135538,1
NC(=O)c1nccc2c1[nH]c1ccc(S(N)(=O)=O)cc12,CHEMBL2047071,5.673664139071249,5.673664139071249,1
NC(=O)c1sc2nc(N)nc(-c3ccc(Cl)c(Cl)c3)c2c1N,CHEMBL1934499,5.572446461480315,5.572446461480315,2
NC(=O)c1sc2nc(NC3CC3)nc(-c3cc(O)cc(Cl)c3)c2c1N,CHEMBL1934513,8.15051499783199,8.15051499783199,2
NC(=O)c1sc2nc(NC3CC3)nc(-c3ccc(Cl)c(Cl)c3)c2c1N,CHEMBL1934497,5.912267287853755,5.912267287853755,2
NC(=O)c1sc2nc(NC3CC3)nc(-c3ccc(Cl)c(O)c3)c2c1N,CHEMBL1934514,7.434030352394788,7.434030352394788,2
NC(=O)c1sc2nc(NC3CC3)nc(-c3ccc(F)c(F)c3)c2c1N,CHEMBL1934507,5.917214629683549,5.917214629683549,1
NC(=O)c1sc2nc(NC3CC3)nc(-c3ccc(O)cc3)c2c1N,CHEMBL1934509,5.438718412520905,5.438718412520905,2
NC(=O)c1sc2nc(NC3CC3)nc(-c3ccc4nc[nH]c4c3)c2c1N,CHEMBL1934640,4.812479279163537,4.812479279163537,1
NC(=O)c1sc2nc(NC3CC3)nc(-c3cccc(CO)c3)c2c1N,CHEMBL1934517,5.876148359032914,5.876148359032914,1
NC(=O)c1sc2nc(NC3CC3)nc(-c3cccc(N)c3)c2c1N,CHEMBL1934512,5.8124792791635365,5.8124792791635365,1
NC(=O)c1sc2nc(NC3CC3)nc(-c3cccc(NC(=O)Nc4ccc(C(F)(F)F)cc4)c3)c2c1N,CHEMBL1934646,6.464705879957229,7.08346399417761,3
NC(=O)c1sc2nc(NC3CC3)nc(-c3cccc(NC(=O)Nc4ccccc4)c3)c2c1N,CHEMBL1934644,7.42021640338319,6.636915017093547,3
NC(=O)c1sc2nc(NC3CC3)nc(-c3cccc(O)c3)c2c1N,CHEMBL1934508,7.2637680516965055,7.2637680516965055,2
NC(=O)c1sc2nc(NC3CC3)nc(-c3cccc(O)c3F)c2c1N,CHEMBL1934516,7.67630851494269,7.67630851494269,2
NC(=O)c1sc2nc(NC3CC3)nc(-c3cccnc3)c2c1N,CHEMBL1934511,5.950781977329818,5.950781977329818,1
NC(=O)c1sc2nc(NCCO)nc(-c3ccc(Cl)c(Cl)c3)c2c1N,CHEMBL1934501,5.83124541133603,5.83124541133603,2
NC(=O)c1sc2ncnc(-c3ccc(Cl)c(Cl)c3)c2c1N,CHEMBL1934498,6.2949920406666635,6.2949920406666635,1
NC(=O)c1sc2ncnc(-c3cccc(NC(=O)Nc4ccc(C(F)(F)F)cc4)c3)c2c1N,CHEMBL1934650,7.742726123669857,7.742726123669857,2
NC(=S)c1cc(CNc2ccccc2C(=O)Nc2ccc3c(c2)OC(F)(F)O3)ccn1,CHEMBL248258,7.0,7.0,1
NC1(c2cc(C(=O)N[C@@H]3[C@H]4Oc5ccc(Oc6ccnc7c6CCC(=O)N7)cc5[C@@H]34)cc(C(F)(F)F)c2)CC1,CHEMBL5915854,8.657577319177793,8.657577319177793,1
NCCCCCCC(=S)N/N=C1\CC2(CCCCC2)Oc2c1ccc1ccccc21,CHEMBL4244030,5.568636235841012,5.568636235841012,1
NCCCc1n[nH]c2c(Cl)ccc(Nc3c(-c4ncccn4)oc4cnccc34)c12,CHEMBL1667865,8.366531544420413,8.366531544420413,1
NCCCc1nc(-c2cccc(NS(=O)(=O)c3cc(F)ccc3F)c2F)c(-c2ccnc(N)n2)s1,CHEMBL5195570,8.200659450546418,8.200659450546418,1
NCCCn1cc(-c2ccc3c(c2)CC/C3=N\O)c(-c2ccncc2)n1,CHEMBL498496,9.4089353929735,9.4089353929735,1
NCCNc1nc(-c2ccc(Cl)c(Cl)c2)c2c(N)c(C(N)=O)sc2n1,CHEMBL1934502,5.984801349571619,5.984801349571619,2
NCCn1cc(-c2ccc3c(c2)CC/C3=N\O)c(-c2ccncc2)n1,CHEMBL496276,8.619788758288394,8.619788758288394,1
NCc1cc(NC(=O)C2CCc3ccc(Oc4ccnc(NC(=O)C5CC5)c4)cc3C2)cc(C(F)(F)F)c1,CHEMBL1688868,8.096910013008056,8.096910013008056,1
NCc1cc(NC(=O)[C@@H]2CCc3ccc(Oc4ccnc(NC(=O)C5CC5)c4)cc3C2)cc(C(F)(F)F)c1,CHEMBL1688870,8.221848749616356,8.221848749616356,1
NCc1cc(NC(=O)[C@H]2CCc3ccc(Oc4ccnc(NC(=O)C5CC5)c4)cc3C2)cc(C(F)(F)F)c1,CHEMBL1688869,8.301029995663981,8.301029995663981,1
NCc1ccc(-c2ccc(C(=O)N3N=C(c4cccnc4)CC3c3c(O)cccc3F)s2)cc1,CHEMBL1778667,7.977338510606671,7.977338510606671,2
NCc1ccc(-c2ccc(C(=O)N3N=C(c4cccnc4)CC3c3ccccc3O)s2)cc1,CHEMBL1779291,7.693608071640132,7.693608071640132,2
NCc1ccc(-c2nc(-c3ccc(Cl)c(O)c3)c(-c3ccncc3)[nH]2)cc1,CHEMBL200320,8.096910013008056,8.096910013008056,1
NCc1ccc(Nc2c(-c3ccccc3)nc3cnccn23)cc1,CHEMBL1668902,5.853871964321762,5.853871964321762,1
NCc1cccc(-c2ccc(C(=O)N3N=C(c4cccnc4)CC3c3ccccc3O)s2)c1,CHEMBL1779288,7.315392071294928,7.315392071294928,2
NCc1ccccc1-c1ccc(C(=O)N2N=C(c3cccnc3)CC2c2c(O)cccc2F)s1,CHEMBL1779592,7.612741517135725,7.612741517135725,2
NCc1ccccc1-c1ccc(C(=O)N2N=C(c3cccnc3)CC2c2ccccc2O)s1,CHEMBL1779289,7.284318117920506,7.284318117920506,2
NCc1ccccc1-c1ccc(C(=O)N2N=C(c3cncc(F)c3)CC2c2ccccc2O)s1,CHEMBL1778671,7.211254100081387,7.211254100081387,2
NCc1ccccc1-c1ccc(C(=O)N2N=C(c3cncc(N)c3)CC2c2c(O)cccc2F)s1,CHEMBL1779281,7.824875990832918,7.824875990832918,2
NCc1ccccc1-c1ccc(C(=O)N2N=C(c3cncc(N)c3)CC2c2ccccc2O)s1,CHEMBL1778672,7.674360993000928,7.674360993000928,2
NS(=O)(=O)c1ccc2[nH]c3cnccc3c2c1,CHEMBL2047072,5.603800652904264,5.603800652904264,1
N[C@@H]1[C@H]2Oc3ccc(Oc4ccnc5c4CNC(=O)N5)cc3[C@@H]12,CHEMBL5880324,5.546834607474143,5.546834607474143,1
N[C@H]1CC[C@@H](n2cc(-c3ccc4c(c3)Cc3c[nH]nc3-4)c(-c3ccncc3)n2)CC1,CHEMBL1780171,6.729732658182039,6.729732658182039,2
N[C@H]1CC[C@H](n2cc(-c3ccc4c(c3)Cc3c[nH]nc3-4)c(-c3ccncc3)n2)CC1,CHEMBL1780170,7.791380439266309,7.791380439266309,2
Nc1c(-c2ccc(F)cc2)c(-c2ccncc2)nn1-c1c(Cl)cc(Cl)cc1Cl,CHEMBL2011291,6.302949348979977,6.329202378053584,6
Nc1c(-c2ccc(F)cc2)c(-c2ccncc2)nn1-c1ccc(C(F)(F)F)cc1,CHEMBL2011298,5.823908740944319,5.823908740944319,2
Nc1c(-c2ccc(F)cc2)c(-c2ccncc2)nn1-c1ccc(Cl)cc1,CHEMBL2011293,6.096910013008056,6.096910013008056,2
Nc1c(-c2ccc(F)cc2)c(-c2ccncc2)nn1-c1ccc([N+](=O)[O-])cc1,CHEMBL2011295,5.853871964321762,5.853871964321762,2
Nc1c(-c2ccc(F)cc2)c(-c2ccncc2)nn1-c1ccccc1,CHEMBL2011292,6.045757490560675,6.045757490560675,2
Nc1cc(-c2nc3sccn3c2-c2ccnc(NCCCNS(=O)(=O)c3ccc(F)cc3)n2)ccc1F,CHEMBL5754849,8.779513990633019,8.779513990633019,2
Nc1cc(CNc2ccccc2C(=O)Nc2ccc3c(c2)OC(F)(F)O3)ccn1,CHEMBL400109,6.38008008964894,6.38008008964894,2
Nc1cc(NC(=O)Nc2ccc(Oc3ccnc(NC(=O)C4CC4)c3)c(F)c2)cc(C(F)(F)F)c1,CHEMBL3932357,8.154901959985743,8.154901959985743,1
Nc1cc(Oc2ccc(NC(=O)Nc3cccc(C(F)(F)F)c3)cc2)ncn1,CHEMBL4849349,5.795880017344075,5.795880017344075,1
Nc1cc(Oc2ccc3c(c2)[C@H]2[C@H](NC(=O)Nc4cc(F)c(F)cc4F)[C@H]2O3)ccn1,CHEMBL5961749,4.7447274948966935,4.7447274948966935,1
Nc1cc(Oc2ccc3c(c2)[C@H]2[C@H](NC(=O)Nc4ccc(F)cc4F)[C@H]2O3)ccn1,CHEMBL6025184,4.443697499232713,4.443697499232713,1
Nc1ccc(-c2ccc3nccc(Nc4cccc5[nH]ncc45)c3c2)cc1,CHEMBL3661295,6.594850297524587,6.594850297524587,2
Nc1ccc(-c2ccc3ncnc(Nc4cccc5[nH]ncc45)c3c2)cc1,CHEMBL3661247,6.525857937232114,6.525857937232114,2
Nc1ccc(-c2cnn3c(-c4cccc(NC(=O)c5cccc(C(F)(F)F)c5)c4)ccnc23)cn1,CHEMBL1087780,6.950781977329818,6.950781977329818,1
Nc1ccc(F)c(-c2ccc3nccc(Nc4cccc5[nH]ncc45)c3c2)c1,CHEMBL3661308,6.822494564071002,6.822494564071002,2
Nc1ccc(F)c(-c2ccc3ncnc(Nc4cccc5[nH]ncc45)c3c2)c1,CHEMBL3661309,6.598518639025386,6.598518639025386,2
Nc1cccc(-c2nc3sccn3c2-c2ccnc(NCCCCNS(=O)(=O)c3ccc(Br)cc3)n2)c1,CHEMBL4745503,8.365522729839268,8.365522729839268,1
Nc1cccc(-c2nc3sccn3c2-c2ccnc(NCCCCNS(=O)(=O)c3ccc(C(F)(F)F)cc3)n2)c1,CHEMBL4782235,7.943095148663527,7.943095148663527,1
Nc1cccc(-c2nc3sccn3c2-c2ccnc(NCCCCNS(=O)(=O)c3ccc(Cl)cc3)n2)c1,CHEMBL4763209,7.690369832574101,7.690369832574101,1
Nc1cccc(-c2nc3sccn3c2-c2ccnc(NCCCCNS(=O)(=O)c3ccc(F)cc3)n2)c1,CHEMBL4753878,8.20690839982342,8.20690839982342,1
Nc1cccc(-c2nc3sccn3c2-c2ccnc(NCCCCNS(=O)(=O)c3cccc(F)c3)n2)c1,CHEMBL4781905,7.8696662315049934,7.8696662315049934,1
Nc1cccc(-c2nc3sccn3c2-c2ccnc(NCCCCNS(=O)(=O)c3cccc4ccccc34)n2)c1,CHEMBL4752201,7.610833915635467,7.610833915635467,1
Nc1cccc(-c2nc3sccn3c2-c2ccnc(NCCNS(=O)(=O)c3ccc(Br)cc3)n2)c1,CHEMBL4755694,7.132532512140949,7.132532512140949,1
Nc1cccc(-c2nc3sccn3c2-c2ccnc(NCCNS(=O)(=O)c3ccc(C(F)(F)F)cc3)n2)c1,CHEMBL4746223,6.85078088734462,6.85078088734462,1
Nc1cccc(-c2nc3sccn3c2-c2ccnc(NCCNS(=O)(=O)c3ccc(Cl)cc3)n2)c1,CHEMBL4745087,7.777283528852417,7.777283528852417,1
Nc1cccc(-c2nc3sccn3c2-c2ccnc(NCCNS(=O)(=O)c3ccc(F)cc3)n2)c1,CHEMBL4791677,7.896196279044043,7.896196279044043,1
Nc1cccc(-c2nc3sccn3c2-c2ccnc(NCCNS(=O)(=O)c3cccc(F)c3)n2)c1,CHEMBL4793770,7.548213564475709,7.548213564475709,1
Nc1cccc(-c2nc3sccn3c2-c2ccnc(NCCNS(=O)(=O)c3cccc4ccccc34)n2)c1,CHEMBL4763983,6.818156412055227,6.818156412055227,1
Nc1cccc(N2C(=O)c3ccccc3C2(O)c2ccc3c(c2)NC(=O)CO3)c1,CHEMBL3920214,7.0,7.0,1
Nc1ccccc1N1C(=O)c2ccccc2C1(O)c1ccc2c(c1)NC(=O)CO2,CHEMBL3918000,7.0,7.0,1
Nc1cncc(C2=NN(C(=O)c3ccc(-c4ccccn4)s3)C(c3c(O)cccc3F)C2)c1,CHEMBL1779282,8.133803120088515,8.133803120088515,2
Nc1cncc(C2=NN(C(=O)c3ccc(-c4ccccn4)s3)C(c3ccccc3O)C2)c1,CHEMBL1778675,8.015758525723033,8.015758525723033,2
Nc1n[nH]c2cccc(-c3ccc(NC(=S)Nc4cc(Br)ccc4OC(F)(F)F)cc3)c12,CHEMBL4160854,7.698970004336019,7.698970004336019,1
Nc1n[nH]c2cccc(C#Cc3cccc(NC(=O)c4ccc(N5CCOCC5)c(C(F)(F)F)c4)c3)c12,CHEMBL4793906,6.913640169325252,6.913640169325252,1
Nc1nc2c(Oc3ccc(NC(=O)Nc4cc(C(F)(F)F)ccc4F)c(F)c3)ccnc2[nH]c1=O,CHEMBL1213689,6.666273523555023,6.666273523555023,2
Nc1nc2c(Oc3ccc(NC(=O)Nc4cc(C(F)(F)F)ccc4F)c4ccccc34)ccnc2[nH]c1=O,CHEMBL1214129,7.805416957817734,7.805416957817734,2
Nc1nc2cc(C3(O)c4ccccc4C(=O)N3Cc3ccccc3)ccc2[nH]1,CHEMBL3906156,6.0,6.0,1
Nc1nc2nccc(Oc3ccc(NC(=O)Nc4cc(C(F)(F)F)ccc4F)c(F)c3)c2[nH]c1=O,CHEMBL1213690,5.889527761838293,5.889527761838293,2
Nc1nc2nccc(Oc3ccc(NC(=O)Nc4cc(C(F)(F)F)ccc4F)c4ccccc34)c2[nH]c1=O,CHEMBL1214378,7.003348031040263,7.003348031040263,2
Nc1ncc(-c2cccnc2)c2scc(-c3cccc(NC(=O)C4CCCCC4)c3)c12,CHEMBL2315066,5.809668301829708,5.809668301829708,1
Nc1ncc(-c2cccnc2)c2scc(-c3cccc(NC(=O)Cc4ccccc4)c3)c12,CHEMBL2315070,7.721246399047171,7.721246399047171,1
Nc1ncc(-c2cccnc2)c2scc(-c3cccc(NC(=O)Cc4cccs4)c3)c12,CHEMBL2315071,7.346787486224656,7.346787486224656,1
Nc1ncc(-c2cccnc2)c2scc(-c3cccc(NC(=O)NC4CCCCC4)c3)c12,CHEMBL2315074,7.510041520575165,7.510041520575165,1
Nc1ncc(-c2cccnc2)c2scc(-c3cccc(NC(=O)NCc4ccccc4)c3)c12,CHEMBL2315075,7.679853713888946,7.679853713888946,1
Nc1ncc(-c2cccnc2)c2scc(-c3cccc(NC(=O)Nc4c(F)cccc4F)c3)c12,CHEMBL2315078,7.709965388637482,7.709965388637482,1
Nc1ncc(-c2cccnc2)c2scc(-c3cccc(NC(=O)Nc4cc(C(F)(F)F)ccc4F)c3)c12,CHEMBL2315061,7.669586226650809,7.669586226650809,1
Nc1ncc(-c2cccnc2)c2scc(-c3cccc(NC(=O)Nc4ccc(C(F)(F)F)cc4)c3)c12,CHEMBL2315060,7.600326278518962,7.600326278518962,1
Nc1ncc(-c2cccnc2)c2scc(-c3cccc(NC(=O)Nc4ccc(Cl)c(C(F)(F)F)c4)c3)c12,CHEMBL2315062,7.779891911959945,7.779891911959945,1
Nc1ncc(-c2cccnc2)c2scc(-c3cccc(NC(=O)Nc4ccc(OCc5ccccc5)cc4)c3)c12,CHEMBL2315079,6.0301183562534995,6.0301183562534995,1
Nc1ncc(-c2cccnc2)c2scc(-c3cccc(NC(=O)Nc4ccccc4)c3)c12,CHEMBL2315076,7.860120913598763,7.860120913598763,1
Nc1ncc(-c2cccnc2)c2scc(-c3cccc(NC(=O)c4cc(F)ccc4F)c3)c12,CHEMBL2315068,7.309803919971486,7.309803919971486,1
Nc1ncc(-c2cccnc2)c2scc(-c3cccc(NC(=O)c4cccc(C(F)(F)F)c4)c3)c12,CHEMBL2315069,8.292429823902063,8.292429823902063,1
Nc1ncc(-c2cccnc2)c2scc(-c3cccc(NC(=O)c4ccccc4)c3)c12,CHEMBL2315067,7.031517051446065,7.031517051446065,1
Nc1ncc(NC(=O)c2cc(NC(=O)c3cccc(C(F)(F)F)c3)ccc2Cl)cc1Cl,CHEMBL475817,7.568636235841012,7.568636235841012,1
Nc1nccc(-c2nc(C3CC3)[nH]c2-c2cc(Cl)cc(NS(=O)(=O)c3c(F)cccc3F)c2F)n1,CHEMBL3651662,10.0,10.0,1
Nc1nccc(-c2nc(C3CC3)[nH]c2-c2cc(F)cc(NS(=O)(=O)c3c(F)cccc3F)c2Cl)n1,CHEMBL3651674,9.721246399047171,9.721246399047171,1
Nc1nccc(-c2nc(C3CC3)[nH]c2-c2cccc(NS(=O)(=O)c3c(F)cccc3F)c2Cl)n1,CHEMBL3651689,9.0,9.0,1
Nc1nccc(-c2sc(C3CCCCN3)nc2-c2cccc(NS(=O)(=O)c3cc(F)ccc3F)c2F)n1,CHEMBL5201169,8.769551078621726,8.769551078621726,1
Nc1nccc(-c2sc(C3CCCN3)nc2-c2cccc(NS(=O)(=O)c3cc(F)ccc3F)c2F)n1,CHEMBL5189539,8.769551078621726,8.769551078621726,1
Nc1nccc(-c2sc(C3CCCNC3)nc2-c2cccc(NS(=O)(=O)c3cc(F)ccc3F)c2F)n1,CHEMBL5190223,8.346787486224656,8.346787486224656,1
Nc1nccc(-c2sc(C3CCN(C4CC4)CC3)nc2-c2cccc(NS(=O)(=O)c3cc(F)ccc3F)c2F)n1,CHEMBL5183233,8.356547323513812,8.356547323513812,1
Nc1nccc(-c2sc(C3CCN3)nc2-c2cccc(NS(=O)(=O)c3cc(F)ccc3F)c2F)n1,CHEMBL5203353,8.67778070526608,8.67778070526608,1
Nc1nccc(-c2sc(C3CNCCN3)nc2-c2cccc(NS(=O)(=O)c3cc(F)ccc3F)c2F)n1,CHEMBL5192974,8.229147988357855,8.229147988357855,1
Nc1nccc(-c2sc(C3COCCN3)nc2-c2cc(Cl)cc(NS(=O)(=O)c3cc(F)ccc3F)c2F)n1,CHEMBL5176494,8.698970004336019,8.698970004336019,1
Nc1nccc(-c2sc(C3COCCN3)nc2-c2cccc(NS(=O)(=O)c3cc(F)ccc3F)c2F)n1,CHEMBL5186595,8.221848749616356,8.221848749616356,1
Nc1nccc(C2=C(c3cc(Cl)cc(NS(=O)(=O)c4c(F)cccc4F)c3Cl)C(=O)C3(CCCC3)O2)n1,CHEMBL3919165,8.619788758288394,8.619788758288394,1
Nc1nccc(C2=C(c3cc(Cl)cc(NS(=O)(=O)c4c(F)cccc4F)c3F)C(=O)C3(CCCC3)O2)n1,CHEMBL3965702,8.886056647693163,8.886056647693163,1
Nc1nccc(C2=C(c3cc(Cl)cc(NS(=O)(=O)c4cc(F)ccc4F)c3F)C(=O)C3(CCCC3)O2)n1,CHEMBL3951559,8.585026652029182,8.585026652029182,1
Nc1nccc(C2=C(c3cccc(NS(=O)(=O)c4c(F)cccc4F)c3Cl)C(=O)C3(CCCC3)O2)n1,CHEMBL3939274,8.431798275933005,8.431798275933005,1
Nc1nccc(C2=C(c3cccc(NS(=O)(=O)c4c(F)cccc4F)c3F)C(=O)C3(CCCC3)O2)n1,CHEMBL3914605,7.537602002101044,7.537602002101044,1
Nc1ncnc2c(C(=O)Nc3c(Cl)ccc(NS(=O)(=O)CCCF)c3F)cccc12,CHEMBL2047875,9.958607314841775,9.61986601671579,4
Nc1ncnc2c(C(=O)Nc3c(Cl)ccc(NS(=O)(=O)CCCF)c3F)csc12,CHEMBL2047879,9.219449308175472,8.987195515606759,6
Nc1ncnc2c1ncn2CC(=O)c1c[nH]c2ccccc12,CHEMBL521155,4.086186147616283,4.086186147616283,1
O/N=C1/CCc2cc(Nc3c(-c4ccccc4)nc4cnccn34)ccc21,CHEMBL1668906,6.088589177348448,6.088589177348448,2
O/N=C1/CCc2cc(Nc3c(-c4ccccc4)sc4cnccc34)ccc21,CHEMBL1668913,7.173393743112328,7.173393743112328,2
O/N=C1/CCc2cc(Nc3c(-c4cccnc4)nc4cnccn34)ccc21,CHEMBL1668907,6.0618910797041785,6.0618910797041785,2
O/N=C1/CCc2cc(Nc3c(-c4cccnc4)oc4cnccc34)ccc21,CHEMBL1668920,6.017728766960431,6.017728766960431,1
O/N=C1/CCc2cc(Nc3c(-c4cccnc4)sc4cnccc34)ccc21,CHEMBL1668914,7.646214911951032,7.646214911951032,2
O/N=C1/CCc2cc(Nc3c(-c4ccco4)nc4cnccn34)ccc21,CHEMBL1668908,7.1259059864969,7.1259059864969,2
O/N=C1/CCc2cc(Nc3csc4cnccc34)ccc21,CHEMBL1668912,6.315763580779819,6.315763580779819,2
O/N=C1\CCc2cc(-c3c[nH]nc3-c3ccncc3)ccc21,CHEMBL500406,9.823908740944319,9.823908740944319,1
O/N=C1\CCc2cc(-c3cn(C4CCCC4)nc3-c3ccncc3)ccc21,CHEMBL503089,8.460923901207224,8.460923901207224,1
O/N=C1\CCc2cc(-c3cn(C4CCNCC4)nc3-c3ccncc3)ccc21,CHEMBL526479,10.522878745280337,9.697171660373783,3
O/N=C1\CCc2cc(-c3cn(C4CCOCC4)nc3-c3ccncc3)ccc21,CHEMBL497671,9.657577319177793,9.657577319177793,2
O/N=C1\CCc2cc(-c3cn(CC4CCCNC4)nc3-c3ccncc3)ccc21,CHEMBL524445,9.070581074285707,9.070581074285707,1
O/N=C1\CCc2cc(-c3cn(CC4CCNCC4)nc3-c3ccncc3)ccc21,CHEMBL497670,8.920818753952375,8.920818753952375,1
O/N=C1\CCc2cc(-c3cn([C@@H]4CCC[C@@H](O)C4)nc3-c3ccncc3)ccc21,CHEMBL521562,10.045757490560675,10.045757490560675,1
O/N=C1\CCc2cc(-c3cn([C@@H]4CCC[C@H](O)C4)nc3-c3ccncc3)ccc21,CHEMBL498344,10.397940008672037,10.397940008672037,1
O/N=C1\CCc2cc(-c3cn([C@H]4CCC[C@@H]4O)nc3-c3ccncc3)ccc21,CHEMBL524640,9.481486060122112,9.481486060122112,1
O/N=C1\CCc2cc(-c3cn([C@H]4CCC[C@H]4O)nc3-c3ccncc3)ccc21,CHEMBL498343,8.407823242604133,8.407823242604133,1
O/N=C1\CCc2cc(Nc3c(-c4ccccn4)oc4cnccc34)ccc21,CHEMBL1668919,6.823908740944319,6.823908740944319,1
O/N=C1\CCc2cc(Nc3c(-c4ncccn4)oc4cnccc34)ccc21,CHEMBL1668922,9.0,9.0,2
O/N=C1\NCc2cc(Nc3c(-c4ncccn4)oc4cnccc34)ccc21,CHEMBL1667899,9.301029995663981,9.301029995663981,1
O=C(/C(=C\c1ccc(F)cc1)S(=O)(=O)Cc1ccccc1)c1ccc(Cl)cc1,CHEMBL1952179,5.7495799976911055,5.7495799976911055,1
O=C(/C(=C\c1ccc([N+](=O)[O-])cc1)S(=O)(=O)Cc1ccccc1)c1ccc(Cl)cc1,CHEMBL1952178,5.910094888560602,5.910094888560602,1
O=C(/C(=C\c1ccc([N+](=O)[O-])cc1)S(=O)(=O)Cc1ccccc1)c1ccccc1,CHEMBL1952154,5.863279432843593,5.863279432843593,1
O=C(/C=C/S(=O)(=O)c1ccc(Cl)cc1)c1ccc(F)cc1,CHEMBL2087788,6.284318117920506,6.284318117920506,2
O=C(/C=C/c1cccc(C(F)(F)F)c1)N[C@@H]1[C@H]2Oc3ccc(Oc4ccnc5c4CCC(=O)N5)cc3[C@@H]12,CHEMBL5873136,7.795880017344075,7.795880017344075,1
O=C(CC(O)(C(F)(F)F)C(F)(F)F)Nc1nc2cc(C3(O)c4ccccc4C(=O)N3Cc3ccccc3)ccc2[nH]1,CHEMBL3959716,6.0,6.0,1
O=C(CC1CC1)N1N=C(c2cccnc2)CC1c1ccccc1O,CHEMBL1782171,6.088915960315991,6.088915960315991,2
O=C(CCCCCCNc1nccc(-c2sc(-c3ccccc3)nc2-c2cccc(NS(=O)(=O)c3c(F)cccc3F)c2F)n1)NO,CHEMBL5618517,8.767003889607846,8.767003889607846,2
O=C(CCCCCNC(=O)c1cc(Oc2ccc(NC(=O)Nc3ccc(Cl)c(C(F)(F)F)c3)cc2)ccn1)NO,CHEMBL3934468,6.0,6.0,1
O=C(CSc1nc2ccccc2c(=O)n1-c1ccc(Cl)cc1)Nc1ccc(-c2nc3ccccc3[nH]2)cc1,CHEMBL5512465,8.198970004336019,8.198970004336019,2
O=C(CSc1nc2sc3c(c2c(=O)n1-c1ccc(Cl)cc1)CCCC3)NNC(=O)Nc1ccc(Cl)c(C(F)(F)F)c1,CHEMBL5518141,7.2508447231052,7.2508447231052,4
O=C(CSc1nc2sc3c(c2c(=O)n1-c1ccc(Cl)cc1)CCCC3)NNC(=O)Nc1cccc(C(F)(F)F)c1,CHEMBL5557132,7.099675822318005,7.099675822318005,4
O=C(CSc1nccc(Nc2ccc(N3CCOCC3)cc2)n1)c1ccc(F)cc1,CHEMBL4449189,6.958607314841775,6.958607314841775,1
O=C(Cc1ccc(Cl)cc1)Nc1cccc(-c2nc(C(F)(F)F)[nH]c2-c2ccnc(NCCN3CCNC3=O)n2)c1,CHEMBL254965,7.332773124424534,7.332773124424534,2
O=C(Cc1ccc(Cl)cc1)Nc1cccc(-c2nc(C3CC3)[nH]c2-c2ccnc(NCCN3CCNC3=O)n2)c1,CHEMBL429498,8.426935982160881,8.426935982160881,2
O=C(Cc1cccc(C(F)(F)F)c1)Nc1ccc(Oc2ccnc3[nH]c(=O)[nH]c23)cc1,CHEMBL451006,5.0,5.0,1
O=C(Cc1cccc(OC(F)(F)F)c1)Nc1ccc(Oc2ccnc3[nH]c(=O)[nH]c23)cc1,CHEMBL489248,5.0,5.0,1
O=C(Cc1ccccc1)Nc1ccc(Oc2ccnc3[nH]c(=O)[nH]c23)cc1,CHEMBL489038,4.777283528852417,4.777283528852417,1
O=C(N/N=C1\CC2(CCCC2)Oc2ccccc21)Nc1ccc(Cl)cc1,CHEMBL4241867,5.537602002101044,5.537602002101044,1
O=C(N/N=C1\CC2(CCCCC2)Oc2c1ccc1ccccc21)C1C2CC3CC(C2)CC1C3,CHEMBL4241486,5.585026652029182,5.585026652029182,1
O=C(NC1CC1)c1cc(CNc2ccccc2C(=O)Nc2ccc3c(c2)OC(F)(F)O3)ccn1,CHEMBL248398,6.71669877129645,6.71669877129645,1
O=C(NC1CCOC1)c1ccc(F)c(Nc2ncnc3cnc(NC4CCOC4)nc23)c1,CHEMBL3697921,5.853871964321762,5.853871964321762,1
O=C(NCC(F)(F)F)c1cc(-c2cnn3cc(-c4ccc(OCCN5CCCCC5)cc4)cnc23)cs1,CHEMBL4569508,6.259637310505756,6.259637310505756,1
O=C(NCCCN1CCOCC1)c1cc(CNc2ccccc2C(=O)Nc2ccc3c(c2)OC(F)(F)O3)ccn1,CHEMBL398872,5.165579296318468,5.165579296318468,1
O=C(NCCN1CCCC1)c1ccc(Nc2ncc3cc(-c4ccncc4)ccc3n2)cc1,CHEMBL2335880,6.886056647693163,6.785904015172136,4
O=C(NCCN1CCCCC1)c1cc(Oc2ccc3nc(Nc4ccc(Br)cc4)ncc3c2)ccn1,CHEMBL1950982,5.886056647693163,5.886056647693163,1
O=C(NCCN1CCOCC1)c1cc(Oc2ccc3sc(Nc4ccc(Br)cc4)nc3c2)ccn1,CHEMBL1778411,6.619788758288394,6.619788758288394,1
O=C(NCCNc1nccc(-c2c(-c3cccc(F)c3)nc3sccn23)n1)c1c(F)cccc1F,CHEMBL4795653,7.2505395527929775,7.2505395527929775,2
O=C(NCCNc1nccc(-c2c(-c3cccc(F)c3)nc3sccn23)n1)c1ccc(Cl)cc1,CHEMBL4742959,7.272079541007381,7.272079541007381,2
O=C(NCCNc1nccc(-c2c(-c3cccc(F)c3)nc3sccn23)n1)c1ccccc1,CHEMBL4741779,7.111141630695187,7.111141630695187,2
O=C(NCCNc1nccc(-c2c(-c3cccc(O)c3)nc3sccn23)n1)c1ccccc1,CHEMBL1915474,9.009217534759951,9.009217534759951,2
O=C(NCCO)C1=Cc2c(ncnc2Nc2ccc(Oc3cccc4sccc34)c(Cl)c2)NCC1,CHEMBL2348417,6.638272163982407,6.638272163982407,1
O=C(NCCO)c1cc(CNc2ccccc2C(=O)Nc2ccc3c(c2)OC(F)(F)O3)ccn1,CHEMBL246608,6.401209493236885,6.401209493236885,1
O=C(NCCO)c1cc(Oc2ccc3nc(Nc4ccc(Br)cc4)ncc3c2)ccn1,CHEMBL1950981,5.065501548756432,5.065501548756432,1
O=C(NCCc1ccc(O)c(Br)c1)/C(Cc1cc(Br)c(O)c(-c2cc(C/C(=N/O)C(=O)NCCc3ccc(O)c(Br)c3)cc(Br)c2O)c1)=N\O,CHEMBL505637,5.568636235841012,5.568636235841012,1
O=C(NCCc1ccc(O)c(Br)c1)/C(Cc1cc(Br)c(O)c(Oc2ccc(CCNC(=O)/C(Cc3cc(Br)c(O)c(-c4cc(C/C(=N\O)C(=O)NCCc5ccc(O)c(Br)c5)cc(Br)c4O)c3)=N/O)cc2Br)c1)=N/O,CHEMBL2333163,5.769551078621726,5.769551078621726,1
O=C(NCc1ccccc1)Nc1cc(CNc2ccccc2C(=O)Nc2ccc3c(c2)OC(F)(F)O3)ccn1,CHEMBL395705,6.634512015109101,6.634512015109101,1
O=C(NOC[C@H](O)CO)c1ccc(F)c(F)c1Nc1ccc(I)cc1F,CHEMBL507361,8.221848749616356,8.221848749616356,1
O=C(Nc1c[nH]c(=O)c(-c2ccnc(N3CCOCC3)c2)c1)c1cccc(C(F)F)c1,CHEMBL5853092,4.6020599913279625,4.6020599913279625,2
O=C(Nc1c[nH]c(=O)c(-c2ccnc(N3CCOCC3)c2)c1)c1ccnc(C(F)(F)F)c1,CHEMBL3951339,4.6020599913279625,4.6020599913279625,4
O=C(Nc1cc(-c2ccc(Br)cc2)[nH]n1)c1ccnc(F)c1,CHEMBL5575223,5.500312917381596,5.500312917381596,1
O=C(Nc1cc(-c2cccnc2)cc(C(F)(F)F)c1)Nc1ccc(Oc2ccnc(NC(=O)C3CC3)c2)c(F)c1,CHEMBL3944876,7.560667306169737,7.560667306169737,1
O=C(Nc1cc(-c2ccncc2)cc(C(F)(F)F)c1)Nc1ccc(Oc2ccnc(NC(=O)C3CC3)c2)c(F)c1,CHEMBL3959327,7.450996737974212,7.450996737974212,1
O=C(Nc1cc(C(F)(F)F)ccc1F)Nc1ccc(Oc2ccnc3[nH]c(=O)[nH]c23)c2ccccc12,CHEMBL498112,7.050692251291907,7.050692251291907,2
O=C(Nc1cc(C(F)(F)F)ccc1F)Nc1ccc(Oc2ccnc3[nH]c(=O)c(C(F)(F)F)nc23)c2ccccc12,CHEMBL1214130,6.872895201635192,6.872895201635192,1
O=C(Nc1cc(C(F)(F)F)ccc1F)Nc1ccc(Oc2ccnc3nc(C(F)(F)F)c(=O)[nH]c23)c2ccccc12,CHEMBL1214379,5.518578659399378,5.518578659399378,2
O=C(Nc1cc(C(F)(F)F)ccc1F)Nc1ccc(Oc2ccnc3ncc(=O)[nH]c23)c2ccccc12,CHEMBL1214325,6.3798751842406,6.3798751842406,2
O=C(Nc1cc(C(F)(F)F)ccc1F)c1cccc(Oc2cccc3[nH]c(=O)[nH]c23)c1,CHEMBL599236,4.891917048857003,4.891917048857003,2
O=C(Nc1cc(C(F)(F)F)ccc1N1CCOCC1)Nc1ccc(Oc2ccnc3[nH]c(=O)[nH]c23)c2ccccc12,CHEMBL501686,7.157397932764493,7.157397932764493,2
O=C(Nc1cc(C(F)(F)F)ccn1)c1ccc(F)c(Nc2ncnc3cnc(N4CCOCC4)nc23)c1,CHEMBL3697933,9.0,9.0,1
O=C(Nc1cc(Cl)cc(Oc2cccc3[nH]c(=O)[nH]c23)c1)c1cccc(OC(F)(F)F)c1,CHEMBL591493,6.214203808319346,6.214203808319346,2
O=C(Nc1cc(F)c(F)cc1F)N[C@@H]1[C@H]2Oc3ccc(Oc4ccnc5c4COC(=O)N5)cc3[C@@H]12,CHEMBL5815807,5.585026652029182,5.585026652029182,1
O=C(Nc1cc(F)c(F)cc1F)N[C@@H]1[C@H]2Oc3ccc(Oc4ccncc4)cc3[C@@H]12,CHEMBL5857440,4.301029995663981,4.301029995663981,1
O=C(Nc1cc(F)cc(C(F)(F)F)c1)Nc1ccc(Oc2ccnc(NC(=O)C3CC3)c2)cc1F,CHEMBL3953943,7.431798275933005,7.431798275933005,1
O=C(Nc1cc(F)cc(C(F)(F)F)c1)Nc1ccc(Oc2ccnc3[nH]c(=O)[nH]c23)cc1F,CHEMBL496612,7.022156124843248,7.022156124843248,2
O=C(Nc1cc(F)cc(Oc2cccc3[nH]c(=O)[nH]c23)c1)c1cccc(OC(F)(F)F)c1,CHEMBL601728,6.1386830387330935,6.1386830387330935,2
O=C(Nc1cc(F)cc(Oc2ccnc(NC(=O)C3CC3)c2)c1)Nc1ccc(Cl)c(C(F)(F)F)c1,CHEMBL3946238,8.292429823902063,8.292429823902063,1
O=C(Nc1cc(N2CC(F)(F)C2)cc(C(F)(F)F)c1)Nc1ccc(Oc2ccnc(NC(=O)C3CC3)c2)cc1F,CHEMBL3896385,7.696803942579511,7.696803942579511,1
O=C(Nc1cc(N2CCC(O)CC2)cc(C(F)(F)F)c1)Nc1ccc(Oc2ccnc(NC(=O)C3CC3)c2)c(F)c1,CHEMBL3916992,7.627087997029894,7.627087997029894,1
O=C(Nc1cc(N2CCCC2=O)cc(C(F)(F)F)c1)Nc1ccc(Oc2ccnc(NC(=O)C3CC3)c2)c(F)c1,CHEMBL3953630,7.886056647693163,7.886056647693163,1
O=C(Nc1cc(N2CCOCC2)cc(C(F)(F)F)c1)Nc1ccc(Oc2ccnc(NC(=O)C3CC3)c2)c(F)c1,CHEMBL3983575,7.525783735923745,7.525783735923745,1
O=C(Nc1cc(N2CCS(=O)(=O)CC2)cc(C(F)(F)F)c1)Nc1ccc(Oc2ccnc(NC(=O)C3CC3)c2)c(F)c1,CHEMBL3939020,7.568636235841012,7.568636235841012,1
O=C(Nc1cc(Oc2cccc3[nH]c(=O)[nH]c23)c(Cl)cc1Cl)c1cccc(OC(F)(F)F)c1,CHEMBL591492,6.113509274827518,6.113509274827518,1
O=C(Nc1cc(Oc2cccc3[nH]c(=O)[nH]c23)c(F)c(F)c1F)c1cccc(OC(F)(F)F)c1,CHEMBL602123,7.376750709602099,6.974732548791057,3
O=C(Nc1cc(Oc2cccc3[nH]c(=O)[nH]c23)c(F)cc1F)c1cccc(OC(F)(F)F)c1,CHEMBL590543,6.580575454631372,6.580575454631372,2
O=C(Nc1cc(Oc2cccc3[nH]c(=O)[nH]c23)ccc1Cl)c1cccc(OC(F)(F)F)c1,CHEMBL606189,6.619788758288394,6.619788758288394,1
O=C(Nc1ccc(Br)cc1)Nc1ccc(F)c(C(=O)c2c[nH]c3ncc(Br)cc23)c1F,CHEMBL4644256,7.096910013008056,7.096910013008056,1
O=C(Nc1ccc(C(F)(F)F)cc1)Nc1ccc(F)c(C(=O)c2c[nH]c3ncccc23)c1F,CHEMBL4644507,6.943095148663527,6.943095148663527,1
O=C(Nc1ccc(Cl)c(-c2ccnc3c(-c4cn[nH]c4)cnn23)c1)c1cccc(C(F)(F)F)c1,CHEMBL1080439,7.376750709602099,7.376750709602099,1
O=C(Nc1ccc(Cl)c(C(=O)Nc2ccc(-c3ncc[nH]3)nc2)c1)c1ccc(Cl)c(C(F)(F)F)c1,CHEMBL3393803,6.187086643357144,6.187086643357144,1
O=C(Nc1ccc(Cl)c(C(F)(F)F)c1)N1CCN(c2nnc(Cc3ccccc3)c3ccccc23)CC1,CHEMBL5414410,5.828858848971618,5.828858848971618,1
O=C(Nc1ccc(Cl)c(C(F)(F)F)c1)Nc1ccc(Oc2cc(NC(=O)C3CC3)ncn2)cc1F,CHEMBL3924928,7.585026652029182,7.585026652029182,1
O=C(Nc1ccc(Cl)c(C(F)(F)F)c1)Nc1ccc(Oc2ccnc(NC(=O)C3CC3)c2)cc1F,CHEMBL3894725,8.136677139879545,8.136677139879545,1
O=C(Nc1ccc(Cl)c(C(F)(F)F)c1)Nc1ccc(Oc2ccnc(NC(=O)C3CC3)c2)cn1,CHEMBL3984709,7.607303046740334,7.607303046740334,1
O=C(Nc1ccc(Cl)c(C(F)(F)F)c1)Nc1ccc(Oc2ccnc3[nH]c(=O)[nH]c23)c2ccccc12,CHEMBL521725,6.887733468696958,6.887733468696958,2
O=C(Nc1ccc(Cl)c(C(F)(F)F)c1)Nc1ccc(Oc2ccnc3[nH]c(=O)[nH]c23)cc1-c1ccccc1,CHEMBL524812,5.187086643357144,5.187086643357144,1
O=C(Nc1ccc(Cl)c(C(F)(F)F)c1)Nc1ccc(Oc2ccnc3[nH]c(=O)[nH]c23)cc1C(F)(F)F,CHEMBL496185,6.55184714626696,6.55184714626696,2
O=C(Nc1ccc(Cl)c(C(F)(F)F)c1)Nc1ccc(Oc2ccnc3[nH]c(=O)[nH]c23)cc1Cl,CHEMBL498025,6.776964532149497,6.776964532149497,2
O=C(Nc1ccc(Cl)c(C(F)(F)F)c1)Nc1ccc(Oc2ccnc3[nH]c(=O)[nH]c23)cc1F,CHEMBL496020,6.880225139579763,6.880225139579763,2
O=C(Nc1ccc(Cl)c(C(F)(F)F)c1)Nc1ccc(Oc2ccnc3[nH]c(=O)cnc23)cc1F,CHEMBL1213824,7.2011524070372435,7.2011524070372435,2
O=C(Nc1ccc(Cl)c(C(F)(F)F)c1)Nc1ccc(Oc2ccnc3ncc(=O)[nH]c23)cc1F,CHEMBL1214139,6.012514002850965,6.012514002850965,2
O=C(Nc1ccc(Cl)c(C(F)(F)F)c1)c1ccc(Cl)c(C(=O)Nc2ccc(-c3ncc[nH]3)nc2)c1,CHEMBL3393897,6.274905478918531,6.274905478918531,1
O=C(Nc1ccc(Cl)c(C(F)(F)F)c1)c1ccc(Cl)c(Nc2ncccc2-c2ncnc3[nH]cnc23)c1,CHEMBL3354388,7.966576244513051,7.966576244513051,1
O=C(Nc1ccc(Cl)c(C(F)(F)F)c1)c1ccc(F)c(Nc2ncccc2-c2ncnc3[nH]cnc23)c1,CHEMBL3354392,8.31695296176115,8.31695296176115,1
O=C(Nc1ccc(Cl)c(C(F)(F)F)c1)c1cccc(Nc2ncccc2-c2ncnc3[nH]cnc23)c1,CHEMBL3354379,7.8696662315049934,7.8696662315049934,1
O=C(Nc1ccc(Cl)c(C(F)(F)F)c1)c1cccc(Oc2cccc3[nH]c(=O)[nH]c23)c1,CHEMBL599235,6.065971819088479,6.065971819088479,2
O=C(Nc1ccc(Cl)c(Cl)c1)c1ccc(Cl)c(Nc2ncccc2-c2ncnc3[nH]cnc23)c1,CHEMBL3354391,8.795880017344075,8.795880017344075,1
O=C(Nc1ccc(Cl)cc1)N1CCN(c2nnc(Cc3ccccc3)c3ccccc23)CC1,CHEMBL5431565,5.437112618706121,5.437112618706121,1
O=C(Nc1ccc(F)c(-c2ccnc3c(-c4cn[nH]c4)cnn23)c1)c1cccc(C(F)(F)F)c1,CHEMBL1080438,7.7447274948966935,7.7447274948966935,1
O=C(Nc1ccc(F)c(C(F)(F)F)c1)N[C@@H]1[C@H]2Oc3ccc(Oc4ccncc4)cc3[C@@H]12,CHEMBL5860702,4.619788758288394,4.619788758288394,1
O=C(Nc1ccc(F)c(C(F)(F)F)c1)Nc1ccc(Oc2ccnc(NC(=O)C3CC3)c2)cc1F,CHEMBL3977680,7.886056647693163,7.886056647693163,1
O=C(Nc1ccc(F)c(F)c1)N[C@@H]1[C@H]2Oc3ccc(Oc4ccncn4)cc3[C@@H]12,CHEMBL5999162,3.9546770212133424,3.9546770212133424,1
O=C(Nc1ccc(F)c(F)c1)Nc1ccc(Oc2ccnc3[nH]c(=O)[nH]c23)c2ccccc12,CHEMBL498113,6.657577319177793,6.657577319177793,1
O=C(Nc1ccc(F)c(OC(F)(F)F)c1)Nc1ccc(Oc2ccnc(NC(=O)C3CC3)c2)cc1F,CHEMBL3895343,7.721246399047171,7.721246399047171,1
O=C(Nc1ccc(F)cc1F)N[C@@H]1[C@H]2Oc3ccc(Oc4ncnc5[nH]cnc45)cc3[C@@H]12,CHEMBL5813380,4.619788758288394,4.619788758288394,1
O=C(Nc1ccc(OC(F)(F)F)cc1)Nc1ccc(Oc2ccnc(NC(=O)C3CC3)c2)c(F)c1,CHEMBL3906129,7.459670525209126,7.459670525209126,1
O=C(Nc1ccc(OCCN2CCOCC2)cc1)Nc1ccc(Cl)c(C(F)(F)F)c1,CHEMBL1213976,7.0347982989740885,7.0347982989740885,1
O=C(Nc1ccc(Oc2cc(NC(=O)C3CC3)ncn2)c(F)c1)Nc1ccc(Cl)c(C(F)(F)F)c1,CHEMBL3952636,7.603800652904264,7.603800652904264,1
O=C(Nc1ccc(Oc2cc(NC(=O)C3CC3)ncn2)cc1)Nc1ccc(Cl)c(C(F)(F)F)c1,CHEMBL3949308,7.605548319173784,7.605548319173784,1
O=C(Nc1ccc(Oc2cc(NC(=O)C3CC3)ncn2)cc1F)Nc1cc(C(F)(F)F)ccc1F,CHEMBL3921434,7.508638306165727,7.508638306165727,1
O=C(Nc1ccc(Oc2cc(NCCO)ncn2)cc1)Nc1cccc(C(F)(F)F)c1,CHEMBL4871527,6.0,6.0,1
O=C(Nc1ccc(Oc2cc(Nc3cccc(CN4CCCC4)c3)ncn2)cc1)Nc1cccc(C(F)(F)F)c1,CHEMBL4867760,6.698970004336019,6.698970004336019,1
O=C(Nc1ccc(Oc2ccc(C(=O)c3ncc[nH]3)cc2)cc1)Nc1ccc(C(F)(F)F)c(Cl)c1,CHEMBL5266767,7.0655015487564325,7.0655015487564325,1
O=C(Nc1ccc(Oc2ccc(C(=O)c3ncc[nH]3)cc2)cc1)Nc1ccc(Cl)c(C(F)(F)F)c1,CHEMBL5284834,6.969198375195813,6.969198375195813,2
O=C(Nc1ccc(Oc2cccc3[nH]c(=O)[nH]c23)cc1)Nc1ccc(Cl)c(C(F)(F)F)c1,CHEMBL590711,7.638272163982407,7.638272163982407,1
O=C(Nc1ccc(Oc2cccc3[nH]c(=O)[nH]c23)cc1)c1ccc(Br)cc1,CHEMBL592438,4.853871964321762,4.853871964321762,1
O=C(Nc1ccc(Oc2cccc3[nH]c(=O)[nH]c23)cc1)c1ccc(Cl)c(C(F)(F)F)c1,CHEMBL601302,4.798602875679548,4.798602875679548,1
O=C(Nc1ccc(Oc2ccnc(NC(=O)C3CC3)c2)c(F)c1)Nc1cc(C(F)(F)F)ccc1Cl,CHEMBL3961613,7.366531544420414,7.366531544420414,1
O=C(Nc1ccc(Oc2ccnc(NC(=O)C3CC3)c2)c(F)c1)Nc1cc(C(F)(F)F)ccc1F,CHEMBL3930655,7.431798275933005,7.431798275933005,1
O=C(Nc1ccc(Oc2ccnc(NC(=O)C3CC3)c2)c(F)c1)Nc1cc(C(F)(F)F)ncn1,CHEMBL3913927,7.017728766960431,7.017728766960431,1
O=C(Nc1ccc(Oc2ccnc(NC(=O)C3CC3)c2)c(F)c1)Nc1cc(C2CC2)ccc1F,CHEMBL3937184,6.935542010773082,6.935542010773082,1
O=C(Nc1ccc(Oc2ccnc(NC(=O)C3CC3)c2)c(F)c1)Nc1cc(Cl)ccc1F,CHEMBL3935930,7.13430394008393,7.13430394008393,1
O=C(Nc1ccc(Oc2ccnc(NC(=O)C3CC3)c2)c(F)c1)Nc1ccc(Cl)c(C(F)(F)F)c1,CHEMBL3947363,8.443697499232712,8.443697499232712,1
O=C(Nc1ccc(Oc2ccnc(NC(=O)C3CC3)c2)c(F)c1)Nc1ccc(Cl)c(OC(F)(F)F)c1,CHEMBL3970244,7.826813731587726,7.826813731587726,1
O=C(Nc1ccc(Oc2ccnc(NC(=O)C3CC3)c2)c(F)c1)Nc1ccc(F)c(C(F)(F)F)c1,CHEMBL3977627,7.494850021680094,7.494850021680094,1
O=C(Nc1ccc(Oc2ccnc(NC(=O)C3CC3)c2)c(F)c1)Nc1ccc2[nH]cc(F)c2c1,CHEMBL3909258,7.045757490560675,7.045757490560675,1
O=C(Nc1ccc(Oc2ccnc(NC(=O)C3CC3)c2)cc1)Nc1cc(C(F)(F)F)ccc1Cl,CHEMBL3913290,7.4089353929735005,7.4089353929735005,1
O=C(Nc1ccc(Oc2ccnc(NC(=O)C3CC3)c2)cc1)Nc1cc(F)cc(C(F)(F)F)c1,CHEMBL3964861,6.903089986991944,6.903089986991944,1
O=C(Nc1ccc(Oc2ccnc(NC(=O)C3CC3)c2)cc1)Nc1cc(OCC2CNC2)cc(C(F)(F)F)c1,CHEMBL3968631,8.431798275933005,8.431798275933005,1
O=C(Nc1ccc(Oc2ccnc(NC(=O)C3CC3)c2)cc1)Nc1ccc(Cl)c(C(F)(F)F)c1,CHEMBL3959805,7.94692155651658,7.94692155651658,1
O=C(Nc1ccc(Oc2ccnc(NC(=O)C3CC3)c2)cc1)Nc1ccc(F)c(C(F)(F)F)c1,CHEMBL3968567,7.585026652029182,7.585026652029182,1
O=C(Nc1ccc(Oc2ccnc(NC(=O)C3CC3)c2)cc1)Nc1ccc2c(c1)C(F)(F)CCO2,CHEMBL3969197,8.481486060122112,8.481486060122112,1
O=C(Nc1ccc(Oc2ccnc(NC(=O)C3CC3)c2)cc1)Nc1cccc(C(F)(F)F)c1,CHEMBL3969593,7.522878745280337,7.522878745280337,1
O=C(Nc1ccc(Oc2ccnc(NC(=O)C3CC3)c2)cc1)Nc1cccc(OC(F)(F)F)c1,CHEMBL3977612,7.853871964321762,7.853871964321762,1
O=C(Nc1ccc(Oc2ccnc(NC(=O)C3CC3)c2)cc1F)Nc1cc(C(F)(F)F)ccc1Cl,CHEMBL3905323,7.721246399047171,7.721246399047171,1
O=C(Nc1ccc(Oc2ccnc(NC(=O)C3CC3)c2)cc1F)Nc1cc(C(F)(F)F)ccc1F,CHEMBL3908336,8.045757490560675,8.045757490560675,1
O=C(Nc1ccc(Oc2ccnc(NC(=O)C3CC3)c2)nc1)Nc1cc(N2CCS(=O)(=O)CC2)cc(C(F)(F)F)c1,CHEMBL3939419,7.4089353929735005,7.4089353929735005,1
O=C(Nc1ccc(Oc2ccnc(NC(=O)C3CC3)c2)nc1)Nc1ccc(Cl)c(C(F)(F)F)c1,CHEMBL3952726,7.7055337738384075,7.7055337738384075,1
O=C(Nc1ccc(Oc2ccnc3[nH]c(=O)[nH]c23)c(F)c1)Nc1ccc(Cl)c(C(F)(F)F)c1,CHEMBL498024,5.898211612511013,5.898211612511013,2
O=C(Nc1ccc(Oc2ccnc3[nH]c(=O)[nH]c23)cc1)Nc1cc(C(F)(F)F)ccc1F,CHEMBL490653,7.2839966563652006,7.2839966563652006,1
O=C(Nc1ccc(Oc2ccnc3[nH]c(=O)[nH]c23)cc1)Nc1cc(C(F)(F)F)ccc1N1CCOCC1,CHEMBL521337,6.065501548756432,6.065501548756432,1
O=C(Nc1ccc(Oc2ccnc3[nH]c(=O)[nH]c23)cc1)Nc1cc(Cl)cc(C(F)(F)F)c1,CHEMBL515938,7.0,7.0,1
O=C(Nc1ccc(Oc2ccnc3[nH]c(=O)[nH]c23)cc1)Nc1cc(F)cc(N2CCOCC2)c1,CHEMBL483048,6.221848749616356,6.221848749616356,1
O=C(Nc1ccc(Oc2ccnc3[nH]c(=O)[nH]c23)cc1)Nc1ccc(Cl)c(C(F)(F)F)c1,CHEMBL514688,7.638272163982407,6.966048809005559,3
O=C(Nc1ccc(Oc2ccnc3[nH]c(=O)[nH]c23)cc1)Nc1cccc(C(F)(F)F)c1,CHEMBL476467,7.853871964321762,7.853871964321762,1
O=C(Nc1ccc(Oc2ccnc3[nH]c(=O)[nH]c23)cc1)Nc1cccc(F)c1,CHEMBL520627,5.546681659952963,5.546681659952963,1
O=C(Nc1ccc(Oc2ccnc3[nH]c(=O)[nH]c23)cc1)Nc1cccc(OC(F)(F)F)c1,CHEMBL490454,7.6777807052660805,7.6777807052660805,1
O=C(Nc1ccc(Oc2ccnc3[nH]c(=O)[nH]c23)cc1)Nc1nnc(C2CCCO2)s1,CHEMBL1089691,5.5030615425293945,5.5030615425293945,2
O=C(Nc1ccc(Oc2ccnc3[nH]c(=O)[nH]c23)cc1)c1ccc(Cl)c(C(F)(F)F)c1,CHEMBL489230,4.798602875679548,4.798602875679548,1
O=C(Nc1ccc(Oc2ccnc3[nH]c(=O)[nH]c23)cc1)c1cccc(Br)c1,CHEMBL489840,4.853871964321762,4.853871964321762,1
O=C(Nc1ccc(Oc2ccnc3[nH]c(=O)[nH]c23)cc1)c1cccc(C(F)(F)F)c1,CHEMBL524096,4.764471553092451,4.764471553092451,1
O=C(Nc1ccc(Oc2ccnc3[nH]c(=O)c(=O)[nH]c23)cc1)Nc1ccc(Cl)c(C(F)(F)F)c1,CHEMBL1213822,6.4808886808156405,6.4808886808156405,2
O=C(Nc1ccc(Oc2ccnc3[nH]c(=O)c(=O)[nH]c23)cc1F)Nc1cc(C(F)(F)F)ccc1F,CHEMBL1213691,7.261439372640169,7.261439372640169,2
O=C(Nc1ccc(Oc2ccnc3[nH]c(=O)cnc23)cc1)Nc1ccc(Cl)c(C(F)(F)F)c1,CHEMBL1213821,6.634649227859077,6.634649227859077,2
O=C(Nc1ccc(Oc2ccnc3[nH]c(=O)cnc23)cc1F)Nc1cc(C(F)(F)F)ccc1F,CHEMBL1214612,7.252922702990778,7.252922702990778,2
O=C(Nc1ccc(Oc2ccnc3[nH]c(S)nc23)cc1F)Nc1cc(C(F)(F)F)ccc1F,CHEMBL1212949,6.3278038631574445,6.3278038631574445,2
O=C(Nc1ccc(Oc2ccnc3[nH]ccc23)cc1)Nc1cccc(C(F)(F)F)c1,CHEMBL4852364,6.494850021680094,6.494850021680094,1
O=C(Nc1ccc(Oc2ccnc3[nH]cnc23)cc1F)Nc1cc(C(F)(F)F)ccc1F,CHEMBL1213753,6.223665891943903,6.223665891943903,2
O=C(Nc1ccc(Oc2ccnc3[nH]nnc23)cc1F)Nc1cc(C(F)(F)F)ccc1F,CHEMBL1213692,5.890469833775569,5.890469833775569,2
O=C(Nc1ccc(Oc2ccnc3ccccc23)cc1)Nc1cccc(C(F)(F)F)c1,CHEMBL4870490,6.698970004336019,6.698970004336019,1
O=C(Nc1ccc(Oc2ccnc3nc(N4CCOCC4)cnc23)cc1F)Nc1cc(C(F)(F)F)ccc1F,CHEMBL1213757,6.216722334558472,6.216722334558472,2
O=C(Nc1ccc(Oc2ccnc3ncc(=O)[nH]c23)cc1)Nc1cc(C(F)(F)F)ccc1F,CHEMBL1214138,5.633080499651426,5.633080499651426,2
O=C(Nc1ccc(Oc2ccnc3ncc(=O)[nH]c23)cc1)Nc1ccc(Cl)c(C(F)(F)F)c1,CHEMBL1214137,6.876148359032914,6.876148359032914,1
O=C(Nc1ccc(Oc2ccnc3ncc(=O)[nH]c23)cc1F)Nc1cc(C(F)(F)F)ccc1F,CHEMBL1214613,5.6401686584909765,5.6401686584909765,2
O=C(Nc1ccc(Oc2ccncc2)cc1)Nc1cccc(C(F)(F)F)c1,CHEMBL1233853,6.200659450546418,6.200659450546418,1
O=C(Nc1ccc(Oc2ccncn2)cc1)Nc1cccc(C(F)(F)F)c1,CHEMBL4856623,6.0,6.0,1
O=C(Nc1ccc(Oc2ncnc3[nH]ccc23)cc1)Nc1cccc(C(F)(F)F)c1,CHEMBL4869054,6.3979400086720375,6.3979400086720375,1
O=C(Nc1ccc(Oc2ncnc3cc(OCCCN4CCOCC4)c4c(c23)OCCO4)c(F)c1)Nc1cc(C(F)(F)F)ccc1F,CHEMBL4516513,6.560667306169737,6.560667306169737,1
O=C(Nc1ccc(Oc2ncnc3cc(OCCCN4CCOCC4)c4c(c23)OCCO4)c(F)c1)Nc1ccc(Cl)c(C(F)(F)F)c1,CHEMBL5757962,6.560667306169737,6.560667306169737,1
O=C(Nc1ccc(Oc2ncnc3cc(OCCCN4CCOCC4)c4c(c23)OCCO4)cc1)Nc1cc(C(F)(F)F)ccc1F,CHEMBL4449250,6.560667306169737,6.560667306169737,1
O=C(Nc1ccc(Oc2ncnc3cc(OCCCN4CCOCC4)c4c(c23)OCCO4)cc1)Nc1ccc(Cl)c(C(F)(F)F)c1,CHEMBL6048799,6.560667306169737,6.560667306169737,1
O=C(Nc1ccc(Oc2ncnc3ccccc23)cc1)Nc1cccc(C(F)(F)F)c1,CHEMBL4857725,5.899629454882437,5.899629454882437,1
O=C(Nc1ccc(Sc2ccnc3[nH]c(=O)[nH]c23)cc1)Nc1cc(C(F)(F)F)ccc1F,CHEMBL491055,7.537602002101044,7.537602002101044,1
O=C(Nc1ccc(Sc2ccnc3[nH]c(=O)[nH]c23)cc1)Nc1ccc(Cl)c(C(F)(F)F)c1,CHEMBL489009,7.3979400086720375,7.3979400086720375,1
O=C(Nc1ccc(Sc2ccnc3[nH]c(=O)[nH]c23)cc1)Nc1cccc(C(F)(F)F)c1,CHEMBL449813,7.552841968657781,7.552841968657781,1
O=C(Nc1ccc2c(c1)CCC2)Nc1cc(CNc2ccccc2C(=O)Nc2ccc3c(c2)OC(F)(F)O3)ccn1,CHEMBL399571,7.1938200260161125,7.1938200260161125,1
O=C(Nc1ccc2c(c1)OC(F)(F)C(F)(F)O2)c1ccccc1NCc1ccncc1,CHEMBL391781,7.3979400086720375,7.3979400086720375,1
O=C(Nc1ccc2c(c1)OC(F)(F)C(F)(F)O2)c1ncsc1NCc1ccncc1,CHEMBL392600,5.59176003468815,5.59176003468815,1
O=C(Nc1ccc2c(c1)OC(F)(F)O2)c1ccccc1NCc1ccnc(C2=NCCN2)c1,CHEMBL400308,6.815308569182401,6.815308569182401,1
O=C(Nc1ccc2c(c1)OC(F)(F)O2)c1ccccc1NCc1ccnc(NCCCO)c1,CHEMBL395700,6.847711655616944,6.847711655616944,1
O=C(Nc1ccc2c(c1)OC(F)(F)O2)c1ccccc1NCc1ccnc(NCCCn2ccnc2)c1,CHEMBL247424,6.995678626217357,6.995678626217357,1
O=C(Nc1ccc2c(c1)OC(F)(F)O2)c1ccccc1NCc1ccnc(NCCO)c1,CHEMBL398052,6.950781977329818,6.950781977329818,1
O=C(Nc1ccc2c(c1)OC(F)(F)O2)c1ccccc1NCc1ccnc(NCCOCCO)c1,CHEMBL247423,6.782516055786093,6.782516055786093,1
O=C(Nc1ccc2c(c1)OC(F)(F)O2)c1ccccc1NCc1ccnc(NCCc2cnc[nH]2)c1,CHEMBL247792,6.835647144215563,6.835647144215563,1
O=C(Nc1cccc(-c2ccnc3c(-c4ccc(CN5CCCC5)cc4)cnn23)c1)c1cccc(C(F)(F)F)c1,CHEMBL1087522,7.698970004336019,7.698970004336019,1
O=C(Nc1cccc(-c2ccnc3c(-c4cccnc4)cnn23)c1)c1cccc(C(F)(F)F)c1,CHEMBL1087523,6.94692155651658,6.94692155651658,1
O=C(Nc1cccc(-c2ccnc3c(-c4ccoc4)cnn23)c1)c1cccc(C(F)(F)F)c1,CHEMBL1081817,6.486782399932061,6.486782399932061,1
O=C(Nc1cccc(-c2ccnc3c(-c4cn[nH]c4)cnn23)c1)c1cccc(C(F)(F)F)c1,CHEMBL1081470,7.075720713938118,7.075720713938118,1
O=C(Nc1cccc(-c2ccnc3c(-c4cnc(N5CCOCC5)nc4)cnn23)c1)c1cccc(C(F)(F)F)c1,CHEMBL1087906,6.026410376572743,6.026410376572743,1
O=C(Nc1cccc(-c2ccnc3c(-c4cnn(CCN5CCCC5)c4)cnn23)c1)c1cccc(C(F)(F)F)c1,CHEMBL1081647,6.405607449624574,6.405607449624574,1
O=C(Nc1cccc(-c2ccnc3c(-c4coc(CN5CCCC5)c4)cnn23)c1)c1cccc(C(F)(F)F)c1,CHEMBL1081818,6.441291429466834,6.441291429466834,1
O=C(Nc1cccc(-c2ccnc3c(C#CCCCN4CCOCC4)cnn23)c1)c1cccc(C(F)(F)F)c1,CHEMBL1080656,6.258060922270801,6.258060922270801,1
O=C(Nc1cccc(-c2ccnc3c(C(=O)NCCN4CCOCC4)cnn23)c1)Nc1ccc(Cl)c(C(F)(F)F)c1,CHEMBL541201,6.795880017344075,6.795880017344075,1
O=C(Nc1cccc(-c2ccnc3c(C(=O)NCCN4CCOCC4)cnn23)c1)c1cccc(C(F)(F)F)c1,CHEMBL550290,5.1979107421182675,5.1979107421182675,1
O=C(Nc1cccc(-c2ccnc3c(C(=O)OCC(F)(F)F)cnn23)c1)c1cccc(C(F)(F)F)c1,CHEMBL565026,5.838631997765026,5.838631997765026,1
O=C(Nc1cccc(-c2ccnc3cc(-c4ccnc(NCCCN5CCCC5)c4)nn23)c1)c1cccc(C(F)(F)F)c1,CHEMBL1091687,6.958607314841775,6.958607314841775,1
O=C(Nc1cccc(-c2ccnc3cc(-c4ccnc(NCCCN5CCCC5=O)c4)nn23)c1)c1cccc(C(F)(F)F)c1,CHEMBL1091688,6.958607314841775,6.958607314841775,1
O=C(Nc1cccc(-c2ccnc3cc(-c4ccnc(NCCCN5CCOCC5)c4)nn23)c1)c1cccc(C(F)(F)F)c1,CHEMBL1091685,6.886056647693163,6.886056647693163,1
O=C(Nc1cccc(-c2ccnc3cc(-c4ccnc(NCCCc5ncc[nH]5)c4)nn23)c1)c1cccc(C(F)(F)F)c1,CHEMBL1091689,7.180456064458131,7.180456064458131,1
O=C(Nc1cccc(-c2ccnc3cc(-c4ccnc(NCCN5CCC(O)CC5)c4)nn23)c1)c1cccc(C(F)(F)F)c1,CHEMBL1091690,7.180456064458131,7.180456064458131,1
O=C(Nc1cccc(-c2ccnc3cc(-c4ccnc(NCCN5CCCC5)c4)nn23)c1)c1cccc(C(F)(F)F)c1,CHEMBL1091686,7.167491087293763,7.167491087293763,1
O=C(Nc1cccc(-c2ccnc3cc(-c4ccnc(NCCN5CCOCC5)c4)nn23)c1)c1cccc(C(F)(F)F)c1,CHEMBL1091684,6.795880017344075,6.795880017344075,1
O=C(Nc1cccc(-c2ccnc3cc(-c4ccncc4)nn23)c1)Nc1ccc(Cl)c(C(F)(F)F)c1,CHEMBL1091844,7.3979400086720375,7.3979400086720375,1
O=C(Nc1cccc(-c2ccnc3cc(-c4ccncc4)nn23)c1)Nc1cccc(C(F)(F)F)c1,CHEMBL1091843,7.6020599913279625,7.6020599913279625,1
O=C(Nc1cccc(-c2ccnc3cc(-c4ccncc4)nn23)c1)c1ccc(Cl)c(C(F)(F)F)c1,CHEMBL1090083,7.221848749616356,7.221848749616356,1
O=C(Nc1cccc(-c2ccnc3cc(-c4ccncc4)nn23)c1)c1ccc(Cl)c(Cl)c1,CHEMBL1090082,6.180456064458131,6.180456064458131,1
O=C(Nc1cccc(-c2ccnc3cc(-c4ccncc4)nn23)c1)c1cccc(C(F)(F)F)c1,CHEMBL1089082,7.494850021680094,7.494850021680094,2
O=C(Nc1cccc(-c2ccnc3cc(-c4ccncc4)nn23)c1)c1cccc(Cl)c1,CHEMBL1089751,5.958607314841775,5.958607314841775,1
O=C(Nc1cccc(-c2ccnc3cc(-c4cnc[nH]4)nn23)c1)c1cccc(C(F)(F)F)c1,CHEMBL1089411,5.795880017344075,5.795880017344075,1
O=C(Nc1cccc(-c2ccnc3cc(N4CCNCC4)nn23)c1)c1cccc(C(F)(F)F)c1,CHEMBL1092827,5.207608310501746,5.207608310501746,1
O=C(Nc1cccc(-c2ccnc3cc(N4CCOCC4)nn23)c1)c1cccc(C(F)(F)F)c1,CHEMBL1093105,7.00436480540245,7.00436480540245,1
O=C(Nc1cccc(-c2cnc3c(NC(=O)c4ccc(F)c(C(F)(F)F)c4)nccn23)c1)Nc1ccc(Cl)c(C(F)(F)F)c1,CHEMBL3763692,5.300162274132754,5.300162274132754,1
O=C(Nc1cccc(-c2nc(C3CC3)[nH]c2-c2ccnc(NCCN3CCNC3=O)n2)c1)Nc1ccc(Cl)c(C(F)(F)F)c1,CHEMBL256921,7.419016691817962,7.419016691817962,2
O=C(Nc1cccc(-c2ncnc3cc(-c4ccncc4)sc23)c1)c1cccc(C(F)(F)F)c1,CHEMBL1090804,6.267606240177031,6.267606240177031,1
O=C(Nc1cccc(-c2ncnc3sc(-c4cccnc4)cc23)c1)c1cccc(C(F)(F)F)c1,CHEMBL1093588,5.954677021213342,5.954677021213342,1
O=C(Nc1cccc(-c2ncnc3sc(-c4ccncc4)cc23)c1)c1cccc(C(F)(F)F)c1,CHEMBL1090143,7.096910013008056,7.096910013008056,1
O=C(Nc1cccc(-n2cc(-c3ccncc3)c(-c3cc(O)cc(Cl)c3)n2)c1)Nc1cc(C(F)(F)F)cc(C(F)(F)F)c1,CHEMBL4469974,5.674689628288939,5.674689628288939,1
O=C(Nc1cccc(-n2cc(-c3ccncc3)c(-c3cc(O)cc(Cl)c3)n2)c1)Nc1ccc(Cl)c(C(F)(F)F)c1,CHEMBL4440394,8.154901959985743,8.154901959985743,1
O=C(Nc1cccc(-n2cc(-c3ccncc3)c(-c3cc(O)cc(Cl)c3)n2)c1)Nc1ccc(Cl)c(Cl)c1,CHEMBL4463911,7.346787486224656,7.346787486224656,1
O=C(Nc1cccc(-n2cc(-c3ccncc3)c(-c3cc(O)cc(Cl)c3)n2)c1)Nc1cccc(C(F)(F)F)c1,CHEMBL4467188,7.522878745280337,7.522878745280337,1
O=C(Nc1cccc(-n2cc(-c3ccncc3)c(-c3cc(O)cc(Cl)c3)n2)c1)c1cc(C(F)(F)F)cc(C(F)(F)F)c1,CHEMBL4455749,6.673664139071249,6.673664139071249,1
O=C(Nc1cccc(-n2cc(-c3ccncc3)c(-c3cc(O)cc(Cl)c3)n2)c1)c1ccc(Cl)c(Cl)c1,CHEMBL4552361,7.327902142064282,7.327902142064282,1
O=C(Nc1cccc(-n2cc(-c3ccncc3)c(-c3cc(O)cc(Cl)c3)n2)c1)c1ccc(N2CCOCC2)c(C(F)(F)F)c1,CHEMBL4457746,7.853871964321762,7.853871964321762,1
O=C(Nc1cccc(-n2cc(-c3ccncc3)c(-c3cc(O)cc(Cl)c3)n2)c1)c1cccc(C(F)(F)F)c1,CHEMBL4474427,7.42021640338319,7.42021640338319,1
O=C(Nc1cccc(-n2cc(-c3ccncc3)c(-c3cc(O)cc(Cl)c3)n2)c1)c1ccccc1,CHEMBL4516769,7.585026652029182,7.585026652029182,1
O=C(Nc1cccc(C(F)(F)F)c1)N[C@@H]1[C@H]2Oc3ccc(Oc4ccncc4)cc3[C@@H]12,CHEMBL5912256,4.236572006437063,4.236572006437063,1
O=C(Nc1cccc(C(F)(F)F)c1)Nc1ccc(Oc2cc(NC(=O)C3CC3)ncn2)cc1F,CHEMBL3975481,7.3872161432802645,7.3872161432802645,1
O=C(Nc1cccc(C(F)(F)F)c1)Nc1ccc(Oc2ccnc(NC(=O)C3CC3)c2)c(F)c1,CHEMBL3978551,8.200659450546418,8.200659450546418,1
O=C(Nc1cccc(C(F)(F)F)c1)Nc1ccc(Oc2ccnc(NC(=O)C3CC3)c2)cc1F,CHEMBL3972921,8.193820026016112,8.193820026016112,1
O=C(Nc1cccc(C(F)(F)F)c1)Nc1ccc(Oc2ccnc3[nH]c(=O)[nH]c23)c2ccccc12,CHEMBL523753,6.970407691184314,6.970407691184314,2
O=C(Nc1cccc(C(F)(F)F)c1)Nc1ccc(Oc2ccnc3[nH]c(=O)[nH]c23)cc1F,CHEMBL496414,6.69149982943955,6.69149982943955,2
O=C(Nc1cccc(C(F)(F)F)c1)c1ccc(C(F)F)c(-c2ccnc(N3CCOCC3)c2)c1,CHEMBL3891340,8.298000525110362,8.299039888709455,5
O=C(Nc1cccc(C(F)(F)F)c1)c1ccc(CF)c(-c2ccnc(N3CCOCC3)c2)c1,CHEMBL3919411,8.659555885159882,8.658962993473782,5
O=C(Nc1cccc(C(F)(F)F)c1)c1ccc(CO)c(-c2ccnc(N3CCOCC3)c2)c1,CHEMBL3928316,8.213958789757445,8.214200702740715,5
O=C(Nc1cccc(C(F)(F)F)c1)c1ccc(Cl)c(Nc2ncccc2-c2ncnc3[nH]cnc23)c1,CHEMBL3354389,8.555955204081924,8.555955204081924,1
O=C(Nc1cccc(F)c1)Nc1ccc(Oc2ccnc3[nH]c(=O)[nH]c23)c2ccccc12,CHEMBL526838,7.050692251291907,7.050692251291907,2
O=C(Nc1cccc(F)c1)Nc1cccc(Oc2cccc3[nH]c(=O)[nH]c23)c1,CHEMBL591264,4.929981794512359,4.929981794512359,2
O=C(Nc1cccc(Nc2cc3c(=O)[nH][nH]c(=O)c3cc2Cl)c1)c1cccc(Br)c1,CHEMBL1922595,7.721246399047171,7.721246399047171,1
O=C(Nc1cccc(Nc2cc3c(=O)[nH][nH]c(=O)c3cc2Cl)c1)c1cccc(C(F)(F)F)c1,CHEMBL1922597,7.769551078621726,7.769551078621726,1
O=C(Nc1cccc(Nc2cc3c(=O)[nH][nH]c(=O)c3cc2Cl)c1)c1cccc(Cl)c1,CHEMBL1922594,7.455931955649724,7.455931955649724,1
O=C(Nc1cccc(Nc2cc3c(=O)[nH][nH]c(=O)c3cc2Cl)c1)c1cccc(I)c1,CHEMBL1922596,8.096910013008056,8.096910013008056,1
O=C(Nc1cccc(Nc2cc3c(=O)[nH][nH]c(=O)c3cc2Cl)c1)c1cccc(OC(F)(F)F)c1,CHEMBL1922598,7.7447274948966935,7.7447274948966935,1
O=C(Nc1cccc(Nc2cc3c(cc2Cl)C(=O)NC3=O)c1)c1cccc(Br)c1,CHEMBL1922474,7.455931955649724,7.455931955649724,1
O=C(Nc1cccc(Nc2cc3c(cc2Cl)C(=O)NC3=O)c1)c1cccc(C(F)(F)F)c1,CHEMBL1922476,8.0,8.0,1
O=C(Nc1cccc(Nc2cc3c(cc2Cl)C(=O)NC3=O)c1)c1cccc(Cl)c1,CHEMBL1922473,6.931814138253838,6.931814138253838,1
O=C(Nc1cccc(Nc2cc3c(cc2Cl)C(=O)NC3=O)c1)c1cccc(I)c1,CHEMBL1922475,8.096910013008056,8.096910013008056,1
O=C(Nc1cccc(Nc2cc3c(cc2Cl)C(=O)NC3=O)c1)c1cccc(OC(F)(F)F)c1,CHEMBL1922591,8.221848749616356,8.221848749616356,1
O=C(Nc1cccc(Nc2ccnc(NC(=O)C3CC3)c2)c1)c1cccc(C(F)(F)F)c1,CHEMBL3799171,6.85078088734462,6.85078088734462,1
O=C(Nc1cccc(Nc2ccnc(NC(=O)C3CC3)c2)c1)c1cccc(C2CC2)c1,CHEMBL3798225,6.8999168768184465,6.8999168768184465,2
O=C(Nc1cccc(Nc2ccnc(NC(=O)C3CC3)c2)c1)c1cccc(Cl)c1,CHEMBL3797868,6.105130343254747,6.105130343254747,1
O=C(Nc1cccc(Nc2ccnc(NC(=O)C3CC3)c2)c1)c1cccc([N+](=O)[O-])c1,CHEMBL3797953,5.820448208834812,5.820448208834812,1
O=C(Nc1cccc(Nc2ccnc(NC(=O)C3CCC3)c2)c1)c1cccc(C2CC2)c1,CHEMBL3798661,6.739928612014925,6.739928612014925,1
O=C(Nc1cccc(Nc2ccnc(NC(=O)C3CCCC3)c2)c1)c1cccc(C2CC2)c1,CHEMBL3800517,6.362510270487489,6.362510270487489,1
O=C(Nc1cccc(Nc2ccnc(NC(=O)C3CCCCC3)c2)c1)c1cccc(C2CC2)c1,CHEMBL3797591,6.249491605148654,6.249491605148654,1
O=C(Nc1cccc(Nc2ncccc2-c2ncnc3[nH]cnc23)c1)C1CC1,CHEMBL3354842,6.326979092871104,6.326979092871104,1
O=C(Nc1cccc(Nc2ncccc2-c2ncnc3[nH]cnc23)c1)Nc1ccc(Cl)c(C(F)(F)F)c1,CHEMBL3354377,7.920818753952375,7.920818753952375,1
O=C(Nc1cccc(Nc2ncccc2-c2ncnc3[nH]cnc23)c1)c1ccc(Cl)c(C(F)(F)F)c1,CHEMBL3354393,8.518557371497694,8.518557371497694,1
O=C(Nc1cccc(Nc2ncnc3cc(OCCCN4CCN(CCO)CC4)ccc23)c1)Nc1ccc(Cl)c(C(F)(F)F)c1,CHEMBL3133756,7.11612531632721,7.11612531632721,2
O=C(Nc1cccc(Nc2ncnc3cc(OCCCN4CCOCC4)ccc23)c1)Nc1ccc(F)c(Cl)c1,CHEMBL3133755,7.259709106585415,7.259709106585415,2
O=C(Nc1cccc(OC(F)(F)C(F)F)c1)c1cccc(Oc2cccc3[nH]c(=O)[nH]c23)c1,CHEMBL599437,5.858349385648225,5.858349385648225,2
O=C(Nc1cccc(OC(F)(F)F)c1)Nc1ccc(Oc2ccnc(NC(=O)C3CC3)c2)c(F)c1,CHEMBL3959341,8.008773924307505,8.008773924307505,1
O=C(Nc1cccc(OC(F)(F)F)c1)Nc1ccc(Oc2ccnc(NC(=O)C3CC3)c2)cc1F,CHEMBL3910983,8.0268721464003,8.0268721464003,1
O=C(Nc1cccc(OC(F)(F)F)c1)c1cccc(Oc2cccc3[nH]c(=O)[nH]c23)c1,CHEMBL603328,6.077202953419988,6.077202953419988,2
O=C(Nc1cccc(Oc2ccc3nc(NC(=O)C4CC4)cn3n2)c1)c1cccc(F)c1,CHEMBL2349006,6.187086643357144,6.187086643357144,1
O=C(Nc1cccc(Oc2ccc3nc(NC(=O)C4CCOCC4)cn3n2)c1)c1cccc(C(F)(F)F)c1,CHEMBL2348989,6.393373973901802,6.393373973901802,2
O=C(Nc1cccc(Oc2ccc3nccn3n2)c1)c1cccc(C(F)(F)F)c1,CHEMBL2206666,6.537602002101044,6.537602002101044,1
O=C(Nc1cccc(Oc2cccc3[nH]c(=O)[nH]c23)c1)Nc1cc(C(F)(F)F)ccc1F,CHEMBL603693,6.249333410677217,6.249333410677217,2
O=C(Nc1cccc(Oc2cccc3[nH]c(=O)[nH]c23)c1)Nc1cc(C(F)(F)F)ccc1N1CCOCC1,CHEMBL603696,5.2537594949355615,5.2537594949355615,2
O=C(Nc1cccc(Oc2cccc3[nH]c(=O)[nH]c23)c1)Nc1ccc(Cl)c(C(F)(F)F)c1,CHEMBL596778,6.3972624816295545,6.3972624816295545,2
O=C(Nc1cccc(Oc2cccc3[nH]c(=O)[nH]c23)c1)Nc1ccc(F)c(F)c1,CHEMBL591265,5.179858685151659,5.179858685151659,2
O=C(Nc1cccc(Oc2cccc3[nH]c(=O)[nH]c23)c1)c1cc(Cl)cc(OC(F)(F)F)c1,CHEMBL596997,5.992194397748244,5.992194397748244,2
O=C(Nc1cccc(Oc2cccc3[nH]c(=O)[nH]c23)c1)c1cc(F)cc(N2CCOCC2)c1,CHEMBL592685,5.941662927602026,5.941662927602026,2
O=C(Nc1cccc(Oc2cccc3[nH]c(=O)[nH]c23)c1)c1cc(OC(F)(F)F)ccc1F,CHEMBL596793,6.095220142682367,6.095220142682367,2
O=C(Nc1cccc(Oc2cccc3[nH]c(=O)[nH]c23)c1)c1ccc(Cl)c(C(F)(F)F)c1,CHEMBL606415,5.7297101417477725,5.7297101417477725,2
O=C(Nc1cccc(Oc2cccc3[nH]c(=O)[nH]c23)c1)c1ccc(F)c(OC(F)(F)F)c1,CHEMBL598429,5.933662075453519,5.933662075453519,2
O=C(Nc1cccc(Oc2cccc3[nH]c(=O)[nH]c23)c1)c1ccc2sccc2c1,CHEMBL597618,4.419016691817962,4.419016691817962,2
O=C(Nc1cccc(Oc2cccc3[nH]c(=O)[nH]c23)c1)c1cccc(-n2cccc2)c1,CHEMBL603265,5.9672474884508055,5.9672474884508055,2
O=C(Nc1cccc(Oc2cccc3[nH]c(=O)[nH]c23)c1)c1cccc(Br)c1,CHEMBL603185,4.903437700822769,4.903437700822769,2
O=C(Nc1cccc(Oc2cccc3[nH]c(=O)[nH]c23)c1)c1cccc(N2CCCC2)c1,CHEMBL599048,6.939302159646388,6.939302159646388,1
O=C(Nc1cccc(Oc2cccc3[nH]c(=O)[nH]c23)c1)c1cccc(N2CCCCC2)c1,CHEMBL599049,6.070190710613909,6.070190710613909,2
O=C(Nc1cccc(Oc2cccc3[nH]c(=O)[nH]c23)c1)c1cccc(OC(F)(F)C(F)F)c1,CHEMBL596998,6.441198654154958,6.441198654154958,2
O=C(Nc1cccc(Oc2cccc3[nH]c(=O)[nH]c23)c1)c1cccc(OC(F)(F)F)c1,CHEMBL598008,6.487675084410277,6.487675084410277,2
O=C(Nc1cccc(Oc2cccc3[nH]c(=O)[nH]c23)c1)c1cccc(OC(F)(F)F)c1F,CHEMBL597605,6.498916969121746,6.498916969121746,2
O=C(Nc1cccc(Oc2cccc3[nH]c(=O)[nH]c23)c1)c1cccc(SC(F)(F)F)c1,CHEMBL605328,6.7447274948966935,6.7447274948966935,2
O=C(Nc1cccc(Oc2cccc3[nH]c(=O)[nH]c23)c1)c1cccc2ccccc12,CHEMBL606404,5.2869070873777435,5.2869070873777435,2
O=C(Nc1cccc(Oc2cccc3[nH]c(=O)[nH]c23)c1)c1ccccc1,CHEMBL591257,4.598599459218456,4.598599459218456,1
O=C(Nc1cccc(Oc2cccc3[nH]c(=O)[nH]c23)c1)c1ccccc1OC(F)(F)F,CHEMBL598428,4.274244941032842,4.274244941032842,2
O=C(Nc1cccc(Oc2cccc3[nH]c(=O)[nH]c23)c1)c1ccnc(Cl)c1,CHEMBL597619,4.031517051446065,4.031517051446065,1
O=C(Nc1cccc(Oc2cccc3[nH]c(=O)[nH]c23)c1)c1ccnc(N2CCSCC2)c1,CHEMBL598651,5.205584137202896,5.205584137202896,2
O=C(Nc1cccc(Oc2cccc3[nH]c(=O)[nH]c23)c1)c1ccnn1-c1ccccc1,CHEMBL598856,4.036212172654444,4.036212172654444,1
O=C(Nc1cccc(Oc2cccc3[nH]c(=O)[nH]c23)c1)c1cnn(-c2ccccc2)c1C(F)(F)F,CHEMBL597388,4.42021640338319,4.42021640338319,1
O=C(Nc1cccc(Oc2ccnc3[nH]c(=O)c(O)nc23)c1)c1cccc(OC(F)(F)F)c1,CHEMBL1214616,6.400122411373262,6.400122411373262,2
O=C(Nc1cccc(Oc2ccnc3[nH]c(=O)cnc23)c1)Nc1cc(C(F)(F)F)ccc1F,CHEMBL1214441,6.198970004336019,6.198970004336019,2
O=C(Nc1cccc(Oc2ccnc3[nH]c(=O)cnc23)c1)c1cccc(OC(F)(F)F)c1,CHEMBL1214563,6.537860356969059,6.537860356969059,2
O=C(Nc1cccc(Oc2ccnc3ncc(=O)[nH]c23)c1)Nc1cc(C(F)(F)F)ccc1F,CHEMBL1214504,6.978810700930062,6.978810700930062,1
O=C(Nc1cccc(Oc2ccnc3ncc(=O)[nH]c23)c1)c1cccc(OC(F)(F)F)c1,CHEMBL1214564,5.473038424725712,5.473038424725712,2
O=C(Nc1cccc(SC(F)(F)F)c1)Nc1ccc(Oc2ccnc3[nH]c(=O)[nH]c23)cc1F,CHEMBL522072,6.768426931636825,6.768426931636825,2
O=C(Nc1cccc(SC(F)(F)F)c1)c1cccc(Oc2cccc3[nH]c(=O)[nH]c23)c1,CHEMBL599438,5.807107520578332,5.807107520578332,2
O=C(Nc1ccccc1)N(Cc1ccc(Br)cc1O)c1cc(-c2ccccc2)[nH]n1,CHEMBL3235905,6.721246399047171,6.721246399047171,1
O=C(Nc1ccccc1)N1CCN(c2nnc(Cc3ccccc3)c3ccccc23)CC1,CHEMBL5398705,5.030957032694187,5.030957032694187,1
O=C(Nc1ccccc1)Nc1cc(CNc2ccccc2C(=O)Nc2ccc3c(c2)OC(F)(F)O3)ccn1,CHEMBL397345,7.4089353929735005,7.4089353929735005,1
O=C(Nc1ccccc1)Nc1cccc(-n2cc(-c3ccncc3)c(-c3cc(O)cc(Cl)c3)n2)c1,CHEMBL4456144,6.036684488613888,6.036684488613888,1
O=C(Nc1ccccc1)Nc1cccc(C(=O)Nc2cnc3[nH]ncc3c2)c1,CHEMBL2153639,9.154901959985743,9.154901959985743,1
O=C(Nc1ccncn1)c1oc2cnccc2c1Nc1ccc2c(O)cccc2c1,CHEMBL1614960,8.853871964321762,8.853871964321762,1
O=C(Nc1cnc(Oc2ccnc(NC(=O)C3CC3)c2)c(Cl)c1)Nc1ccc(Cl)c(C(F)(F)F)c1,CHEMBL3940400,7.7423214251308154,7.7423214251308154,1
O=C(Nc1cnc(Oc2ccnc(NC(=O)C3CC3)c2)c(F)c1)Nc1ccc(Cl)c(C(F)(F)F)c1,CHEMBL3972376,8.040958607678906,8.040958607678906,1
O=C(Nc1cnc2[nH]ccc2c1)c1c(F)ccc(NS(=O)(=O)C2CC2)c1F,CHEMBL1822106,7.00436480540245,7.00436480540245,1
O=C(Nc1cnc2[nH]ccc2c1)c1c(F)ccc(NS(=O)(=O)CC(F)(F)F)c1F,CHEMBL1822105,7.42021640338319,7.42021640338319,1
O=C(Nc1cnc2[nH]ccc2c1)c1c(F)ccc(NS(=O)(=O)CC2CC2)c1F,CHEMBL1822103,7.537602002101044,7.537602002101044,1
O=C(Nc1cnc2[nH]ccc2c1)c1c(F)ccc(NS(=O)(=O)CCC(F)(F)F)c1F,CHEMBL1822104,7.481486060122112,7.481486060122112,1
O=C(Nc1cnc2[nH]ccc2c1)c1c(F)ccc(NS(=O)(=O)CCCF)c1F,CHEMBL1822101,7.721246399047171,7.721246399047171,1
O=C(Nc1cnc2[nH]ccc2c1)c1c(F)ccc(NS(=O)(=O)N2CCCC2)c1F,CHEMBL1822109,6.920818753952375,6.920818753952375,1
O=C(Nc1cnc2[nH]nc(C3CC3)c2c1)c1c(F)ccc(NS(=O)(=O)CCCF)c1Cl,CHEMBL1939073,8.257139286759209,8.257139286759209,2
O=C(Nc1nc2cc(C3(O)c4ccccc4C(=O)N3Cc3ccccc3)ccc2[nH]1)N1CCCCC1,CHEMBL3977694,6.0,6.0,1
O=C(Nc1nc2cc(C3(O)c4ccccc4C(=O)N3Cc3ccccc3)ccc2[nH]1)N1CCOCC1,CHEMBL3933953,6.0,6.0,1
O=C(Nc1nc2cc(C3(O)c4ccccc4C(=O)N3Cc3ccccc3)ccc2[nH]1)OC1CCCCC1,CHEMBL3950894,7.0,7.0,1
O=C(Nc1nc2cc(C3(O)c4ccccc4C(=O)N3c3ccc(F)cc3)ccc2[nH]1)OCCN1CCCCC1,CHEMBL3950051,7.0,7.0,1
O=C(Nc1nc2ccc(C3(O)c4ccccc4C(=O)N3c3ccc(F)cc3)cc2[nH]1)OCCCN1CCCCC1,CHEMBL3902344,7.0,7.0,1
O=C(Nc1nc2ccc(C3(O)c4ccccc4C(=O)N3c3cccc(Cl)c3F)cc2[nH]1)OCCCN1CCCCC1,CHEMBL3929729,6.0,6.0,1
O=C(Nc1nc2ccc(C3c4ccccc4C(=O)N3c3cccc(Br)c3)cc2[nH]1)OCCN1CCCCC1,CHEMBL3932484,7.0,7.0,1
O=C(Nc1ncccn1)c1oc2cnccc2c1Nc1ccc(Cl)c(O)c1,CHEMBL1667914,8.795880017344075,8.795880017344075,1
O=C(O)CN1CCN(c2cc(-c3cnc4ccc(N5CCC[C@@H]5c5cccc(F)c5)nn34)ccn2)CC1,CHEMBL3582441,5.207608310501746,5.207608310501746,1
O=C(O)Cc1cccc(Nc2cc(Oc3ccc(NC(=O)Nc4cccc(C(F)(F)F)c4)cc3)ncn2)c1,CHEMBL4875220,6.200659450546418,6.200659450546418,1
O=C(O)[C@H]1CCCN1C(=O)N1C2CCC1CC(c1ccnc3c(-c4cccc5[nH]ncc45)c(-c4ccncc4)nn13)C2,CHEMBL571748,8.67778070526608,8.67778070526608,1
O=C(O)c1ccc(Nc2ccnc(SCC(=O)c3ccc(Cl)cc3)n2)cc1,CHEMBL4574832,6.431798275933005,6.431798275933005,1
O=C(c1[nH]nc2c1CCC2)N1N=C(c2cccnc2)CC1c1ccccc1O,CHEMBL1782347,7.305416957817734,7.305416957817734,2
O=C(c1c(F)ccc(NS(=O)(=O)N2CC[C@H](F)C2)c1F)c1c[nH]c2ncc(-c3cnc(C4CC4)nc3)cc12,CHEMBL4211715,8.438074179516457,8.438074179516457,2
O=C(c1cc(-c2ccc(Cl)cc2)cs1)N1N=C(c2cccnc2)CC1c1ccccc1O,CHEMBL1782350,6.665546248849069,6.665546248849069,1
O=C(c1cc(-c2ccc3c(c2)Cc2cn[nH]c2-3)c(-c2ccncc2)o1)N1CCNCC1,CHEMBL1254389,5.784591734907839,5.784591734907839,2
O=C(c1cc(-c2ccc3c(c2)Cc2cn[nH]c2-3)c(-c2ccncc2)o1)N1CCOCC1,CHEMBL1254316,5.871641127011256,5.871641127011256,2
O=C(c1cc(-c2ccc3c(c2)OCCO3)n[nH]1)N1N=C(c2cccnc2)CC1c1ccccc1O,CHEMBL1782345,7.295202490301592,7.295202490301592,2
O=C(c1cc(-c2ccc3c(c2)OCO3)on1)N1N=C(c2cccnc2)CC1c1ccccc1O,CHEMBL1782340,7.143675149186394,7.143675149186394,2
O=C(c1cc(-c2ccccc2)no1)N1N=C(c2cccnc2)CC1c1ccccc1O,CHEMBL1782335,7.027758663924915,7.027758663924915,2
O=C(c1cc(-c2ccccc2)on1)N1N=C(c2cccnc2)CC1c1ccccc1O,CHEMBL1782336,7.094212497064703,7.094212497064703,2
O=C(c1cc(-c2ccccc2O)on1)N1N=C(c2cccnc2)CC1c1ccccc1O,CHEMBL1782341,7.36536030511405,7.36536030511405,2
O=C(c1cc(-c2ccco2)on1)N1N=C(c2cccnc2)CC1c1ccccc1O,CHEMBL1782337,7.132520119363777,7.132520119363777,2
O=C(c1cc(-c2cccs2)n[nH]1)N1N=C(c2cccnc2)CC1c1ccccc1O,CHEMBL1782346,7.187189459287547,7.187189459287547,2
O=C(c1cc(F)cc(C(F)(F)F)c1)N1N=C(c2cccnc2)CC1c1ccccc1O,CHEMBL1782180,5.9904418547764635,5.9904418547764635,2
O=C(c1cc2c(s1)CCC2)N1N=C(c2cccnc2)CC1c1ccccc1O,CHEMBL1782349,7.098681540958594,7.098681540958594,2
O=C(c1ccc(-c2ccc(CO)cc2)s1)N1N=C(c2cccnc2)CC1c1ccccc1O,CHEMBL1779287,7.5774509799928715,7.5774509799928715,2
O=C(c1ccc(-c2ccc(Cl)cc2)s1)N1N=C(c2cccnc2)CC1c1ccccc1O,CHEMBL1782351,6.853871964321762,6.853871964321762,1
O=C(c1ccc(-c2ccc3c(c2)CCNC3)s1)N1N=C(c2cccnc2)CC1c1c(O)cccc1F,CHEMBL1778669,7.995699914119041,7.995699914119041,2
O=C(c1ccc(-c2ccc3c(c2)CCNC3)s1)N1N=C(c2cccnc2)CC1c1ccccc1O,CHEMBL1779293,7.989405350465031,7.989405350465031,2
O=C(c1ccc(-c2ccc3c(c2)CNC3)s1)N1N=C(c2cccnc2)CC1c1c(O)cccc1F,CHEMBL1778670,7.9604093769761874,7.9604093769761874,2
O=C(c1ccc(-c2ccc3c(c2)CNC3)s1)N1N=C(c2cccnc2)CC1c1ccccc1O,CHEMBL1779294,8.059593203859604,8.059593203859604,2
O=C(c1ccc(-c2ccc3c(c2)CNC3)s1)N1N=C(c2cncc(CO)c2)CC1c1c(O)cccc1F,CHEMBL1779280,7.721848749616356,7.721848749616356,2
O=C(c1ccc(-c2ccc3c(c2)CNCC3)s1)N1N=C(c2cccnc2)CC1c1c(O)cccc1F,CHEMBL1778668,8.100329725273209,8.100329725273209,2
O=C(c1ccc(-c2ccc3c(c2)CNCC3)s1)N1N=C(c2cccnc2)CC1c1ccccc1O,CHEMBL1779292,8.0,8.0,2
O=C(c1ccc(-c2cccc(CN3CCCC3)c2)s1)N1N=C(c2cccnc2)CC1c1c(O)cccc1F,CHEMBL1778665,7.74206307814416,7.74206307814416,2
O=C(c1ccc(-c2cccc(CN3CCCC3)c2)s1)N1N=C(c2cccnc2)CC1c1ccccc1O,CHEMBL1779290,7.590228032229065,7.590228032229065,2
O=C(c1ccc(-c2cccc3c2CCNC3)s1)N1N=C(c2cccnc2)CC1c1c(O)cccc1F,CHEMBL1779283,6.7447274948966935,6.7447274948966935,1
O=C(c1ccc(-c2ccccc2)[nH]1)N1N=C(c2cccnc2)CC1c1ccccc1O,CHEMBL1782060,6.670279609064841,6.670279609064841,2
O=C(c1ccc(-c2ccccc2)o1)N1N=C(c2cccnc2)CC1c1ccccc1O,CHEMBL1782189,6.7827155479829,6.7827155479829,2
O=C(c1ccc(-c2ccccn2)s1)N1N=C(c2cccnc2)CC1c1c(O)cccc1F,CHEMBL1779297,7.698970004336019,7.698970004336019,2
O=C(c1ccc(-c2ccccn2)s1)N1N=C(c2cccnc2)CC1c1cc(F)ccc1O,CHEMBL1779422,7.161196523639753,7.161196523639753,2
O=C(c1ccc(-c2ccccn2)s1)N1N=C(c2cccnc2)CC1c1ccc(F)cc1O,CHEMBL1779423,6.906239639581768,6.906239639581768,2
O=C(c1ccc(-c2ccccn2)s1)N1N=C(c2cccnc2)CC1c1cccc(F)c1O,CHEMBL1779421,6.869964306007462,6.869964306007462,2
O=C(c1ccc(-c2ccccn2)s1)N1N=C(c2cccnc2)CC1c1cccc(O)c1,CHEMBL1779296,6.173925197299173,6.173925197299173,1
O=C(c1ccc(-c2ccccn2)s1)N1N=C(c2cccnc2)CC1c1ccccc1,CHEMBL1779295,6.097453220686009,6.097453220686009,1
O=C(c1ccc(-c2ccccn2)s1)N1N=C(c2cccnc2)CC1c1ccccc1O,CHEMBL1778666,7.19149982943955,6.866256139077129,6
O=C(c1ccc(-c2ccccn2)s1)N1N=C(c2cncc(CO)c2)CC1c1ccccc1O,CHEMBL1778674,7.965907069126919,7.965907069126919,2
O=C(c1ccc(-c2cccnc2)s1)N1N=C(c2cccnc2)CC1c1ccccc1O,CHEMBL1782352,6.7447274948966935,6.767007830161875,7
O=C(c1ccc(Br)o1)N1N=C(c2cccnc2)CC1c1ccccc1O,CHEMBL1782185,6.97812243651566,6.97812243651566,2
O=C(c1ccc(C(F)(F)F)c(F)c1)N1N=C(c2cccnc2)CC1c1ccccc1O,CHEMBL1782178,6.180456064458131,6.180456064458131,1
O=C(c1ccc(Cl)cc1)N1CCN(c2nnc(Cc3ccccc3)c3ccccc23)CC1,CHEMBL5423237,5.82915179635669,5.82915179635669,1
O=C(c1ccc(F)c(C(F)(F)F)c1)N1N=C(c2cccnc2)CC1c1ccccc1O,CHEMBL1782179,6.059593203859604,6.059593203859604,2
O=C(c1ccc(F)c(F)c1Nc1ccc(I)cc1F)N1CC(O)([C@@H]2CCCCN2)C1,CHEMBL2146883,8.744727494896694,8.744727494896694,1
O=C(c1ccc([N+](=O)[O-])o1)N1N=C(c2cccnc2)CC1c1ccccc1O,CHEMBL1782184,6.886056647693163,6.886056647693163,1
O=C(c1ccc[nH]1)N1N=C(c2cccnc2)CC1c1ccccc1O,CHEMBL1782187,6.672430782594309,6.672430782594309,2
O=C(c1cccc(-n2cccn2)c1)N1N=C(c2cccnc2)CC1c1ccccc1O,CHEMBL1782182,6.2186157284917405,6.2186157284917405,2
O=C(c1cccc(-n2cnnn2)c1)N1N=C(c2cccnc2)CC1c1ccccc1O,CHEMBL1782183,7.552841968657781,7.552841968657781,1
O=C(c1cccc(Oc2ccccc2)c1)N1N=C(c2cccnc2)CC1c1ccccc1O,CHEMBL1782175,6.806875401645538,6.806875401645538,1
O=C(c1ccccc1)N1CCN(c2nnc(Cc3ccccc3)c3ccccc23)CC1,CHEMBL5424761,5.1067377141120085,5.1067377141120085,1
O=C(c1ccco1)N1N=C(c2cccnc2)CC1c1ccccc1O,CHEMBL1779593,6.221848749616356,6.221848749616356,4
O=C(c1cccs1)N1N=C(c2cccnc2)CC1c1ccccc1O,CHEMBL1782188,7.616184634019569,7.069881484528538,3
O=C(c1cn2c(n1)sc1ccccc12)N1N=C(c2cccnc2)CC1c1ccccc1O,CHEMBL1782348,7.6278143863340695,7.6278143863340695,2
O=C(c1cncc(-c2cccs2)c1)N1N=C(c2cccnc2)CC1c1ccccc1O,CHEMBL1782181,6.585026652029182,6.585026652029182,1
O=C1C(Sc2ncn[nH]2)=C/C(=N\S(=O)(=O)c2cccs2)c2ccccc21,CHEMBL2087792,6.679759281514789,6.679759281514789,2
O=C1CC(c2cccc(NC(=O)c3ccc(Cl)c(C(F)(F)F)c3)c2)=Nc2cnn(Cc3ccccc3)c2N1,CHEMBL1917776,6.183626111247638,6.183626111247638,1
O=C1CCC(=O)N1c1ccc(F)c(S(=O)(=O)Nc2cc(Sc3ncn[nH]3)c(O)c3ccccc23)c1F,CHEMBL2088027,6.170708142296468,6.170708142296468,2
O=C1CCC(c2ccc(NC(=S)Nc3ccccc3)cc2)=NN1c1ccccc1,CHEMBL6143973,7.605723473232178,7.605723473232178,1
O=C1CCc2c(Oc3cc4c(cc3Cl)OC3C(c5nc6ccc(C(F)(F)F)cc6[nH]5)C43)ccnc2N1,CHEMBL3973910,6.931814138253838,6.931814138253838,3
O=C1CCc2c(Oc3ccc4c(c3)C3C(C4)C3C(=O)Nc3ccccc3S)ccnc2N1,CHEMBL5801624,7.055517327849831,7.055517327849831,1
O=C1CCc2c(Oc3ccc4c(c3)C3C(C4)C3c3nc4ccc(C(F)(F)F)cc4[nH]3)ccnc2N1,CHEMBL3923069,7.142667503568731,7.142667503568731,3
O=C1CCc2c(Oc3ccc4c(c3)C3C(C4)C3c3nc4ccccc4[nH]3)ccnc2N1,CHEMBL3895915,7.958607314841775,7.958607314841775,3
O=C1CCc2c(Oc3ccc4c(c3)C3C(C4)C3c3nc4ccccc4s3)ccnc2N1,CHEMBL3959654,7.055517327849831,7.055517327849831,2
O=C1CCc2c(Oc3ccc4c(c3)C3C(O4)C3C(=O)OCC(=O)c3ccccc3)ccnc2N1,CHEMBL5998738,9.142667503568731,9.142667503568731,1
O=C1CCc2c(Oc3ccc4c(c3)C3C(O4)C3c3nc(-c4ccccc4)c[nH]3)ccnc2N1,CHEMBL3970406,9.142667503568731,9.142667503568731,2
O=C1CCc2c(Oc3ccc4c(c3)C3C(O4)C3c3nc(-c4ccccc4)no3)ccnc2N1,CHEMBL3946213,8.494850021680094,8.494850021680094,3
O=C1CCc2c(Oc3ccc4c(c3)C3C(O4)C3c3nc(-c4ccccc4Cl)c[nH]3)ccnc2N1,CHEMBL3945405,8.481486060122112,8.481486060122112,3
O=C1CCc2c(Oc3ccc4c(c3)C3C(O4)C3c3nc(-c4ccncc4)c[nH]3)ccnc2N1,CHEMBL3941872,8.431798275933005,8.431798275933005,3
O=C1CCc2c(Oc3ccc4c(c3)C3C(O4)C3c3nc(C(F)(F)F)c[nH]3)ccnc2N1,CHEMBL3932596,8.221848749616356,8.221848749616356,3
O=C1CCc2c(Oc3ccc4c(c3)C3C(O4)C3c3nc4c(Cl)cc(C(F)(F)F)cc4[nH]3)ccnc2N1,CHEMBL3907614,7.096910013008056,7.096910013008056,3
O=C1CCc2c(Oc3ccc4c(c3)C3C(O4)C3c3nc4cc(C(F)(F)F)ccc4n3CCO)ccnc2N1,CHEMBL3938706,7.522878745280337,7.522878745280337,3
O=C1CCc2c(Oc3ccc4c(c3)C3C(O4)C3c3nc4cc(Cl)c(C(F)(F)F)cc4[nH]3)ccnc2N1,CHEMBL3956392,7.721246399047171,7.721246399047171,3
O=C1CCc2c(Oc3ccc4c(c3)C3C(O4)C3c3nc4cc(Cl)c(Cl)cc4[nH]3)ccnc2N1,CHEMBL3961774,7.494850021680094,7.494850021680094,3
O=C1CCc2c(Oc3ccc4c(c3)C3C(O4)C3c3nc4cc(Cl)c(F)cc4[nH]3)ccnc2N1,CHEMBL3975784,8.267606240177031,8.267606240177031,3
O=C1CCc2c(Oc3ccc4c(c3)C3C(O4)C3c3nc4cc(F)c(F)cc4[nH]3)ccnc2N1,CHEMBL3935563,8.229147988357855,8.229147988357855,3
O=C1CCc2c(Oc3ccc4c(c3)C3C(O4)C3c3nc4cc5c(cc4[nH]3)CCC5)ccnc2N1,CHEMBL3896243,8.920818753952375,8.920818753952375,3
O=C1CCc2c(Oc3ccc4c(c3)C3C(O4)C3c3nc4ccc(-c5ccccc5)cc4[nH]3)ccnc2N1,CHEMBL3908426,6.634512015109101,6.634512015109101,2
O=C1CCc2c(Oc3ccc4c(c3)C3C(O4)C3c3nc4ccc(Br)cc4[nH]3)ccnc2N1,CHEMBL3916469,8.142667503568731,7.765628631453824,4
O=C1CCc2c(Oc3ccc4c(c3)C3C(O4)C3c3nc4ccc(C(F)(F)F)cc4[nH]3)ccnc2N1,CHEMBL3901590,8.142667503568731,8.142667503568731,3
O=C1CCc2c(Oc3ccc4c(c3)C3C(O4)C3c3nc4ccc(Cl)cc4[nH]3)ccnc2N1,CHEMBL3891968,7.920818753952375,7.920818753952375,3
O=C1CCc2c(Oc3ccc4c(c3)C3C(O4)C3c3nc4ccc(F)cc4[nH]3)ccnc2N1,CHEMBL3982542,8.0,8.0,3
O=C1CCc2c(Oc3ccc4c(c3)C3C(O4)C3c3nc4ccc(O)cc4[nH]3)ccnc2N1,CHEMBL3954132,8.602059991327963,8.602059991327963,3
O=C1CCc2c(Oc3ccc4c(c3)C3C(O4)C3c3nc4ccc(OC(F)(F)F)cc4[nH]3)ccnc2N1,CHEMBL3944431,7.552841968657781,7.552841968657781,3
O=C1CCc2c(Oc3ccc4c(c3)C3C(O4)C3c3nc4cccc(C(F)(F)F)c4[nH]3)ccnc2N1,CHEMBL3933329,7.050609993355087,7.050609993355086,3
O=C1CCc2c(Oc3ccc4c(c3)C3C(O4)C3c3nc4cccc(Cl)c4[nH]3)ccnc2N1,CHEMBL3929949,7.795880017344075,7.795880017344075,3
O=C1CCc2c(Oc3ccc4c(c3)C3C(O4)C3c3nc4cccc(F)c4[nH]3)ccnc2N1,CHEMBL3908760,7.958607314841775,7.958607314841775,3
O=C1CCc2c(Oc3ccc4c(c3)C3C(O4)C3c3nc4ccccc4[nH]3)ccnc2N1,CHEMBL3955401,8.508638306165727,8.508638306165727,3
O=C1CCc2c(Oc3ccc4c(c3)C3C(O4)C3c3nc4ccncc4[nH]3)ccnc2N1,CHEMBL3930140,7.376750709602099,7.376750709602099,3
O=C1CCc2c(Oc3ccc4c(c3)C=C(c3nc(-c5ccccc5)c[nH]3)CO4)ccnc2N1,CHEMBL5909749,7.2839966563652006,7.2839966563652006,1
O=C1CCc2c(Oc3ccc4c(c3)CC(c3nc(-c5ccccc5)c[nH]3)CO4)ccnc2N1,CHEMBL6030169,8.853871964321762,8.924896906091378,3
O=C1CCc2c(Oc3ccc4c(c3)CC(c3nc(-c5ccccc5)no3)CO4)ccnc2N1,CHEMBL5829721,7.2839966563652006,7.2839966563652006,1
O=C1CCc2c(Oc3ccc4c(c3)CC(c3nc(-c5cccs5)c[nH]3)CO4)ccnc2N1,CHEMBL5755475,8.958607314841775,8.958607314841775,1
O=C1CCc2c(Oc3ccc4c(c3)CC(c3nc(-c5ccsc5)c[nH]3)CO4)ccnc2N1,CHEMBL5779645,9.0,9.0,1
O=C1CCc2c(Oc3ccc4c(c3)CC(c3nc5cccc(Cl)c5[nH]3)CO4)ccnc2N1,CHEMBL5994467,7.2839966563652006,7.2839966563652006,1
O=C1CCc2c(Oc3ccc4c(c3)CC(c3ncc(-c5ccc6c(c5)OCCO6)[nH]3)CO4)ccnc2N1,CHEMBL5951751,7.2839966563652006,7.2839966563652006,1
O=C1CCc2c(Oc3ccc4c(c3)C[C@H](NC(=O)c3cc(-c5cc[nH]n5)cc(C(F)(F)F)c3)CC4)ccnc2N1,CHEMBL3765074,7.469745512197351,7.469745512197351,2
O=C1CCc2c(Oc3ccc4c(c3)C[C@H](NC(=O)c3cc(-c5cnc[nH]5)cc(C(F)(F)F)c3)CC4)ccnc2N1,CHEMBL3765355,8.059593203859604,8.059593203859604,2
O=C1CCc2c(Oc3ccc4c(c3)C[C@H](NC(=O)c3cc(CN5CCOCC5CO)cc(C(F)(F)F)c3)CC4)ccnc2N1,CHEMBL3764275,7.4965531460260495,7.4965531460260495,2
O=C1CCc2c(Oc3ccc4c(c3)C[C@H](NC(=O)c3cccc(C(F)(F)F)c3)CC4)ccnc2N1,CHEMBL3765596,7.410554672475547,7.410554672475547,2
O=C1CCc2c(Oc3ccc4c(c3)[C@@H]3C(c5nc6cc(Cl)c(C(F)(F)F)cc6[nH]5)[C@@H]3O4)ccnc2N1,CHEMBL4112979,6.899629454882437,6.899629454882437,1
O=C1CCc2c(Oc3ccc4c(c3)[C@@H]3C(c5nc6cc(Cl)c(Cl)cc6[nH]5)[C@@H]3O4)ccnc2N1,CHEMBL4111990,7.958607314841775,7.958607314841775,1
O=C1CCc2c(Oc3ccc4c(c3)[C@@H]3C(c5nc6ccc(C(F)(F)F)cc6[nH]5)[C@@H]3O4)ccnc2N1,CHEMBL4110100,7.275724130399211,7.275724130399211,1
O=C1CCc2c(Oc3ccc4c(c3)[C@@H]3[C@@H](NC(=O)Nc5cc(C(F)(F)F)ccn5)[C@@H]3O4)ccnc2N1,CHEMBL6044413,5.721246399047171,5.721246399047171,1
O=C1CCc2c(Oc3ccc4c(c3)[C@@H]3[C@@H](NC(=O)Nc5cccc(C(F)(F)F)c5)[C@@H]3O4)ccnc2N1,CHEMBL5805192,5.522878745280337,5.522878745280337,1
O=C1CCc2c(Oc3ccc4c(c3)[C@@H]3[C@H](O4)[C@H]3c3nc4cc(C(F)(F)F)ccc4[nH]3)ccnc2N1,CHEMBL4209157,7.275724130399211,7.396573474926943,3
O=C1CCc2c(Oc3ccc4c(c3)[C@@H]3[C@H](O4)[C@H]3c3nc4cc(Cl)c(C(F)(F)F)cc4[nH]3)ccnc2N1,CHEMBL5825466,6.899629454882437,6.899629454882437,2
O=C1CCc2c(Oc3ccc4c(c3)[C@@H]3[C@H](O4)[C@H]3c3nc4cc(Cl)c(Cl)cc4[nH]3)ccnc2N1,CHEMBL5874055,7.726728668260934,7.726728668260934,2
O=C1CCc2c(Oc3ccc4c(c3)[C@H]3C(NC(=O)NCc5ccc(F)cc5C(F)(F)F)[C@H]3O4)ccnc2N1,CHEMBL6057077,5.468521082957745,5.468521082957745,1
O=C1CCc2c(Oc3ccc4c(c3)[C@H]3C(c5nc6cc(Cl)c(C(F)(F)F)cc6[nH]5)[C@H]3O4)ccnc2N1,CHEMBL3900761,7.958607314841775,7.958607314841775,1
O=C1CCc2c(Oc3ccc4c(c3)[C@H]3C(c5nc6cc(Cl)c(Cl)cc6[nH]5)[C@H]3O4)ccnc2N1,CHEMBL3946670,7.494850021680094,7.494850021680094,1
O=C1CCc2c(Oc3ccc4c(c3)[C@H]3C(c5nc6ccc(C(F)(F)F)cc6[nH]5)[C@H]3O4)ccnc2N1,CHEMBL4111470,8.173925197299173,8.173925197299173,1
O=C1CCc2c(Oc3ccc4c(c3)[C@H]3[C@@H](O4)[C@@H]3c3nc4cc(Cl)c(C(F)(F)F)cc4[nH]3)ccnc2N1,CHEMBL6062536,7.958607314841775,7.958607314841775,2
O=C1CCc2c(Oc3ccc4c(c3)[C@H]3[C@@H](O4)[C@@H]3c3nc4cc(Cl)c(Cl)cc4[nH]3)ccnc2N1,CHEMBL5881039,7.726728668260934,7.726728668260934,2
O=C1CCc2c(Oc3ccc4c(c3)[C@H]3[C@@H](O4)[C@@H]3c3nc4ccc(C(F)(F)F)cc4[nH]3)ccnc2N1,CHEMBL4207519,7.638272163982407,7.7349585212553915,5
O=C1CCc2c(Oc3ccc4c(c3)[C@H]3[C@H](NC(=O)Cc5cccc(C(F)(F)F)c5)[C@H]3O4)ccnc2N1,CHEMBL5827368,8.823908740944319,8.823908740944319,1
O=C1CCc2c(Oc3ccc4c(c3)[C@H]3[C@H](NC(=O)NC5CC5)[C@H]3O4)ccnc2N1,CHEMBL5742736,4.522878745280337,4.522878745280337,1
O=C1CCc2c(Oc3ccc4c(c3)[C@H]3[C@H](NC(=O)NC5CCCC5)[C@H]3O4)ccnc2N1,CHEMBL6053873,6.229147988357855,6.229147988357855,1
O=C1CCc2c(Oc3ccc4c(c3)[C@H]3[C@H](NC(=O)NC5CCCCC5)[C@H]3O4)ccnc2N1,CHEMBL5932847,5.638272163982407,5.638272163982407,1
O=C1CCc2c(Oc3ccc4c(c3)[C@H]3[C@H](NC(=O)NC5CCCCCC5)[C@H]3O4)ccnc2N1,CHEMBL5761774,5.853871964321762,5.853871964321762,1
O=C1CCc2c(Oc3ccc4c(c3)[C@H]3[C@H](NC(=O)NC5CCOCC5)[C@H]3O4)ccnc2N1,CHEMBL5861181,5.376750709602099,5.376750709602099,1
O=C1CCc2c(Oc3ccc4c(c3)[C@H]3[C@H](NC(=O)NCc5ccc(C(F)(F)F)cc5)[C@H]3O4)ccnc2N1,CHEMBL6047367,3.801342913045578,3.801342913045578,1
O=C1CCc2c(Oc3ccc4c(c3)[C@H]3[C@H](NC(=O)NCc5ccc(F)cc5)[C@H]3O4)ccnc2N1,CHEMBL6033945,6.075720713938118,6.075720713938118,1
O=C1CCc2c(Oc3ccc4c(c3)[C@H]3[C@H](NC(=O)NCc5cccc(C(F)(F)F)c5)[C@H]3O4)ccnc2N1,CHEMBL5932316,5.721246399047171,5.721246399047171,1
O=C1CCc2c(Oc3ccc4c(c3)[C@H]3[C@H](NC(=O)NCc5cccc(F)c5)[C@H]3O4)ccnc2N1,CHEMBL5757281,6.113509274827518,6.113509274827518,1
O=C1CCc2c(Oc3ccc4c(c3)[C@H]3[C@H](NC(=O)N[C@@H]5CCCc6ccccc65)[C@H]3O4)ccnc2N1,CHEMBL5973207,5.3979400086720375,5.3979400086720375,1
O=C1CCc2c(Oc3ccc4c(c3)[C@H]3[C@H](NC(=O)N[C@@H]5CCc6ccccc65)[C@H]3O4)ccnc2N1,CHEMBL6053917,5.619788758288394,5.619788758288394,1
O=C1CCc2c(Oc3ccc4c(c3)[C@H]3[C@H](NC(=O)N[C@H]5CCCc6ccccc65)[C@H]3O4)ccnc2N1,CHEMBL5921623,5.494850021680094,5.494850021680094,1
O=C1CCc2c(Oc3ccc4c(c3)[C@H]3[C@H](NC(=O)N[C@H]5CCc6ccccc65)[C@H]3O4)ccnc2N1,CHEMBL5845411,5.568636235841012,5.568636235841012,1
O=C1CCc2c(Oc3ccc4c(c3)[C@H]3[C@H](NC(=O)Nc5c(F)cc(F)cc5F)[C@H]3O4)ccnc2N1,CHEMBL6058217,5.795880017344075,5.795880017344075,1
O=C1CCc2c(Oc3ccc4c(c3)[C@H]3[C@H](NC(=O)Nc5c(F)ccc(F)c5F)[C@H]3O4)ccnc2N1,CHEMBL6004555,6.130768280269024,6.130768280269024,1
O=C1CCc2c(Oc3ccc4c(c3)[C@H]3[C@H](NC(=O)Nc5c(F)cccc5F)[C@H]3O4)ccnc2N1,CHEMBL6014905,5.886056647693163,5.886056647693163,1
O=C1CCc2c(Oc3ccc4c(c3)[C@H]3[C@H](NC(=O)Nc5cc(Br)ccc5Cl)[C@H]3O4)ccnc2N1,CHEMBL5804677,5.060480747381382,5.060480747381382,1
O=C1CCc2c(Oc3ccc4c(c3)[C@H]3[C@H](NC(=O)Nc5cc(C(F)(F)F)cc(C(F)(F)F)c5)[C@H]3O4)ccnc2N1,CHEMBL5834476,3.935542010773082,3.935542010773082,1
O=C1CCc2c(Oc3ccc4c(c3)[C@H]3[C@H](NC(=O)Nc5cc(C(F)(F)F)ccc5F)[C@H]3O4)ccnc2N1,CHEMBL5812178,5.022276394711152,5.022276394711152,1
O=C1CCc2c(Oc3ccc4c(c3)[C@H]3[C@H](NC(=O)Nc5cc(C(F)(F)F)ccn5)[C@H]3O4)ccnc2N1,CHEMBL5786888,5.3979400086720375,5.3979400086720375,1
O=C1CCc2c(Oc3ccc4c(c3)[C@H]3[C@H](NC(=O)Nc5cc(Cl)ccn5)[C@H]3O4)ccnc2N1,CHEMBL5934140,6.070581074285707,6.070581074285707,1
O=C1CCc2c(Oc3ccc4c(c3)[C@H]3[C@H](NC(=O)Nc5cc(F)c(F)c(F)c5)[C@H]3O4)ccnc2N1,CHEMBL5862322,5.3872161432802645,5.3872161432802645,1
O=C1CCc2c(Oc3ccc4c(c3)[C@H]3[C@H](NC(=O)Nc5cc(F)c(F)cc5F)[C@H]3O4)ccnc2N1,CHEMBL5800160,5.920818753952375,5.920818753952375,1
O=C1CCc2c(Oc3ccc4c(c3)[C@H]3[C@H](NC(=O)Nc5cc(F)cc(C(F)(F)F)c5)[C@H]3O4)ccnc2N1,CHEMBL5822933,5.259637310505756,5.259637310505756,1
O=C1CCc2c(Oc3ccc4c(c3)[C@H]3[C@H](NC(=O)Nc5cc(F)cc(F)c5)[C@H]3O4)ccnc2N1,CHEMBL5897864,5.7447274948966935,5.7447274948966935,1
O=C1CCc2c(Oc3ccc4c(c3)[C@H]3[C@H](NC(=O)Nc5cc(F)cc(F)c5F)[C@H]3O4)ccnc2N1,CHEMBL5804432,5.537602002101044,5.537602002101044,1
O=C1CCc2c(Oc3ccc4c(c3)[C@H]3[C@H](NC(=O)Nc5cc(F)ccc5F)[C@H]3O4)ccnc2N1,CHEMBL5807818,5.920818753952375,5.920818753952375,1
O=C1CCc2c(Oc3ccc4c(c3)[C@H]3[C@H](NC(=O)Nc5ccc(Br)cc5Cl)[C@H]3O4)ccnc2N1,CHEMBL5898023,5.200659450546418,5.200659450546418,1
O=C1CCc2c(Oc3ccc4c(c3)[C@H]3[C@H](NC(=O)Nc5ccc(C(F)(F)F)c(F)c5)[C@H]3O4)ccnc2N1,CHEMBL5989791,4.568636235841013,4.568636235841013,1
O=C1CCc2c(Oc3ccc4c(c3)[C@H]3[C@H](NC(=O)Nc5ccc(C(F)(F)F)cc5)[C@H]3O4)ccnc2N1,CHEMBL5783223,5.161150909262744,5.161150909262744,1
O=C1CCc2c(Oc3ccc4c(c3)[C@H]3[C@H](NC(=O)Nc5ccc(C(F)(F)F)cc5F)[C@H]3O4)ccnc2N1,CHEMBL5944306,4.886056647693163,4.886056647693163,1
O=C1CCc2c(Oc3ccc4c(c3)[C@H]3[C@H](NC(=O)Nc5ccc(C(F)(F)F)cn5)[C@H]3O4)ccnc2N1,CHEMBL5973688,5.3979400086720375,5.3979400086720375,1
O=C1CCc2c(Oc3ccc4c(c3)[C@H]3[C@H](NC(=O)Nc5ccc(Cl)c(C(F)(F)F)c5)[C@H]3O4)ccnc2N1,CHEMBL5754333,4.568636235841013,4.568636235841013,1
O=C1CCc2c(Oc3ccc4c(c3)[C@H]3[C@H](NC(=O)Nc5ccc(Cl)c(Cl)c5)[C@H]3O4)ccnc2N1,CHEMBL5754202,5.259637310505756,5.259637310505756,1
O=C1CCc2c(Oc3ccc4c(c3)[C@H]3[C@H](NC(=O)Nc5ccc(Cl)cc5C(F)(F)F)[C@H]3O4)ccnc2N1,CHEMBL5820332,5.022276394711152,5.022276394711152,1
O=C1CCc2c(Oc3ccc4c(c3)[C@H]3[C@H](NC(=O)Nc5ccc(F)c(C(F)(F)F)c5)[C@H]3O4)ccnc2N1,CHEMBL5963581,5.113509274827518,5.113509274827518,1
O=C1CCc2c(Oc3ccc4c(c3)[C@H]3[C@H](NC(=O)Nc5ccc(F)c(F)c5)[C@H]3O4)ccnc2N1,CHEMBL5803450,5.958607314841775,5.958607314841775,1
O=C1CCc2c(Oc3ccc4c(c3)[C@H]3[C@H](NC(=O)Nc5ccc(F)c(F)c5F)[C@H]3O4)ccnc2N1,CHEMBL5806487,6.107905397309519,6.107905397309519,1
O=C1CCc2c(Oc3ccc4c(c3)[C@H]3[C@H](NC(=O)Nc5ccc(F)cc5)[C@H]3O4)ccnc2N1,CHEMBL6003178,6.096910013008056,6.096910013008056,1
O=C1CCc2c(Oc3ccc4c(c3)[C@H]3[C@H](NC(=O)Nc5ccc(F)cc5F)[C@H]3O4)ccnc2N1,CHEMBL6002645,6.229147988357855,6.229147988357855,1
O=C1CCc2c(Oc3ccc4c(c3)[C@H]3[C@H](NC(=O)Nc5ccc(OC(F)(F)F)cc5)[C@H]3O4)ccnc2N1,CHEMBL5969395,5.130768280269024,5.130768280269024,1
O=C1CCc2c(Oc3ccc4c(c3)[C@H]3[C@H](NC(=O)Nc5ccc6c(c5)CCC6)[C@H]3O4)ccnc2N1,CHEMBL5816951,5.585026652029182,5.585026652029182,1
O=C1CCc2c(Oc3ccc4c(c3)[C@H]3[C@H](NC(=O)Nc5cccc(C(F)(F)F)c5)[C@H]3O4)ccnc2N1,CHEMBL6062780,5.080921907623926,5.206674688289126,3
O=C1CCc2c(Oc3ccc4c(c3)[C@H]3[C@H](NC(=O)Nc5cccc(C(F)(F)F)c5F)[C@H]3O4)ccnc2N1,CHEMBL5989340,5.327902142064282,5.327902142064282,1
O=C1CCc2c(Oc3ccc4c(c3)[C@H]3[C@H](NC(=O)Nc5cccc(F)c5)[C@H]3O4)ccnc2N1,CHEMBL6057319,6.017399149487044,6.017399149487044,2
O=C1CCc2c(Oc3ccc4c(c3)[C@H]3[C@H](NC(=O)Nc5cccc(F)c5F)[C@H]3O4)ccnc2N1,CHEMBL5978276,6.026872146400301,6.026872146400301,1
O=C1CCc2c(Oc3ccc4c(c3)[C@H]3[C@H](NC(=O)Nc5cccc(OC(F)(F)F)c5)[C@H]3O4)ccnc2N1,CHEMBL5854215,5.065501548756432,5.065501548756432,1
O=C1CCc2c(Oc3ccc4c(c3)[C@H]3[C@H](NC(=O)Nc5cccc([N+](=O)[O-])c5)[C@H]3O4)ccnc2N1,CHEMBL5865011,5.7447274948966935,5.7447274948966935,1
O=C1CCc2c(Oc3ccc4c(c3)[C@H]3[C@H](NC(=O)Nc5ccccc5C(F)(F)F)[C@H]3O4)ccnc2N1,CHEMBL5769241,5.522878745280337,5.522878745280337,1
O=C1CCc2c(Oc3ccc4c(c3)[C@H]3[C@H](NC(=O)Nc5ccccc5F)[C@H]3O4)ccnc2N1,CHEMBL5591799,8.958607314841775,8.36589023138056,3
O=C1CCc2c(Oc3ccc4c(c3)[C@H]3[C@H](NC(=O)Nc5ccccc5OC(F)(F)F)[C@H]3O4)ccnc2N1,CHEMBL6033346,5.200659450546418,5.200659450546418,1
O=C1CCc2c(Oc3ccc4c(c3)[C@H]3[C@H](NC(=O)Nc5ccncn5)[C@H]3O4)ccnc2N1,CHEMBL6058449,5.886056647693163,5.886056647693163,1
O=C1CCc2c(Oc3ccc4c(c3)[C@H]3[C@H](NC(=O)c5cc(C(F)(F)F)ccn5)[C@H]3O4)ccnc2N1,CHEMBL5976386,8.508638306165727,8.508638306165727,1
O=C1CCc2c(Oc3ccc4c(c3)[C@H]3[C@H](NC(=O)c5ccc(-c6ccccc6)o5)[C@H]3O4)ccnc2N1,CHEMBL6024685,8.309803919971486,8.309803919971486,1
O=C1CCc2c(Oc3ccc4c(c3)[C@H]3[C@H](NC(=O)c5ccc(C(F)(F)F)c(F)c5)[C@H]3O4)ccnc2N1,CHEMBL5903269,8.036212172654444,8.036212172654444,1
O=C1CCc2c(Oc3ccc4c(c3)[C@H]3[C@H](NC(=O)c5ccc(C(F)(F)F)cc5)[C@H]3O4)ccnc2N1,CHEMBL5875973,8.09151498112135,8.09151498112135,1
O=C1CCc2c(Oc3ccc4c(c3)[C@H]3[C@H](NC(=O)c5ccc(CN6CCCCC6)c(C(F)(F)F)c5)[C@H]3O4)ccnc2N1,CHEMBL5814661,7.3872161432802645,7.3872161432802645,1
O=C1CCc2c(Oc3ccc4c(c3)[C@H]3[C@H](NC(=O)c5ccc(CN6CCC[C@@H](O)C6)c(C(F)(F)F)c5)[C@H]3O4)ccnc2N1,CHEMBL6026192,7.522878745280337,7.522878745280337,1
O=C1CCc2c(Oc3ccc4c(c3)[C@H]3[C@H](NC(=O)c5ccc(CN6CCC[C@H](O)C6)c(C(F)(F)F)c5)[C@H]3O4)ccnc2N1,CHEMBL5998662,7.552841968657781,7.552841968657781,1
O=C1CCc2c(Oc3ccc4c(c3)[C@H]3[C@H](NC(=O)c5ccc(CN6CCN(CC(F)(F)F)CC6)c(C(F)(F)F)c5)[C@H]3O4)ccnc2N1,CHEMBL5932679,7.568636235841012,7.568636235841012,1
O=C1CCc2c(Oc3ccc4c(c3)[C@H]3[C@H](NC(=O)c5ccc(CN6CCN(CCO)CC6)c(C(F)(F)F)c5)[C@H]3O4)ccnc2N1,CHEMBL5862436,7.982966660701219,7.982966660701219,1
O=C1CCc2c(Oc3ccc4c(c3)[C@H]3[C@H](NC(=O)c5ccc(CN6CCN7CCC[C@@H]7C6)c(C(F)(F)F)c5)[C@H]3O4)ccnc2N1,CHEMBL5971901,8.045757490560675,8.045757490560675,1
O=C1CCc2c(Oc3ccc4c(c3)[C@H]3[C@H](NC(=O)c5ccc(CN6CCNCC6)c(C(F)(F)F)c5)[C@H]3O4)ccnc2N1,CHEMBL5786132,7.565431095965801,7.565431095965801,1
O=C1CCc2c(Oc3ccc4c(c3)[C@H]3[C@H](NC(=O)c5ccc(CN6CCOCC6)c(C(F)(F)F)c5)[C@H]3O4)ccnc2N1,CHEMBL5954442,7.443697499232712,7.443697499232712,1
O=C1CCc2c(Oc3ccc4c(c3)[C@H]3[C@H](NC(=O)c5ccc(CN6CCn7c(nnc7C(F)(F)F)C6)c(C(F)(F)F)c5)[C@H]3O4)ccnc2N1,CHEMBL5746879,7.698970004336019,7.698970004336019,1
O=C1CCc2c(Oc3ccc4c(c3)[C@H]3[C@H](NC(=O)c5ccc(CO)c(C(F)(F)F)c5)[C@H]3O4)ccnc2N1,CHEMBL6039588,8.431798275933005,8.431798275933005,1
O=C1CCc2c(Oc3ccc4c(c3)[C@H]3[C@H](NC(=O)c5ccc(F)c(F)c5)[C@H]3O4)ccnc2N1,CHEMBL5983026,8.920818753952375,8.920818753952375,1
O=C1CCc2c(Oc3ccc4c(c3)[C@H]3[C@H](NC(=O)c5ccc(F)cc5)[C@H]3O4)ccnc2N1,CHEMBL6014278,8.853871964321762,8.853871964321762,1
O=C1CCc2c(Oc3ccc4c(c3)[C@H]3[C@H](NC(=O)c5cccc(C(F)(F)F)c5)[C@H]3O4)ccnc2N1,CHEMBL6039541,8.920818753952375,8.920818753952375,1
O=C1CCc2c(Oc3ccc4c(c3)[C@H]3[C@H](NC(=O)c5cccc(C(F)(F)F)n5)[C@H]3O4)ccnc2N1,CHEMBL5750515,8.602059991327963,8.602059991327963,1
O=C1CCc2c(Oc3ccc4c(c3)[C@H]3[C@H](NC(=O)c5cccc(F)c5)[C@H]3O4)ccnc2N1,CHEMBL5962642,9.119186407719209,9.119186407719209,1
O=C1CCc2c(Oc3ccc4c(c3)[C@H]3[C@H](NC(=O)c5ccccc5C(F)(F)F)[C@H]3O4)ccnc2N1,CHEMBL5770880,8.318758762624412,8.318758762624412,1
O=C1CCc2c(Oc3ccc4c(c3)[C@H]3[C@H](NC(=O)c5ccccc5F)[C@H]3O4)ccnc2N1,CHEMBL5872048,8.327902142064282,8.327902142064282,1
O=C1CCc2c(Oc3ccc4c(c3)[C@H]3[C@H](NC(=O)c5ccnc(C(F)(F)F)c5)[C@H]3O4)ccnc2N1,CHEMBL5836093,8.823908740944319,8.823908740944319,1
O=C1CCc2c(Oc3ccc4c(c3)[C@H]3[C@H](NC(=O)c5cncc(C(F)(F)F)c5)[C@H]3O4)ccnc2N1,CHEMBL6019942,8.886056647693163,8.886056647693163,1
O=C1CCc2c(Oc3cccc4c3OC3C(c5nc6ccc(C(F)(F)F)cc6[nH]5)C43)ccnc2N1,CHEMBL3912961,6.071092309756047,6.071092309756047,3
O=C1CCc2cc(Nc3c(-c4ncccn4)oc4cnccc34)ccc21,CHEMBL1667897,7.795880017344075,7.795880017344075,1
O=C1CNc2ccc(C3(O)c4ccccc4C(=O)N3Cc3ccccc3)cc2N1,CHEMBL3940480,6.0,6.0,1
O=C1CNc2nccc(Oc3ccc(NC(=O)Nc4cc(C(F)(F)F)ccc4F)cc3)c2N1,CHEMBL1214439,6.361769097913378,6.361769097913378,2
O=C1COc2ccc(C3(O)c4ccccc4C(=O)N3Cc3cc(Br)ccc3F)cc2N1,CHEMBL3938119,6.0,6.0,1
O=C1COc2ccc(C3(O)c4ccccc4C(=O)N3Cc3cccc(Br)c3)cc2N1,CHEMBL3895242,6.0,6.0,1
O=C1COc2ccc(C3(O)c4ccccc4C(=O)N3Cc3cccc(Cl)c3)cc2N1,CHEMBL3903124,6.0,6.0,1
O=C1COc2ccc(C3(O)c4ccccc4C(=O)N3Cc3cccc(F)c3)cc2N1,CHEMBL3962115,6.0,6.0,1
O=C1COc2ccc(C3(O)c4ccccc4C(=O)N3Cc3cccc(I)c3)cc2N1,CHEMBL3949857,6.0,6.0,1
O=C1COc2ccc(C3(O)c4ccccc4C(=O)N3Cc3cccc([N+](=O)[O-])c3)cc2N1,CHEMBL3946558,6.0,6.0,1
O=C1COc2ccc(C3(O)c4ccccc4C(=O)N3c3cc(Cl)ccc3Cl)cc2N1,CHEMBL3927893,6.0,6.0,1
O=C1COc2ccc(C3(O)c4ccccc4C(=O)N3c3cc(F)cc(F)c3)cc2N1,CHEMBL3982784,6.0,6.0,1
O=C1COc2ccc(C3(O)c4ccccc4C(=O)N3c3cc(F)cc(I)c3)cc2N1,CHEMBL3919431,6.0,6.0,1
O=C1COc2ccc(C3(O)c4ccccc4C(=O)N3c3ccc(Cl)c(Cl)c3)cc2N1,CHEMBL3976175,6.0,6.0,1
O=C1COc2ccc(C3(O)c4ccccc4C(=O)N3c3ccc(Cl)cc3)cc2N1,CHEMBL3927204,6.0,6.0,1
O=C1COc2ccc(C3(O)c4ccccc4C(=O)N3c3ccc(F)c(F)c3)cc2N1,CHEMBL3932888,6.0,6.0,1
O=C1COc2ccc(C3(O)c4ccccc4C(=O)N3c3cccc(Br)c3)cc2N1,CHEMBL3946129,7.0,7.0,1
O=C1COc2ccc(C3(O)c4ccccc4C(=O)N3c3cccc(C(F)(F)F)c3)cc2N1,CHEMBL3897556,6.0,6.0,1
O=C1COc2ccc(C3(O)c4ccccc4C(=O)N3c3cccc(CO)c3)cc2N1,CHEMBL3975651,6.0,6.0,1
O=C1COc2ccc(C3(O)c4ccccc4C(=O)N3c3cccc(F)c3)cc2N1,CHEMBL3928812,6.0,6.0,1
O=C1COc2ccc(C3(O)c4ccccc4C(=O)N3c3cccc(I)c3)cc2N1,CHEMBL3948783,7.0,7.0,1
O=C1COc2ccc(C3(O)c4ccccc4C(=O)N3c3cccc(O)c3)cc2N1,CHEMBL3956151,6.0,6.0,1
O=C1COc2ccc(C3(O)c4ccccc4C(=O)N3c3cccc(Oc4ccccc4)c3)cc2N1,CHEMBL3958798,6.0,6.0,1
O=C1COc2ccc(C3(O)c4ccccc4C(=O)N3c3cccc([N+](=O)[O-])c3)cc2N1,CHEMBL3910964,6.0,6.0,1
O=C1COc2ccc(C3(O)c4ccccc4C(=O)N3c3ccccc3)cc2N1,CHEMBL3983280,7.0,7.0,1
O=C1COc2ccc(C3(O)c4ccccc4C(=O)N3c3ccccc3Cl)cc2N1,CHEMBL3903968,6.0,6.0,1
O=C1COc2ccc(C3(O)c4ccccc4C(=O)N3c3ccccc3F)cc2N1,CHEMBL3979227,7.0,7.0,1
O=C1N/C=C/c2ccc(c(Br)c2)Oc2cc(cc(Br)c2O)CCNC(=O)/C(=N/O)Cc2ccc(c(Br)c2)Oc2cc(cc(Br)c2O)C/C1=N\O,CHEMBL360190,5.356547323513812,5.356547323513812,1
O=C1NC(=O)c2cc(Nc3cccc(O)c3)c(Nc3cccc(O)c3)cc21,CHEMBL1922469,6.471083299722345,6.471083299722345,1
O=C1NC(=O)c2cc(Nc3cccc(O)c3)c(Nc3ccccc3)cc21,CHEMBL1922470,5.774690718274137,5.774690718274137,1
O=C1NC(=O)c2cc3c(-c4cccc(O)c4)c[nH]c3cc21,CHEMBL1922468,5.459670525209127,5.459670525209127,1
O=C1NC(=S)N(c2ccc(Br)cc2)C(=O)/C1=C\c1ccc(-c2ccc(C(=O)O)c(Cl)c2)o1,CHEMBL2070574,5.323306390375134,5.323306390375134,1
O=C1NC(=S)N(c2ccc(Br)cc2)C(=O)/C1=C\c1ccc(-c2ccc(C(=O)O)cc2)o1,CHEMBL2070573,5.651695136951839,5.651695136951839,1
O=C1NC(=S)N(c2ccc(Br)cc2)C(=O)/C1=C\c1ccc(-c2cccc(C(=O)O)c2)o1,CHEMBL2070575,5.7447274948966935,5.7447274948966935,1
O=C1NC(=S)N(c2ccc(Br)cc2)C(=O)/C1=C\c1ccc(-c2ccccc2C(=O)O)o1,CHEMBL2070576,5.462180904926726,5.462180904926726,1
O=C1NC(=S)N(c2cccc(Cl)c2Cl)C(=O)/C1=C\c1ccc(-c2ccc(C(=O)O)cc2)o1,CHEMBL2070571,5.8124792791635365,5.8124792791635365,1
O=C1NC(=S)NC(=O)C1=Cc1ccc(-c2ccc(Br)cc2)o1,CHEMBL2392467,6.327902142064282,6.327902142064282,2
O=C1NC(=S)NC(=O)C1=Cc1ccc(-c2ccc([N+](=O)[O-])cc2)o1,CHEMBL2070564,6.136677139879544,6.136677139879544,1
O=C1NC(=S)NC(=O)C1=Cc1ccc(-c2ccc3c(c2)OCO3)o1,CHEMBL3235904,6.231090452463363,6.231090452463363,2
O=C1NC(=S)NC(=O)C1=Cc1ccc(-c2cccc([N+](=O)[O-])c2)o1,CHEMBL2070565,6.080921907623926,6.080921907623926,1
O=C1NC(=S)NC(=O)C1=Cc1ccc(-c2ccccc2[N+](=O)[O-])o1,CHEMBL2070566,6.173925197299173,6.173925197299173,1
O=C1NCCN1CCNc1nccc(-c2[nH]c(C3CC3)nc2-c2cc(Cl)ccc2Cl)n1,CHEMBL401710,8.0,8.0,1
O=C1NCCN1CCNc1nccc(-c2[nH]c(C3CC3)nc2-c2cccc(NS(=O)(=O)Cc3ccc(Cl)c(Cl)c3)c2)n1,CHEMBL255497,6.657743383650924,6.657743383650924,2
O=C1NCc2c(Oc3ccc4c(c3)[C@H]3[C@H](NC(=O)Nc5cc(F)c(F)cc5F)[C@H]3O4)ccnc2N1,CHEMBL6019420,5.638272163982407,5.638272163982407,1
O=C1NCc2c(Oc3ccc4c(c3)[C@H]3[C@H](NC(=O)Nc5ccc(F)c(C(F)(F)F)c5)[C@H]3O4)ccnc2N1,CHEMBL6026729,4.958607314841775,4.958607314841775,1
O=C1Nc2ccc(I)cc2C1=Cc1cc(Br)c(O)c(Br)c1,CHEMBL1880739,8.0695604052333,8.001442684377679,18
O=C1Nc2nccc(Oc3ccc4c(c3)C3C(O4)C3c3nc4ccc(C(F)(F)F)cc4[nH]3)c2CO1,CHEMBL3975782,7.585026652029182,7.585026652029182,3
O=C1c2ccccc2C(O)(c2ccc3[nH]c(=O)[nH]c3c2)N1c1cccc(Cl)c1F,CHEMBL3924269,6.0,6.0,1
O=C1c2ccccc2C(O)(c2ccc3[nH]c(NC(=O)C(O)(C(F)(F)F)C(F)(F)F)nc3c2)N1Cc1ccccc1,CHEMBL3951234,6.0,6.0,1
O=C1c2ccccc2C(O)(c2ccc3[nH]c(Nc4ccc(Cl)nn4)nc3c2)N1c1cccc(Cl)c1F,CHEMBL3966934,7.0,7.0,1
O=C1c2ccccc2C(O)(c2ccc3[nH]c(Nc4ccccc4)nc3c2)N1c1cccc(Cl)c1F,CHEMBL3958711,6.0,6.0,1
O=C1c2ccccc2C(O)(c2ccc3[nH]cnc3c2)N1Cc1ccccc1,CHEMBL3928712,6.0,6.0,1
O=C1c2ccccc2C(O)(c2ccc3[nH]ncc3c2)N1Cc1ccccc1,CHEMBL3927071,7.0,7.0,1
O=S(=O)(CC(F)(F)F)Nc1ccc(F)c(Nc2ncccc2-c2ncnc3[nH]cnc23)c1F,CHEMBL3800014,8.0,7.973606251317459,3
O=S(=O)(CC1CC1)Nc1ccc(F)c(Nc2ncccc2-c2ncnc3[nH]cnc23)c1F,CHEMBL3798570,7.585026652029182,7.72114090838645,3
O=S(=O)(Cc1ccccc1)Nc1ccc(F)c(Nc2ncccc2-c2ncnc3[nH]cnc23)c1F,CHEMBL3800157,6.842582038497713,6.842582038497713,2
O=S(=O)(NCCCNc1cc(-c2cn(-c3ccccc3)nc2-c2cccc(O)c2)ccn1)c1ccc(Cl)cc1,CHEMBL5278242,5.624006524779224,5.624006524779224,2
O=S(=O)(NCCCNc1nccc(-c2[nH]c(-c3ccccc3)nc2-c2ccc(Cl)c(O)c2)n1)c1ccc(Br)cc1,CHEMBL4756408,7.661543506395395,7.661543506395395,1
O=S(=O)(NCCCNc1nccc(-c2[nH]c(-c3ccccc3)nc2-c2ccc(Cl)c(O)c2)n1)c1cccc(F)c1,CHEMBL4795144,7.8297382846050425,7.8297382846050425,1
O=S(=O)(NCCCNc1nccc(-c2[nH]c(-c3ccccc3)nc2-c2ccc(Cl)c(O)c2)n1)c1ccccc1,CHEMBL4797100,8.371611069949688,8.371611069949688,1
O=S(=O)(NCCCNc1nccc(-c2[nH]c(-c3ccccc3)nc2-c2ccc(F)c(O)c2)n1)c1ccc(Br)cc1,CHEMBL4755378,7.580044251510242,7.580044251510242,1
O=S(=O)(NCCCNc1nccc(-c2[nH]c(-c3ccccc3)nc2-c2ccc(F)c(O)c2)n1)c1cccc(F)c1,CHEMBL4794140,7.518557371497695,7.518557371497695,1
O=S(=O)(NCCCNc1nccc(-c2[nH]c(-c3ccccc3)nc2-c2ccc(F)c(O)c2)n1)c1ccccc1,CHEMBL4758203,8.250263684430939,8.250263684430939,1
O=S(=O)(NCCCNc1nccc(-c2c(-c3ccc(F)c(O)c3)nc3occn23)n1)c1ccc(Cl)cc1,CHEMBL5835573,9.823908740944319,9.823908740944319,1
O=S(=O)(NCCCNc1nccc(-c2c(-c3ccc(F)c(O)c3)nc3occn23)n1)c1ccccc1,CHEMBL5811533,9.795880017344075,9.795880017344075,1
O=S(=O)(NCCCNc1nccc(-c2c(-c3ccc(F)c(O)c3)nc3sccn23)n1)c1ccc(Cl)cc1,CHEMBL5986742,9.568636235841012,9.568636235841012,1
O=S(=O)(NCCCNc1nccc(-c2c(-c3cccc(F)c3)nc3occn23)n1)c1ccccc1,CHEMBL5289891,6.764471553092451,7.559629582977908,5
O=S(=O)(NCCCNc1nccc(-c2c(-c3cccc(F)c3)nc3sccn23)n1)c1ccc(Br)cc1,CHEMBL4757872,7.835840784553088,7.835840784553088,2
O=S(=O)(NCCCNc1nccc(-c2c(-c3cccc(F)c3)nc3sccn23)n1)c1ccc(C(F)(F)F)cc1,CHEMBL4794141,7.3928430512878,7.3928430512878,2
O=S(=O)(NCCCNc1nccc(-c2c(-c3cccc(F)c3)nc3sccn23)n1)c1ccc(Cl)cc1,CHEMBL4763823,7.547501654483586,7.547501654483586,2
O=S(=O)(NCCCNc1nccc(-c2c(-c3cccc(O)c3)nc3sccn23)n1)c1ccc(F)cc1,CHEMBL5595255,7.193279950670605,7.193279950670605,4
O=S(=O)(NCCCNc1nccc(-c2c(-c3cccc(O)c3)nc3sccn23)n1)c1cccc(F)c1,CHEMBL5086749,8.692762316954802,8.692762316954802,2
O=S(=O)(NCCCNc1nccc(-c2c(-c3cccc(O)c3)nc3sccn23)n1)c1ccccc1,CHEMBL5094173,7.6182860032185316,7.6182860032185316,2
O=S(=O)(NCCCNc1nccc(-c2c(-c3ccccc3)nc3sccn23)n1)c1ccc(F)cc1,CHEMBL5086379,6.8989575523895255,6.8989575523895255,2
O=S(=O)(NCCCNc1nccc(-n2ccc3cccnc32)n1)c1ccc(Br)cc1,CHEMBL4649497,6.455931955649724,6.455931955649724,1
O=S(=O)(NCCCNc1nccc(-n2ccc3cccnc32)n1)c1ccc(F)cc1,CHEMBL4646182,6.055517327849831,6.055517327849831,1
O=S(=O)(NCCCNc1nccc(-n2ccc3cccnc32)n1)c1cccc(Br)c1,CHEMBL4646680,6.301029995663981,6.301029995663981,1
O=S(=O)(NCCCNc1nccc(-n2ccc3cccnc32)n1)c1cccc(C(F)(F)F)c1,CHEMBL4645995,5.958607314841775,5.958607314841775,1
O=S(=O)(NCCCNc1nccc(-n2ccc3cccnc32)n1)c1ccccc1,CHEMBL4638623,6.1249387366083,6.1249387366083,1
O=S(=O)(NCCNc1cc(-c2[nH]c(-c3ccccc3)nc2-c2cccc(O)c2)ccn1)c1ccc(O)cc1,CHEMBL4779114,7.494850021680094,7.494850021680094,1
O=S(=O)(NCCNc1nccc(-c2c(-c3ccc(F)c(O)c3)nc3occn23)n1)c1ccc(Cl)cc1,CHEMBL5828688,9.431798275933005,9.431798275933005,1
O=S(=O)(NCCNc1nccc(-c2c(-c3ccc(F)c(O)c3)nc3occn23)n1)c1ccc(F)cc1,CHEMBL5907165,9.443697499232712,9.443697499232712,1
O=S(=O)(NCCNc1nccc(-c2c(-c3ccc(F)c(O)c3)nc3sccn23)n1)c1ccc(Cl)cc1,CHEMBL6005897,8.157390760389438,8.157390760389438,1
O=S(=O)(NCCNc1nccc(-c2c(-c3ccc(F)c(O)c3)nc3sccn23)n1)c1ccc(F)cc1,CHEMBL5969637,9.443697499232712,9.443697499232712,1
O=S(=O)(NCCNc1nccc(-c2c(-c3ccc(F)c(O)c3)nc3sccn23)n1)c1ccccc1,CHEMBL5795266,9.823908740944319,9.823908740944319,1
O=S(=O)(NCCNc1nccc(-c2c(-c3ccc(F)cc3)nc3sccn23)n1)c1ccc(O)cc1,CHEMBL4281099,7.721246399047171,7.721246399047171,1
O=S(=O)(NCCNc1nccc(-c2c(-c3ccc(O)cc3)nc3sccn23)n1)c1ccc(O)cc1,CHEMBL5076831,4.806380567513418,4.806380567513418,2
O=S(=O)(NCCNc1nccc(-c2c(-c3cccc(F)c3)nc3sccn23)n1)c1ccc(C(F)(F)F)cc1,CHEMBL4780320,7.36062777109257,7.36062777109257,2
O=S(=O)(NCCNc1nccc(-c2c(-c3cccc(O)c3)nc3sccn23)n1)c1ccc(F)cc1,CHEMBL5083036,8.784318117920506,8.676147754082672,6
O=S(=O)(NCCNc1nccc(-c2c(-c3cccc(O)c3)nc3sccn23)n1)c1ccccc1,CHEMBL5077573,7.588589177348448,7.588589177348448,2
O=S(=O)(NCCNc1nccc(-c2c(-c3ccccc3)nc3sccn23)n1)c1ccc(F)cc1,CHEMBL5090684,6.793245342449041,6.793245342449041,2
O=S(=O)(NCCNc1nccc(-c2c(-c3ccccc3)nc3sccn23)n1)c1ccc(O)cc1,CHEMBL5092007,7.1001574545454496,7.1001574545454496,2
O=S(=O)(Nc1cc(Br)c(O)c2ccccc12)c1cccs1,CHEMBL2030469,6.481685552318919,6.481685552318919,2
O=S(=O)(Nc1cc(Cl)c(O)c2ccccc12)c1cccs1,CHEMBL2030468,6.383501944803923,6.383501944803923,2
O=S(=O)(Nc1cc(F)cc(-c2[nH]c(C3CC3)nc2-c2ccncn2)c1Cl)c1c(F)cccc1F,CHEMBL3651690,9.0,9.0,1
O=S(=O)(Nc1cc(Sc2ccccc2)c(O)c2ccccc12)c1cccs1,CHEMBL2088019,6.3984835564926446,6.3984835564926446,2
O=S(=O)(Nc1cc(Sc2ccccn2)c(O)c2ccccc12)c1cccs1,CHEMBL2088018,6.588589177348448,6.588589177348448,2
O=S(=O)(Nc1cc(Sc2cnn[nH]2)c(O)c2ccccc12)c1cccs1,CHEMBL2088020,5.987675084410277,5.987675084410277,2
O=S(=O)(Nc1cc(Sc2ncc[nH]2)c(O)c2ccccc12)c1cccs1,CHEMBL2087793,6.84518491628705,6.84518491628705,2
O=S(=O)(Nc1cc(Sc2ncn[nH]2)c(O)c2ccccc12)c1c(F)c(F)c(F)c(F)c1F,CHEMBL2088026,6.256572322361528,6.256572322361528,2
O=S(=O)(Nc1cc(Sc2ncn[nH]2)c(O)c2ccccc12)c1c(F)ccc(N(Cc2ccccc2)Cc2ccccc2)c1F,CHEMBL2088025,5.340134752834888,5.340134752834888,2
O=S(=O)(Nc1cc(Sc2ncn[nH]2)c(O)c2ccccc12)c1ccc(-c2ccccc2)cc1,CHEMBL2030274,6.877243666092925,6.877243666092925,2
O=S(=O)(Nc1cc(Sc2ncn[nH]2)c(O)c2ccccc12)c1ccc(C(F)(F)F)cc1,CHEMBL2088022,6.699513552156626,6.699513552156626,2
O=S(=O)(Nc1cc(Sc2ncn[nH]2)c(O)c2ccccc12)c1ccc2ccccc2c1,CHEMBL2030281,6.610924374808178,6.610924374808178,2
O=S(=O)(Nc1cc(Sc2ncn[nH]2)c(O)c2ccccc12)c1cccs1,CHEMBL2030272,6.792513326014591,6.792513326014591,2
O=S(=O)(Nc1ccc(F)c(C#Cc2ccc3[nH]ncc3c2)c1F)c1cccnc1,CHEMBL3582389,5.3655227298392685,5.3655227298392685,1
O=S(=O)(Nc1ccc(F)c(C#Cc2cnc3[nH]ccc3c2)c1F)c1cccnc1,CHEMBL3582388,7.318758762624412,7.318758762624412,1
O=S(=O)(Nc1ccc(F)c(C#Cc2cnc3[nH]nc(-c4ccc(Cl)cc4)c3c2)c1F)c1cccnc1,CHEMBL3582399,7.6777807052660805,7.6777807052660805,1
O=S(=O)(Nc1ccc(F)c(C#Cc2cnc3[nH]nc(-c4ccc(F)cc4)c3c2)c1F)c1cccnc1,CHEMBL3582400,7.818194010053928,7.818194010053928,2
O=S(=O)(Nc1ccc(F)c(C#Cc2cnc3[nH]nc(-c4cccc(Cl)c4)c3c2)c1F)c1cccnc1,CHEMBL3582398,6.97061622231479,6.97061622231479,1
O=S(=O)(Nc1ccc(F)c(C#Cc2cnc3[nH]nc(-c4ccccc4)c3c2)c1F)c1cccnc1,CHEMBL3582395,7.795880017344075,7.795880017344075,1
O=S(=O)(Nc1ccc(F)c(C#Cc2cnc3[nH]nc(-c4ccccc4Cl)c3c2)c1F)c1cccnc1,CHEMBL3582397,6.882728704344236,6.882728704344236,1
O=S(=O)(Nc1ccc(F)c(C#Cc2cnc3[nH]nc(-c4ccncc4)c3c2)c1F)c1cccnc1,CHEMBL3582396,8.522878745280337,8.522878745280337,1
O=S(=O)(Nc1ccc(F)c(C#Cc2cnc3[nH]nc(C4CC4)c3c2)c1F)c1cccnc1,CHEMBL3582394,8.0,8.0,1
O=S(=O)(Nc1ccc(F)c(C#Cc2cnc3[nH]ncc3c2)c1F)c1ccc(F)cc1,CHEMBL3582385,6.0376306643299795,6.0376306643299795,1
O=S(=O)(Nc1ccc(F)c(C#Cc2cnc3[nH]ncc3c2)c1F)c1cccc(F)c1,CHEMBL3582384,7.167491087293763,7.167491087293763,1
O=S(=O)(Nc1ccc(F)c(C#Cc2cnc3[nH]ncc3c2)c1F)c1ccccc1,CHEMBL3582382,6.826813731587726,6.826813731587726,1
O=S(=O)(Nc1ccc(F)c(C#Cc2cnc3[nH]ncc3c2)c1F)c1ccccc1F,CHEMBL3582383,6.752026733638193,6.752026733638193,1
O=S(=O)(Nc1ccc(F)c(C#Cc2cnc3[nH]ncc3c2)c1F)c1ccccn1,CHEMBL3582386,6.226945306635738,6.226945306635738,1
O=S(=O)(Nc1ccc(F)c(C#Cc2cnc3[nH]ncc3c2)c1F)c1cccnc1,CHEMBL3582387,7.292429823902063,7.292429823902063,1
O=S(=O)(Nc1ccc(F)c(C#Cc2cnc3ccnn3c2)c1F)c1cccnc1,CHEMBL3582390,6.273272790973428,6.273272790973428,1
O=S(=O)(Nc1ccc(F)c(Nc2ccccc2-c2ncnc3[nH]cnc23)c1F)c1ccoc1,CHEMBL5269949,8.678273661756906,8.678273661756906,2
O=S(=O)(Nc1ccc(F)c(Nc2ncccc2-c2ncnc3[nH]cnc23)c1F)C1CC1,CHEMBL3799241,7.090228032229065,7.0824065261524005,4
O=S(=O)(Nc1ccc(F)c(Nc2ncccc2-c2ncnc3[nH]cnc23)c1F)C1CCC1,CHEMBL3798630,7.3872161432802645,7.707466106756908,3
O=S(=O)(Nc1ccc(F)c(Nc2ncccc2-c2ncnc3[nH]cnc23)c1F)C1CCCC1,CHEMBL3800364,7.958607314841775,8.111786008147957,3
O=S(=O)(Nc1ccc(F)c(Nc2ncccc2-c2ncnc3[nH]cnc23)c1F)C1CCCCC1,CHEMBL3799451,7.34518491628705,7.2803075267754105,4
O=S(=O)(Nc1ccc(F)c(Nc2ncccc2-c2ncnc3[nH]cnc23)c1F)C1CCOC1,CHEMBL3798235,7.585026652029182,7.798231651286296,3
O=S(=O)(Nc1ccc(F)c(Nc2ncccc2-c2ncnc3[nH]cnc23)c1F)C1CCOCC1,CHEMBL3798516,6.747146969020107,6.90144509240432,3
O=S(=O)(Nc1ccc(F)c(Nc2ncccc2-c2ncnc3[nH]cnc23)c1F)N1CCCC1,CHEMBL3799949,7.508638306165727,7.854718544671852,3
O=S(=O)(Nc1ccc(F)c(Nc2ncccc2-c2ncnc3[nH]cnc23)c1F)N1CCCCC1,CHEMBL3798505,7.42021640338319,7.477070595894884,3
O=S(=O)(Nc1ccc(F)c(Nc2ncccc2-c2ncnc3[nH]cnc23)c1F)N1CCNCC1,CHEMBL3799046,6.0,6.0,1
O=S(=O)(Nc1ccc(F)c(Nc2ncccc2-c2ncnc3[nH]cnc23)c1F)N1CCOCC1,CHEMBL3799996,6.762266103941986,6.65454929151972,4
O=S(=O)(Nc1ccc(F)c(Nc2ncccc2-c2ncnc3[nH]cnc23)c1F)N1CC[C@@H](O)C1,CHEMBL3797494,7.167491087293763,7.1986717278706065,3
O=S(=O)(Nc1ccc(F)c(Nc2ncccc2-c2ncnc3[nH]cnc23)c1F)N1CC[C@H](O)C1,CHEMBL3800002,6.913640169325252,7.218733867488479,3
O=S(=O)(Nc1ccc(F)c(Nc2ncccc2-c2ncnc3[nH]cnc23)c1F)c1cc2ccccc2o1,CHEMBL3954787,6.0798766737092755,6.0798766737092755,1
O=S(=O)(Nc1ccc(F)c(Nc2ncccc2-c2ncnc3[nH]cnc23)c1F)c1ccc(C(F)(F)F)cc1,CHEMBL3980569,7.522878745280337,7.522878745280337,1
O=S(=O)(Nc1ccc(F)c(Nc2ncccc2-c2ncnc3[nH]cnc23)c1F)c1ccc(Cl)c(Cl)c1,CHEMBL3980306,6.142667503568731,6.142667503568731,1
O=S(=O)(Nc1ccc(F)c(Nc2ncccc2-c2ncnc3[nH]cnc23)c1F)c1ccc(Cl)cc1F,CHEMBL3935693,7.4723700991286615,7.4723700991286615,1
O=S(=O)(Nc1ccc(F)c(Nc2ncccc2-c2ncnc3[nH]cnc23)c1F)c1ccc(Cl)s1,CHEMBL3925705,7.698970004336019,7.698970004336019,1
O=S(=O)(Nc1ccc(F)c(Nc2ncccc2-c2ncnc3[nH]cnc23)c1F)c1ccc(F)c(Cl)c1,CHEMBL3892867,6.522878745280337,6.522878745280337,1
O=S(=O)(Nc1ccc(F)c(Nc2ncccc2-c2ncnc3[nH]cnc23)c1F)c1ccc(F)cc1,CHEMBL3798423,7.080921907623926,7.046934680292069,3
O=S(=O)(Nc1ccc(F)c(Nc2ncccc2-c2ncnc3[nH]cnc23)c1F)c1ccc(F)cc1C(F)(F)F,CHEMBL3912288,6.376750709602099,6.376750709602099,1
O=S(=O)(Nc1ccc(F)c(Nc2ncccc2-c2ncnc3[nH]cnc23)c1F)c1ccc(OC(F)(F)F)cc1,CHEMBL3977844,6.214670164989233,6.214670164989233,1
O=S(=O)(Nc1ccc(F)c(Nc2ncccc2-c2ncnc3[nH]cnc23)c1F)c1cccc(C(F)(F)F)c1,CHEMBL3964313,8.05551732784983,8.05551732784983,1
O=S(=O)(Nc1ccc(F)c(Nc2ncccc2-c2ncnc3[nH]cnc23)c1F)c1cccc(Cl)c1,CHEMBL3958648,7.096910013008056,7.096910013008056,1
O=S(=O)(Nc1ccc(F)c(Nc2ncccc2-c2ncnc3[nH]cnc23)c1F)c1cccc(Cl)c1Cl,CHEMBL3921326,7.3979400086720375,7.3979400086720375,1
O=S(=O)(Nc1ccc(F)c(Nc2ncccc2-c2ncnc3[nH]cnc23)c1F)c1cccc(Cl)c1F,CHEMBL3958972,7.096910013008056,7.096910013008056,1
O=S(=O)(Nc1ccc(F)c(Nc2ncccc2-c2ncnc3[nH]cnc23)c1F)c1cccc(F)c1,CHEMBL3799014,8.397940008672037,8.248242498298898,3
O=S(=O)(Nc1ccc(F)c(Nc2ncccc2-c2ncnc3[nH]cnc23)c1F)c1cccc2c1OCC2,CHEMBL3936955,5.991399828238082,5.991399828238082,1
O=S(=O)(Nc1ccc(F)c(Nc2ncccc2-c2ncnc3[nH]cnc23)c1F)c1cccc2c1OCCC2,CHEMBL3935697,6.045757490560675,6.045757490560675,1
O=S(=O)(Nc1ccc(F)c(Nc2ncccc2-c2ncnc3[nH]cnc23)c1F)c1cccc2ccoc12,CHEMBL3968823,7.045757490560675,7.045757490560675,1
O=S(=O)(Nc1ccc(F)c(Nc2ncccc2-c2ncnc3[nH]cnc23)c1F)c1ccccc1,CHEMBL3798308,7.734260541478872,7.794066252900317,4
O=S(=O)(Nc1ccc(F)c(Nc2ncccc2-c2ncnc3[nH]cnc23)c1F)c1ccccc1Cl,CHEMBL3921943,7.522878745280337,7.522878745280337,1
O=S(=O)(Nc1ccc(F)c(Nc2ncccc2-c2ncnc3[nH]cnc23)c1F)c1ccccc1F,CHEMBL3800226,8.0,8.147899166410904,3
O=S(=O)(Nc1ccc(F)c(Nc2ncccc2-c2ncnc3[nH]cnc23)c1F)c1ccccn1,CHEMBL3799483,7.3872161432802645,7.2723411940615135,3
O=S(=O)(Nc1ccc(F)c(Nc2ncccc2-c2ncnc3[nH]cnc23)c1F)c1cccnc1,CHEMBL3798195,8.698970004336019,8.59948500216801,4
O=S(=O)(Nc1ccc(F)c(Nc2ncccc2-c2ncnc3[nH]cnc23)c1F)c1ccco1,CHEMBL3963766,9.0,9.0,1
O=S(=O)(Nc1ccc(F)c(Nc2ncccc2-c2ncnc3[nH]cnc23)c1F)c1cccs1,CHEMBL3798780,8.577450979992872,8.594187677400525,4
O=S(=O)(Nc1ccc(F)c(Nc2ncccc2-c2ncnc3[nH]cnc23)c1F)c1ccoc1,CHEMBL3354844,9.0,9.0,2
O=S(=O)(Nc1ccc(F)c(Nc2ncccc2-c2ncnc3[nH]cnc23)c1F)c1ccsc1,CHEMBL3982836,8.154901959985743,8.154901959985743,1
O=S(=O)(Nc1ccc(F)c(Nc2ncccc2-c2ncnc3[nH]cnc23)c1F)c1cn[nH]c1,CHEMBL3797403,9.0,8.973606251317458,3
O=S(=O)(Nc1ccc(F)c(Nc2ncccc2-c2ncnc3[nH]cnc23)c1F)c1nccs1,CHEMBL3800081,8.698970004336019,8.402536103500582,3
O=S(=O)(Nc1ccc(F)c(Nc2ncccc2-c2ncnc3[nH]cnc23)c1F)c1occc1C1OCCO1,CHEMBL3940852,6.657577319177793,6.657577319177793,1
O=S(=O)(Nc1ccc(O)c2ccccc12)c1cccs1,CHEMBL1342041,5.130213827774954,5.130213827774954,2
O=S(=O)(c1ccc(-c2cccnc2)s1)N1N=C(c2cccnc2)CC1c1ccccc1O,CHEMBL1782353,5.698970004336019,5.698970004336019,1
O=S(=O)(c1ccc(F)cc1)N1CCCC(Nc2nccc(-c3c(-c4ccc(F)cc4)nc4sccn34)n2)C1,CHEMBL4291732,7.638272163982407,7.638272163982407,1
O=S1(=O)CC2(OCCO2)c2cc3nccc(Nc4ccc5scnc5c4)c3cc21,CHEMBL4861646,5.865822892423234,5.865822892423234,1
O=S1(=O)N(CCNc2nccc(-c3c(-c4cccc(O)c4)nc4sccn34)n2)CCN1Cc1ccccc1,CHEMBL5092329,7.973965800033075,7.973965800033075,2
O=S1(=O)NCCCN1CCNc1nccc(-c2c(-c3cccc(O)c3)nc3sccn23)n1,CHEMBL5079502,8.151352192212187,8.151352192212187,2
O=S1(=O)NCCN1CCNc1nccc(-c2c(-c3cccc(O)c3)nc3sccn23)n1,CHEMBL5076688,8.240348575382285,8.240348575382285,2
O=[N+]([O-])c1cccc(-c2ccc3ncnc(Nc4cccc5[nH]ncc45)c3c2)c1,CHEMBL3661268,6.3199084873145885,6.3199084873145885,2
O=[N+]([O-])c1cccc(-c2nc3sccn3c2-c2ccnc(NCCCNS(=O)(=O)c3ccc(F)cc3)n2)c1,CHEMBL5207384,7.455931955649724,7.455931955649724,1
O=[N+]([O-])c1cccc(-c2nc3sccn3c2-c2ccnc(NCCCNS(=O)(=O)c3cccc(F)c3)n2)c1,CHEMBL5181518,7.6777807052660805,7.6777807052660805,1
O=[N+]([O-])c1ccccc1CS(=O)(=O)Nc1ccc(F)c(Nc2ncccc2-c2ncnc3[nH]cnc23)c1F,CHEMBL3968811,5.823908740944319,5.823908740944319,1
O=[SH](=O)Nc1ccc(-c2ccc3ncnc(Nc4cccc5[nH]ncc45)c3c2)cc1,CHEMBL3943985,6.4735444248794725,6.4735444248794725,2
O=c1[nH][nH]c(=O)c2cc(Nc3cccc(O)c3)c(Nc3cccc(O)c3)cc12,CHEMBL1922472,6.537602002101044,6.537602002101044,1
O=c1[nH][nH]c(=O)c2cc(Nc3cccc(O)c3)c(Nc3ccccc3)cc12,CHEMBL1922471,5.423658649794207,5.423658649794207,1
O=c1[nH]c2cccc(Oc3ccc(NS(=O)(=O)c4ccccc4)cc3)c2[nH]1,CHEMBL599860,6.070581074285707,6.070581074285707,1
O=c1[nH]c2cccc(Oc3cccc(NS(=O)(=O)CCc4ccccc4)c3)c2[nH]1,CHEMBL598835,4.026872146400302,4.026872146400302,1
O=c1[nH]c2cccc(Oc3cccc(NS(=O)(=O)Cc4cccc(C(F)(F)F)c4)c3)c2[nH]1,CHEMBL604705,4.749579997691106,4.749579997691106,1
O=c1[nH]c2cccc(Oc3cccc(NS(=O)(=O)Cc4cccc(OC(F)(F)F)c4)c3)c2[nH]1,CHEMBL603679,4.892790030352131,4.892790030352131,1
O=c1[nH]c2cccc(Oc3cccc(NS(=O)(=O)Cc4ccccc4)c3)c2[nH]1,CHEMBL598834,4.060480747381382,4.060480747381382,1
O=c1[nH]c2cccc(Oc3cccc(NS(=O)(=O)c4cc(C(F)(F)F)cc(Cl)c4F)c3)c2[nH]1,CHEMBL599441,5.197347476929445,5.197347476929445,2
O=c1[nH]c2cccc(Oc3cccc(NS(=O)(=O)c4cc(Cl)cc(C(F)(F)F)c4)c3)c2[nH]1,CHEMBL599440,5.391376504157304,5.391376504157304,2
O=c1[nH]c2cccc(Oc3cccc(NS(=O)(=O)c4ccc(C(F)(F)F)cc4)c3)c2[nH]1,CHEMBL596984,6.136677139879544,6.136677139879544,1
O=c1[nH]c2cccc(Oc3cccc(NS(=O)(=O)c4ccc(Cl)c(C(F)(F)F)c4)c3)c2[nH]1,CHEMBL596981,4.673973575875948,4.673973575875948,2
O=c1[nH]c2cccc(Oc3cccc(NS(=O)(=O)c4ccc(Cl)cc4)c3)c2[nH]1,CHEMBL592616,4.167491087293763,4.167491087293763,1
O=c1[nH]c2cccc(Oc3cccc(NS(=O)(=O)c4cccc(C(F)(F)F)c4)c3)c2[nH]1,CHEMBL598624,4.5283022117455225,4.5283022117455225,2
O=c1[nH]c2cccc(Oc3cccc(NS(=O)(=O)c4cccc(OC(F)(F)F)c4)c3)c2[nH]1,CHEMBL603252,4.486896851458441,4.486896851458441,2
O=c1[nH]c2cccc(Oc3cccc(NS(=O)(=O)c4cccc5ccccc45)c3)c2[nH]1,CHEMBL599852,4.636840193944613,4.636840193944613,2
O=c1[nH]c2cccc(Oc3cccc(NS(=O)(=O)c4ccccc4)c3)c2[nH]1,CHEMBL603161,5.154300100450503,5.154300100450503,2
O=c1[nH]c2nccc(Oc3ccc(NC(=S)Nc4ccc(Cl)c(C(F)(F)F)c4)cc3)c2[nH]1,CHEMBL489228,7.070581074285707,7.070581074285707,1
O=c1[nH]c2nccc(Oc3ccc(NS(=O)(=O)c4ccccc4)cc3)c2[nH]1,CHEMBL522263,6.070581074285707,6.070581074285707,1
O=c1[nH]c2nccc(Oc3ccc(NS(=O)(=O)c4ccccc4F)cc3)c2[nH]1,CHEMBL520818,4.488116639021126,4.488116639021126,1
O=c1[nH]c2nccc(Oc3ccc(NS(=O)(=O)c4cccs4)cc3)c2[nH]1,CHEMBL485301,4.913640169325252,4.913640169325252,1
O=c1c(O)c(-c2cc(O)c(O)c(O)c2)oc2cc(O)cc(O)c12,CHEMBL164,5.806318970458719,5.806318970458719,1
O=c1c(O)c(-c2ccc(O)c(O)c2)oc2cc(O)cc(O)c12,CHEMBL50,5.119815447173567,5.119815447173567,1
O=c1oc2c(O)c(O)cc3c(=O)oc4c(O)c(O)cc1c4c23,CHEMBL6246,5.75448733218585,5.75448733218585,1
O=c1oc2ccccc2c(N2CCN(C(c3ccc(F)cc3)c3ccc(F)cc3)CC2)c1CO,CHEMBL3940050,6.167491087293763,6.167491087293763,1
O=c1oc2ccccc2c(N2CCN(C(c3ccccc3)c3ccc(Cl)cc3)CC2)c1CO,CHEMBL3957916,6.036212172654444,6.036212172654444,1
O=c1oc2ccccc2c(N2CCN(C(c3ccccc3)c3ccccc3)CC2)c1CO,CHEMBL3977856,6.431798275933005,6.431798275933005,1
O=c1oc2ccccc2c(N2CCN(c3ccc(Cl)c(Cl)c3)CC2)c1CO,CHEMBL3956846,5.59176003468815,5.59176003468815,1
O=c1oc2ccccc2c(N2CCN(c3ccc(F)cc3)CC2)c1CO,CHEMBL3957654,4.749336080536756,4.749336080536756,1
O=c1oc2ccccc2c(N2CCN(c3cccc(C(F)(F)F)c3)CC2)c1CO,CHEMBL3948192,4.6156465858624935,4.6156465858624935,1
O=c1oc2ccccc2c(N2CCN(c3cccc(Cl)c3)CC2)c1CO,CHEMBL3967878,4.475084852460133,4.475084852460133,1
O=c1oc2ccccc2c(N2CCN(c3cccc(Cl)c3Cl)CC2)c1CO,CHEMBL3977424,5.485452247339714,5.485452247339714,1
O=c1oc2ccccc2c(N2CCN(c3ccccc3)CC2)c1CO,CHEMBL3941249,5.049148541111453,5.049148541111453,1
O=c1oc2ccccc2c(N2CCN(c3ccccc3F)CC2)c1CO,CHEMBL3896376,4.657379957446652,4.657379957446652,1
OC1CCN(c2cc(-c3cnc4ccc(N5CCC[C@@H]5c5cccc(F)c5)nn34)ccn2)CC1,CHEMBL3582442,5.229147988357855,5.229147988357855,1
OCC(CO)n1cc(-c2ccc3c(c2)CC/C3=N\O)c(-c2ccncc2)n1,CHEMBL498487,9.2518119729938,9.2518119729938,1
OCC(O)Cn1cc(-c2ccc3c(c2)CC/C3=N\O)c(-c2ccncc2)n1,CHEMBL498317,9.060480747381382,9.060480747381382,1
OCC1(Nc2nc(Cl)cc(N3CCOCC3)n2)CCOCC1,CHEMBL5877943,7.509339913370447,7.509339913370447,2
OCCCc1n[nH]c2c(Cl)ccc(Nc3c(-c4ncccn4)oc4cnccc34)c12,CHEMBL1667924,9.096910013008056,9.096910013008056,1
OCCCn1cc(-c2ccc3c(c2)CC/C3=N\O)c(-c2ccncc2)n1,CHEMBL527029,10.301029995663981,10.301029995663981,1
OCCN1C2CCC1CC(c1ccnc3c(-c4cccc5[nH]ncc45)c(-c4ccncc4)nn13)C2,CHEMBL570443,7.642065152999546,7.642065152999546,1
OCCn1cc(-c2ccc3c(c2)CC/C3=N/O)c(-c2ccncc2)n1,CHEMBL5287468,9.1249387366083,8.77519939571824,3
OCCn1cc(-c2ccc3c(c2)CC/C3=N\O)c(-c2ccncc2)n1,CHEMBL525191,9.886056647693163,9.847221458002684,3
OCCn1cc(-c2ccc3c(c2)CCC3=NO)c(-c2ccncc2)n1,CHEMBL2139930,9.886056647693163,8.990924248644248,3
OCc1cccc(-c2[nH]c(-c3ccccc3)nc2-c2ccncc2)c1,CHEMBL200259,5.79997073344623,5.79997073344623,1
OCc1cccc(-c2ccc3ncnc(Nc4cccc5[nH]ncc45)c3c2)c1,CHEMBL3661270,6.3125717759705715,6.3125717759705715,2
O[C@@H]1CCC[C@H](n2cc(-c3ccc4c(c3)Cc3c[nH]nc3-4)c(-c3ccncc3)n2)C1,CHEMBL1780173,7.457890656630381,7.457890656630381,2
O[C@@H]1CNCC[C@H]1n1cc(-c2ccc3c(c2)Cc2c[nH]nc2-3)c(-c2ccncc2)n1,CHEMBL1780175,6.811092895199858,6.811092895199858,2
Oc1c(C(Nc2ccccn2)c2ccco2)cc(Cl)c2cccnc12,CHEMBL581146,6.247425010840047,6.247425010840047,2
Oc1c(C(Nc2cccnc2)c2ccsc2)ccc2cccnc12,CHEMBL2087791,5.8979400086720375,5.8979400086720375,2
Oc1c(F)ccc(Nc2ncnc3ccc(-c4ccc(Cl)cc4)cc23)c1F,CHEMBL3665865,6.742782576008723,6.742782576008723,2
Oc1c(F)ccc(Nc2ncnc3ccc(-c4ccc5[nH]ncc5c4)cc23)c1F,CHEMBL3665864,8.483288122256525,8.483288122256525,2
Oc1cc(-c2[nH]c(-c3cccnc3)nc2-c2ccncc2)ccc1Cl,CHEMBL381250,8.221848749616356,8.221848749616356,1
Oc1cc(-c2[nH]c(-c3ccco3)nc2-c2ccncc2)ccc1Cl,CHEMBL371952,7.886056647693163,7.886056647693163,1
Oc1cc(-c2[nH]cnc2-c2ccncc2)ccc1Cl,CHEMBL200118,7.481486060122112,7.481486060122112,1
Oc1cc(-c2c(-c3ccncc3)nn3c(C4CC5CCC(C4)N5)ccnc23)ccc1Cl,CHEMBL569081,9.397940008672037,9.397940008672037,1
Oc1cc(-c2nc(-c3ccccc3)[nH]c2-c2ccncc2)ccc1Cl,CHEMBL373011,8.0,8.0,2
Oc1cc(Nc2c(-c3ncccn3)oc3cnccc23)ccc1Cl,CHEMBL1614963,8.853871964321762,8.853871964321762,1
Oc1cc(Nc2ncnc3ccc(-c4ccc(Cl)cc4)cc23)c(F)cc1F,CHEMBL3665861,7.885928196201129,7.885928196201129,2
Oc1ccc(-c2[nH]c(-c3ccccc3)nc2-c2ccncc2)cc1,CHEMBL68215,6.4698003017969175,6.4698003017969175,1
Oc1ccc(-c2ccc3nccc(Nc4cccc5[nH]ncc45)c3c2)cc1,CHEMBL3661298,6.72921611877678,6.72921611877678,2
Oc1ccc(-c2ccc3ncnc(Nc4cccc(O)c4)c3c2)cc1,CHEMBL3661241,7.354621083509193,7.354621083509193,2
Oc1ccc(-c2ccc3ncnc(Nc4cccc5[nH]ncc45)c3c2)cc1,CHEMBL3661304,6.303750862379893,6.303750862379893,2
Oc1ccc(-c2ccc3ncnc(Nc4ccccc4)c3c2)cc1,CHEMBL3661202,5.355966872210448,5.355966872210448,2
Oc1cccc(-c2c(-c3ccncc3)nn3c(-c4ccc(N5C[C@@H]6C[C@H]5CN6)cc4)ccnc23)c1,CHEMBL1087000,9.309803919971486,9.309803919971486,1
Oc1cccc(-c2c(-c3ccncc3)nn3c(-c4ccc(NCC56CCN(CC5)CC6)cc4)ccnc23)c1,CHEMBL1088289,8.698970004336019,8.698970004336019,1
Oc1cccc(-c2c(-c3ccncc3)nn3c(-c4ccc(N[C@@H]5CN6CCC5CC6)cc4)ccnc23)c1,CHEMBL1087510,8.823908740944319,8.823908740944319,1
Oc1cccc(-c2c(-c3ccncc3)nn3c(-c4ccc(N[C@H]5CN6CCC5CC6)cc4)ccnc23)c1,CHEMBL1086871,9.0,9.0,1
Oc1cccc(-c2c(-c3ccncc3)nn3c(C4CC5CCC(C4)N5)ccnc23)c1,CHEMBL583025,8.397940008672037,8.397940008672037,1
Oc1cccc(-c2ccc3nccc(Nc4cccc5[nH]ncc45)c3c2)c1,CHEMBL3661313,6.541562350367727,6.541562350367727,2
Oc1cccc(-c2ccc3ncnc(Nc4cccc5[nH]ncc45)c3c2)c1,CHEMBL3661310,6.545557324834036,6.545557324834036,2
Oc1cccc(Nc2ncnc3ccc(-c4cccc(O)c4)cc23)c1,CHEMBL3661242,7.422014843920804,7.422014843920804,2
Oc1cccc(Nc2ncnc3ccc(-c4ccccc4)cc23)c1,CHEMBL3661305,6.685356377302391,6.685356377302391,2
Oc1cccc2cc(Nc3c(-c4ncccn4)oc4cnccc34)ccc12,CHEMBL1667910,9.0,9.0,1
S=C(Nc1ccc(Cl)cc1)N1CCN(c2nnc(Cc3ccccc3)c3ccccc23)CC1,CHEMBL5418073,5.301725423325633,5.301725423325633,1
S=C(Nc1cccc(Cl)c1)N1CCN(c2nnc(Cc3ccccc3)c3ccccc23)CC1,CHEMBL5426122,5.937042165915489,5.937042165915489,1
S=C(Nc1ccccc1)N1CCN(c2nnc(Cc3ccccc3)c3ccccc23)CC1,CHEMBL5407116,5.057793457722905,5.057793457722905,1
S=C(Nc1ccccc1)N1N=C(c2ccc(Br)cc2)CC1c1ccc2c(c1)OCCO2,CHEMBL4290513,4.728158393463501,4.728158393463501,1
S=C(Nc1ccccc1)N1N=C(c2ccc(Cl)c(Cl)c2)CC1c1ccc2c(c1)OCCO2,CHEMBL4281642,4.405607449624573,4.405607449624573,1
S=C(Nc1ccccc1)N1N=C(c2ccc(OCc3ccccc3)cc2)CC1c1ccc2c(c1)OCCO2,CHEMBL4294787,5.281498311132726,5.281498311132726,1
S=C(Nc1ccccc1)N1N=C(c2cccc(Cl)c2)CC1c1ccc2c(c1)OCCO2,CHEMBL4285067,4.018181392829336,4.018181392829336,1
S=C(Nc1ccccc1)N1N=C(c2ccccc2)CC1c1ccc2c(c1)OCCO2,CHEMBL4279170,4.671620396561262,4.671620396561262,1
S=C(Nc1ccccc1)N1N=C(c2ccccc2Br)CC1c1ccc2c(c1)OCCO2,CHEMBL4288433,3.9065783148377653,3.9065783148377653,1
S=C(Nc1ccccc1)N1N=C(c2cccs2)CC1c1ccc2c(c1)OCCO2,CHEMBL4286889,5.283162276700475,5.283162276700475,1
[C-]#[N+]C(C)(C)c1cccc(NC(=O)c2ccc(C)c(Nc3ncnc4ccc(N5CCOCC5)nc34)c2)c1,CHEMBL3659910,8.154901959985743,8.154901959985743,1
[C-]#[N+]c1ccc(-c2ccc3ncnc(Nc4cccc5[nH]ncc45)c3c2)cc1,CHEMBL3661264,6.5640067570994916,6.5640067570994916,2
c1cc(-c2[nH]c(C3CCNCC3)nc2-c2ccc3c(c2)Cc2cn[nH]c2-3)ccn1,CHEMBL1254230,5.5929761395022,5.5929761395022,2
c1cc(-c2c(-c3ccncc3)nn3c(-c4ccc(CN5C[C@@H]6C[C@H]5CN6)cc4)ccnc23)c2cn[nH]c2c1,CHEMBL1276191,8.638272163982407,8.638272163982407,1
c1cc(-c2c(-c3ccncc3)nn3c(-c4ccc(CN5C[C@@H]6C[C@H]5CO6)cc4)ccnc23)c2cn[nH]c2c1,CHEMBL1277056,8.0,8.0,1
c1cc(-c2ccc3nc(Nc4ccc(OCCN5CCCC5)cc4)ncc3c2)ccn1,CHEMBL2335884,6.995678626217357,6.844643348928745,4
c1cc(-c2nn(C3CC4CCC(C3)N4)cc2-c2ccc3c(c2)Cc2c[nH]nc2-3)ccn1,CHEMBL1780167,7.912911926503882,7.912911926503882,2
c1cc(-c2nn(C3CC4COCC(C3)N4)cc2-c2ccc3c(c2)Cc2c[nH]nc2-3)ccn1,CHEMBL1780176,7.254669673321931,7.254669673321931,2
c1cc(-c2nn(C3CCCNC3)cc2-c2ccc3c(c2)Cc2c[nH]nc2-3)ccn1,CHEMBL1780168,7.104410913019807,7.104410913019807,2
c1cc(-c2nn(C3CCCNCC3)cc2-c2ccc3c(c2)Cc2c[nH]nc2-3)ccn1,CHEMBL1780169,7.153664650421815,7.153664650421815,2
c1cc(-c2nn(C3CCNCC3)cc2-c2ccc3c(c2)Cc2c[nH]nc2-3)ccn1,CHEMBL1780165,7.580575454631372,7.580575454631372,2
c1cc(Nc2ncnc3ccc(-c4ccc5[nH]ncc5c4)cc23)c2cn[nH]c2c1,CHEMBL3661315,6.676165655586062,6.676165655586062,2
c1cc(Nc2ncnc3ccc(-c4ccc5c(c4)OCO5)cc23)c2cn[nH]c2c1,CHEMBL3661272,6.821823555106901,6.821823555106901,2
c1ccc(-c2ccc3ncnc(Nc4cccc5[nH]ncc45)c3c2)cc1,CHEMBL3661262,6.619126151705655,6.619126151705655,2
c1ccc(-n2cc(-c3ccc4c(c3)Cc3c[nH]nc3-4)c(-c3ccncc3)n2)cc1,CHEMBL1780174,6.84828100752038,6.84828100752038,2
c1ccc(COc2cccc(-c3nc4sccn4c3-c3ccncn3)c2)cc1,CHEMBL4866102,5.899711536622576,5.899711536622576,2
c1cnc(-c2oc3cnccc3c2Nc2ccc3c(c2)Cc2c[nH]nc2-3)nc1,CHEMBL1667902,8.397940008672037,8.397940008672037,1
c1cnc(-c2oc3cnccc3c2Nc2cccc3[nH]ncc23)nc1,CHEMBL1667915,7.853871964321762,7.853871964321762,1
